Encoded SMILES,log P,Ligand coordination bulkiness (Å$^3$)
OC1O->[Ir]<-OC1O,1.7084,6.710018840257114
OC1=O->[Ir]<-N=C1,-0.2794299999999999,8.808950402442093
OC1=N->[Ir]<-O=C1,-0.2794300000000001,8.933738651432886
OC1=C(O)O->[Ir]<-O1,0.345,3.927133235854204
NC1=O->[Ir]<-N=C1O,-0.99303,10.308164493427395
CN1->[Ir]<-O=CC=1O,-0.2284,11.022093518350779
O=C(S)[SH]1->[Ir]<-S=CC=1,1.3036,5.890699853781306
OC1=O->[Ir]<-n2ccsc21,0.8412999999999999,15.49677703219425
O=C1C=CC2=N->[Ir]<-N=C12,-1.1186600000000002,11.282246711599447
PC1=C(S)N->[Ir]<-S1,1.3737,4.051921484844995
ON1->[Ir]<-N=CCC=1,0.48607,9.183315149414469
SC1S->[Ir]<-SC1S,1.3577999999999997,4.176709733835787
C=C1C=N->[Ir]<-N=C1,0.8417399999999999,7.854266471708408
CS1->[Ir]<-NC=C1,0.7793000000000001,6.26506460075368
FC1(F)S->[Ir]<-SC1(S)S,1.9522,3.927133235854204
O=C1NN=CC2=S->[Ir]<-NN12,-0.98531,5.4263473268395055
CC1=C(S)N->[Ir]<-S1,0.9937,4.051921484844995
Clc1cccc2n1->[Ir]<-N=N2,1.6166999999999998,12.317108275642948
CC1=C(S)S->[Ir]<-N1,-2.2848,4.051921484844995
On12->[Ir]<-N=Cc1cnc2,0.11807,12.396519360345287
Clc1ccc2n(->[Ir]<-N=N2)c1,2.39747,12.441896524633739
CC1=O->[Ir]<-n2cscc21,1.3457,17.845285092360815
Clc1ccn2->[Ir]<-Nc2c1,1.3172,9.568256591653928
Brc1ccn2->[Ir]<-O=Cc2c1,1.6565999999999996,13.121025080535757
ClC1=O->[Ir]<-n2ccccc21,1.4606,12.996236831544966
[Be]1->[Ir]<-n2ccccc2NC=1,1.0390899999999998,9.0139162847427
Cc1non2->[Ir]<-N=Cc12,0.3756899999999999,12.146942862363707
c1cn2->[Ir]<-NCc2s1,0.6018,14.666881350451357
Brc1cccn2->[Ir]<-N=Nc12,2.50657,12.441896524633739
NCN1->[Ir]<-S=CN1,-1.046,5.925500322802671
ON1->[Ir]<-N(O)CC1,-1.056,7.084383587229488
CC1=N2->[Ir]<-S=C2NC=C1,1.4476099999999998,10.693105935666855
CN1(C)->[Ir]<-S=CN1,0.0098,8.138643438711355
CC1C=N->[Ir]<-N=C1,0.92164,7.854266471708408
CC1=N->[Ir]<-N=C1C,1.06574,11.407034960590238
NC(=O)COC1=S->[Ir]<-S=C1,-0.1845999999999996,3.8023449868634125
CSC1=S->[Ir]<-S=C1SC,2.3672000000000004,3.6775567378726213
c1cc2n(->[Ir]<-NC2)[nH]1,-0.1316000000000001,11.317047180620811
CSC1=S->[Ir]<-n2cc(F)sc21,2.3207000000000004,12.32894998555188
c1cc2c(cn1)O->[Ir]<-N2,0.3694,4.051921484844995
CS1->[Ir]<-NC(P)=C1,0.9821,6.26506460075368
Nc1cn2->[Ir]<-N(O)=Cc2s1,0.5334000000000001,15.621565281185042
FC1=O->[Ir]<-N2=C1C(F)=C(F)CC2,1.4778,13.896759704930762
[SeH]C1=N->[Ir]<-n2ccccc21,0.30777,13.121025080535757
CNC1=S->[Ir]<-S=C1SC,1.2236,3.6775567378726213
CC1(O)C=N->[Ir]<-N=C1,0.0365399999999999,7.854266471708408
C1CC2N->[Ir]<-O=C2N1,-1.1664,7.389913944766607
CC1=O->[Ir]<-O=CC1C,0.4104,9.568256591653928
P=N1->[Ir]<-Pc2ccncc21,1.5398999999999994,12.73613809256896
O=N1->[Ir]<-n2ccccc2C1,1.348,14.450073758241816
FC1=CC2=N(->[Ir]<-O=C2F)C(F)C1,1.4762000000000002,14.547706080334978
SC1=N->[Ir]<-n2ccccc21,1.3367699999999998,13.121025080535757
CC1=N(C)->[Ir]<-N(O)=C1,0.5371000000000001,12.86087188728709
C[S+]1([O-])->[Ir]<-SCC1S,0.5506,7.59411327845974
C=C1C=N->[Ir]<-N=C1C,1.23184,9.693044840644719
Nc1cccc2n1->[Ir]<-N2,0.2459999999999998,10.942682433648438
NC1N->[Ir]<-NC1[SeH],-2.5845,4.42628623181737
FC1=O->[Ir]<-N2=C1C(Cl)=CC(F)C2,1.3979,13.896759704930762
C#CC1=O->[Ir]<-n2ccccc21,0.8975,14.835015200481276
CCC1=N(O)->[Ir]<-NO1,0.0744000000000001,7.6647027709908
SC1S->[Ir]<-n2cccnc21,1.334799999999999,11.067470682639229
CC1=N->[Ir]<-n2cc[nH]c21,0.7974699999999999,14.620239171521058
CNC(=O)NC1=S->[Ir]<-S=C1,0.2424999999999999,5.00660541557868
CC1=CS(C)->[Ir]<-N1,1.1694,6.140276351762889
C1=[NH+][O-]->[Ir]<-n2ccccc21,-0.9211000000000004,10.942682433648438
SC1S->[Ir]<-n2ccccc21,1.9398,11.407034960590238
O=C(O)c1ccn2->[Ir]<-N=Nc2c1,1.4422700000000002,12.441896524633739
O=C1C=NN2(->[Ir]<-S=CN2)CN1,-1.1767000000000003,9.0139162847427
CN(C)C(=[NH2+])C1=S->[Ir]<-[S-]1,-1.4200999999999993,3.6775567378726213
[SeH]C1[SeH]->[Ir]<-[SeH]C2([SeH])CC12,-1.5283000000000002,4.051921484844995
Cc1cccn2->[Ir]<-O=Cc12,1.20252,13.121025080535757
NN1->[Ir]<-n2ccccc2C=1,0.3742000000000002,14.86981566950264
CN1->[Ir]<-n2c(F)cccc2N=1,1.9342,15.181197766955846
CN1(C)->[Ir]<-O=CC1O,-0.9347,13.235236634259461
CNN1->[Ir]<-N(C)=NC=1C#N,0.12488,12.351908744664312
O=CS1->[Ir]<-Nc2cnccc21,0.9461000000000002,5.890699853781306
SC1=[Be]->[Ir]<-SC2NC=CC=C12,1.25419,10.61495986560636
FC(F)(F)S1->[Ir]<-S(C(F)(F)F)CC1,3.492400000000001,7.854266471708408
ON1->[Ir]<-Nc2cnccc21,0.4649,5.380970162551054
CC1=N->[Ir]<-PC2=C1OPO2,1.6255700000000002,7.854266471708408
CN1->[Ir]<-n2c(c[nH]c2N)N=1,0.7054,15.565112955595133
Cc1ccc2n(->[Ir]<-O=C2)c1,1.20252,13.121025080535757
Cc1ccn2->[Ir]<-O=Cc2c1,1.20252,13.121025080535757
FC(F)(F)c1ccn2->[Ir]<-N=Nc2c1,2.7628700000000004,12.441896524633739
O=C(O)S1->[Ir]<-S(C(=O)O)CC1,1.8088,7.854266471708408
CN1(C)->[Ir]<-N=CC1=N,0.17484,10.192197836607884
Cn12->[Ir]<-N=Nc1ncc2N,0.6647700000000001,10.852694653679011
Brc1ccn2->[Ir]<-NCc2c1,1.3028,11.65661145857182
Clc1ccn2->[Ir]<-NCc2c1,1.1937,11.65661145857182
Cn1c2c(n(C)c1=O)=S->[Ir]<-S=2,0.6384000000000001,3.6775567378726213
CN1(C)->[Ir]<-N=CC1,0.19757,12.280552703525778
[SeH]C12C[SeH]->[Ir]<-[SeH]C1([SeH])C2,-1.3135000000000003,4.176709733835787
PC1=N->[Ir]<-n2ccccc21,1.2820699999999996,13.121025080535757
Cc1ccn2->[Ir]<-N=Nc2c1,2.05249,12.441896524633739
Brc1cccc2c1N->[Ir]<-N2,1.6135,4.176709733835787
FC(F)(F)c1cccn2->[Ir]<-N=Nc12,2.7628700000000004,12.441896524633739
C1=NCN2->[Ir]<-N3=CC=NC3=C12,-0.0578,14.530251391551632
Brc1cccc2c1S->[Ir]<-PO2,2.9067000000000003,3.417403544623953
CC1(N)C=N->[Ir]<-N=C1,0.00294,7.854266471708408
CN1(C)->[Ir]<-[Be]=CC(=N)C1,0.1558599999999999,9.977421807647666
CP1(C)->[Ir]<-NC=C1,1.1578,8.478207716662364
CC=C1C=N(O)->[Ir]<-O1C,0.9966,9.183315149414469
C=C1ON(=O)->[Ir]<-N1=C(C)C,0.4558000000000002,14.645451499763668
CC1=N->[Ir]<-N(C)=C1C,1.11677,13.49538982750813
CC1=N->[Ir]<-N(C)(C)O1,0.4767699999999999,10.637152076111319
Cc1ccc2c(c1)S->[Ir]<-S2,2.572420000000001,3.927133235854204
CC1(C)C=N->[Ir]<-N=C1,1.31174,7.854266471708408
CS1->[Ir]<-SC(S)C1C(F)(F)F,2.466,6.26506460075368
NC12CNCC1=O->[Ir]<-N2,-2.2276,7.604689973726825
CSC1=O->[Ir]<-n2ccccc21,1.5848,12.996236831544966
ON1->[Ir]<-n2ccccc2C1,0.5604000000000001,12.860871887287088
CS1->[Ir]<-S(C)C(C#N)=C1N,1.36378,8.10384296968999
C1=CCC2(C=O->[Ir]<-O=C2)N=C1,0.1537,7.604689973726825
CCS1->[Ir]<-SC(S)C1,1.9252,6.26506460075368
C=N1->[Ir]<-O=c2c(Cl)cccc2=C1,1.8325,11.407034960590238
CC1(C)CN->[Ir]<-O1,-0.2839999999999999,6.140276351762889
CC1=N->[Ir]<-N=CC1C,1.31174,9.693044840644719
Oc1ccc2c(c1)S->[Ir]<-PO2,1.8498000000000003,3.417403544623953
Cn1nc2n(->[Ir]<-n-23ccnc3)n1,-0.6042000000000003,15.440324706604342
CN1->[Ir]<-n2ccc(Br)cc2C=1,1.8928,15.334168196444441
CC1=N(C)->[Ir]<-N(C)=C1,0.7777000000000001,13.744966325489713
CN1->[Ir]<-S(C)CC1,0.5688,8.727784214643947
[SeH]C1N->[Ir]<-n2ccccc21,-0.0602999999999999,11.53182320958103
CNC1=[SH](CS)->[Ir]<-S=C1,0.6881999999999999,6.015488102772097
Cc1cncn2->[Ir]<-PNc12,0.9870199999999998,10.513130375728002
Cn12->[Ir]<-PNc1ccc2,1.2270999999999996,11.566623678602394
CCN1(C)->[Ir]<-S=CN1,0.3999000000000001,7.889066940729773
SC1N->[Ir]<-n2ccccc21,0.9687,11.53182320958103
CN1C=NC2(NC=[Be]->[Ir]<-N2)C1=O,-1.76561,5.336359546870079
CC1=N->[Ir]<-n2ccccc21,1.4693699999999998,14.959803449472068
C1=N->[Ir]<-Nc2ccccc21,1.26647,6.015488102772097
Cc1cccn2->[Ir]<-O=C(O)c12,1.08822,14.325285509251026
c1ccn2->[Ir]<-n3cscc3-c2c1,2.2051,21.647630079224225
CC(C)=NC1=N->[Ir]<-N=C1,1.09404,9.228692313702918
Cc1ccc2n(->[Ir]<-O=C2O)c1,1.08822,14.325285509251026
C#CCN1->[Ir]<-NCC1,-0.8320999999999998,8.478207716662364
FC(F)(F)S1->[Ir]<-Nc2cnccc21,2.2757000000000005,5.765911604790515
O=C(O)CN1->[Ir]<-N(O)=CC1,-0.8794000000000002,9.43289164739605
CN1->[Ir]<-Oc2cccnc21,0.8289,6.26506460075368
CN1->[Ir]<-O(C)CC1,-0.1478000000000001,10.566562583580259
Oc1cccc2c1N->[Ir]<-N2,0.5566,4.301497982826578
OCC1=O->[Ir]<-n2ccccc21,0.2565999999999999,14.835015200481276
CN1->[Ir]<-n2ccccc2C=1,1.1303,15.334168196444441
c1cnc2n(->[Ir]<-n3[nH]ccc3-2)c1,0.8666999999999998,17.958231631442672
O=[SH](=O)C=N1->[Ir]<-n2ccccc21,0.3528,11.282246711599447
CC1=[Be]->[Ir]<-n2ccccc2N1,1.55219,11.317047180620811
NC1NC2=S->[Ir]<-S=C2NC1N,-1.5963999999999992,3.6775567378726213
C[S+]1([O-])->[Ir]<-NCC1C(=O)O,-1.2231999999999987,7.718901527450531
CC1=C(C)S(C)->[Ir]<-N1,1.5595,6.140276351762889
C=C1C=N->[Ir]<-n2c(N)c[nH]c21,-1.5359999999999994,14.28067489357005
CN1->[Ir]<-Nc2ncccc21,0.7055,6.26506460075368
CN1(C)->[Ir]<-SCC1S,0.7336999999999998,8.602995965653156
NC1N->[Ir]<-n2ccccc21,-0.0024000000000003,13.03103730056633
OC1=O->[Ir]<-N=C1c1ccccc1,1.13907,10.772517020369195
OC1=N->[Ir]<-O=C1c1ccccc1,1.40457,10.772517020369195
CCN1CCC2=S->[Ir]<-S=C21,1.4093,3.8023449868634125
OC1C2=S->[Ir]<-S=C2c2ccccc21,1.8215,3.6775567378726213
c1ccn2->[Ir]<-n3c[nH]cc3-c2c1,1.4716999999999991,18.29779590939368
NCC1=O->[Ir]<-n2ccccc21,0.2229999999999998,14.959803449472068
c1ccc2c(c1)CN->[Ir]<-O2,0.8509,4.301497982826578
O=C(O)CN1->[Ir]<-NCC1,-1.3806999999999996,8.478207716662364
PC1N->[Ir]<-n2ccccc21,0.914,11.53182320958103
ClC1NC=O->[Ir]<-n2ccccc21,1.065,17.226638478225706
CN1(C)->[Ir]<-[Be]=CNC(=N)C1,-0.3395400000000002,10.102210056638457
CC1(CO)CN->[Ir]<-O1,-1.3116,4.42628623181737
FC(F)(F)[N+]1=Cc2ccccn2->[Ir]<-[O-]1,1.5306,10.817894184657646
SC1N->[Ir]<-Sc2cccnc21,1.2574,4.176709733835787
C[Se]1->[Ir]<-[SeH]C(N)C(Br)C1,0.1061,6.3898528497444715
CN1C=[Be]->[Ir]<-[Be]=C(N(C)C)N1,-0.4737199999999999,10.26355387774642
CO1->[Ir]<-Pc2ccccc21,1.1955999999999998,6.140276351762889
[O-][n+]12->[Ir]<-NC(O)c1cccc2,-0.7303999999999999,13.940344067011567
CC(=O)c1ccc2n(->[Ir]<-N=N2)c1,1.94667,12.441896524633739
[NH3+]C1=[NH+][O-]->[Ir]<-n2ccccc21,-2.351499999999999,10.942682433648438
CC1(CO)CO->[Ir]<-N1,-1.3116,4.42628623181737
CCS1->[Ir]<-NC=C1C,1.5595,6.140276351762889
O=N1->[Ir]<-NC2C=CC=CC21O,-0.1053,13.555402624772107
CO1->[Ir]<-n2ccccc2C1,1.228,15.458956445435232
CCS1->[Ir]<-NC(C)=C1,1.5595,6.140276351762889
SC1S->[Ir]<-Nc2ccncc21,1.5219999999999998,4.176709733835787
O=C(O)C1S->[Ir]<-NCC1S,-0.3735,4.42628623181737
CN1->[Ir]<-O=C2C=1C=CCC2Cl,1.1936,13.37060157851734
ON1->[Ir]<-N=C2C=CC=CC21O,-0.2004300000000002,10.262787329138943
CNc1ccn2->[Ir]<-Nc2c1,0.7055,9.568256591653928
C1CCC2=N->[Ir]<-N=C2C1,1.59994,11.53182320958103
O=C(O)C1CN->[Ir]<-[SeH]C1[SeH],-1.8065,4.42628623181737
O=c1[nH]c2c(c3ccccc13)=O->[Ir]<-O=2,0.1392999999999998,10.817894184657646
CC1=N(C)->[Ir]<-n2cc[nH]c21,0.8485,16.708594038438953
C=C(C)NC1=O->[Ir]<-NC1,-0.4051000000000002,9.727845309666083
CN1->[Ir]<-Nc2ccncc21,0.7055,6.3898528497444715
C=C1C=O->[Ir]<-O=C1N(C)C,-0.1703000000000001,9.103904064712127
C[S+]1([O-])->[Ir]<-Nc2cnccc21,0.4012000000000001,7.344536780478157
N#CCN1->[Ir]<-n2ccccc2C=1,1.02408,17.048158316389962
CC(C)N1->[Ir]<-PC=1N,0.5846,11.19225893163002
OCCS1->[Ir]<-NCC1,-0.3294000000000001,6.514641098735263
CC(=O)c1ccn2->[Ir]<-N=Nc2c1,1.94667,12.441896524633739
O=C(O)C1CS->[Ir]<-NC1S,-0.1684,4.42628623181737
O=C(O)C1=N(O)->[Ir]<-n2ccccc21,0.3445,16.16406387818734
CS1->[Ir]<-Nc2c(C#N)cncc21,1.25738,6.140276351762889
C1=NC2c3ccccn3->[Ir]<-N2S1,1.3599,17.755297312391388
Cn1c2c(ncc1=O)P->[Ir]<-P2,-1.2189000000000003,4.176709733835787
ClC(Cl)CN1->[Ir]<-NCC1,0.3383999999999998,6.639429347726054
Cc1ccc2c(c1C)=O->[Ir]<-O=2,1.0308,11.032670213617864
Brc1ccc2n(->[Ir]<-N3=C2CN=C3)c1,1.6750999999999998,18.29779590939368
O=C(O)c1cncc2c1N->[Ir]<-N2,-0.0558,4.176709733835787
NN1->[Ir]<-n2ccccc2C(=S)C=1,0.7441000000000001,14.86981566950264
CC(=O)CN1->[Ir]<-NCC=1,-0.3950999999999999,10.067409587617092
O=C(O)C1N->[Ir]<-[SeH]CC1[SeH],-1.593300000000001,4.42628623181737
CN1->[Ir]<-n2ccccc2C=1O,1.016,16.41364037616892
CS1(=O)->[Ir]<-Pc2ccncc21,0.3193999999999999,7.344536780478157
Cc1ccn2->[Ir]<-N=C(O)c2c1,1.27339,14.450073758241818
Nc1nc2c(n1CCO)=S->[Ir]<-S=2,-0.7362000000000002,3.6775567378726213
CC12C=N->[Ir]<-N=C1C=NC2,0.74644,9.568256591653928
c1cnc2n(->[Ir]<-n3cnccc3-2)c1,0.9336,17.958231631442672
Cc1con2->[Ir]<-NC(S)(S)c12,0.91162,10.647728771378404
SC12CNCC1N->[Ir]<-S2,-0.5271999999999997,6.015488102772097
NC1C(C(=O)O)N->[Ir]<-N1O,-2.3381,5.7553349095234285
Cn1ccn2->[Ir]<-NC(O)c12,-0.6303,11.19225893163002
CC1(C)C=N->[Ir]<-N=C1N,0.5981400000000001,9.228692313702918
CC1=CN2(->[Ir]<-O=C2)C=NC1N,1.1476,9.35348056269371
SC1CS->[Ir]<-n2ccccc21,1.9822999999999995,11.53182320958103
C=C1C=N->[Ir]<-N2=C1CCC2,1.42697,13.37060157851734
CN1->[Ir]<-N=CC2(C)SC=NC=12,1.19807,11.317047180620811
OC12NCCC1N->[Ir]<-N2,-2.088199999999999,5.925500322802671
CC(=O)OC1=O->[Ir]<-n2ccccc21,0.7848999999999999,15.404757688975502
NC12C=N->[Ir]<-N=CC1N=CN2,-1.0593599999999992,7.854266471708408
FC(F)(F)c1ccc2c(c1)N->[Ir]<-N2,1.8698,4.176709733835787
OC1CCN(C2=S->[Ir]<-S=C2)C1,0.3801000000000001,3.8023449868634125
Cc1cnc2n(->[Ir]<-NC2[SeH])c1,-0.3568800000000001,11.19225893163002
CC1=N(O)->[Ir]<-n2ccn(C)c21,0.6183000000000001,15.824499600236328
SC1S->[Ir]<-Nc2ccccc21,2.1270000000000007,4.176709733835787
CON1->[Ir]<-Nc2cnccc21,0.6371,7.094960282496573
CS1->[Ir]<-N(C)(N)CC1,0.1549000000000001,10.351786554620041
Oc1ccc2n(->[Ir]<-N3=C2CN=C3)c1,0.6182,18.29779590939368
COC(=O)c1ccc2n(->[Ir]<-N=N2)c1,1.5306699999999998,12.441896524633739
Cc1cn2->[Ir]<-S=C(S(C)(=O)=O)c2s1,1.17162,14.16772835448819
Cc1ccc2n(->[Ir]<-N(C)=N2)c1,2.10352,14.530251391551632
C=C1C=CC=C2N=N->[Ir]<-N12C,1.87407,9.35348056269371
CC1=N->[Ir]<-Nc2c(Cl)cncc21,1.70497,7.729478222717616
c1cn2->[Ir]<-n3[nH]ccc3Cc2[nH]1,0.7235999999999998,14.28067489357005
NC1=CNC2=[Be]->[Ir]<-n3cnccc3N21,-0.3599100000000004,17.279103075540654
CCS1->[Ir]<-S(C)C(C#N)=C1C#N,2.3612600000000006,7.9790547206991995
Nc1csc2n1->[Ir]<-N(O)C2C(=O)O,-0.1702000000000003,15.282001003234033
CC1(C)COP->[Ir]<-N1,0.5303999999999998,3.5421917936147445
[O-]c1sc2c([s+]1)S1->[Ir]<-S(C=C1)CCS2,3.5665000000000013,7.604689973726825
CCn12->[Ir]<-N=C(O)c1cnc2,0.7863699999999999,14.2352977292816
CC(O)n12->[Ir]<-NNc1cnn2,-0.9255000000000002,11.717390804443271
CN12->[Ir]<-NC(CC1)C2,-0.3508,10.441774334589466
O=C(O)NN1->[Ir]<-n2ccccc2C=1,0.6830999999999999,16.583805789448164
NC(=O)N1C=S->[Ir]<-n2ccccc21,0.9239000000000002,10.942682433648438
OCc1ccnc2c1N->[Ir]<-N2,-0.2617000000000001,4.176709733835787
O=C(O)c1ccc2n(->[Ir]<-NC2)c1,0.2384999999999998,11.65661145857182
C[Se]1->[Ir]<-[SeH]CC(O)C1N,-1.2965000000000009,6.3898528497444715
C1=CS(c2ccccc2)->[Ir]<-N1,2.208600000000001,5.890699853781306
[O-]c1sc2c([s+]1)SCCS1->[Ir]<-S2C=C1,3.5665000000000013,7.604689973726825
CC=C1C=N->[Ir]<-N2=C1CN=C2,1.0651700000000002,12.90624905157554
OC(O)C1CO2->[Ir]<-N=C=CC2=N1,-1.1009300000000002,11.067470682639229
NC1CN->[Ir]<-NC1N,-2.4841,6.299865069775045
CN1->[Ir]<-N=C2CCC=CC=12,1.42697,13.37060157851734
Cc1cc(C)n2->[Ir]<-N(O)=Cn12,0.7655399999999999,13.646156953349006
Oc1cccc(C2=O->[Ir]<-NC2)n1,-0.0714000000000002,7.9790547206991995
CC=N1->[Ir]<-n2ccccc2N1,1.4992,16.244241511497155
CC(C)=N1->[Ir]<-N(=O)C(C)O1,1.5112,15.019816246736042
Brc1ccc2n(->[Ir]<-[Be]=C3SCCN32)c1,2.393590000000001,15.666942445473492
C1=NCC23C=N->[Ir]<-N12CCS3,0.42297,13.155825549557122
CN1(C)->[Ir]<-POC(=N)C1,0.3319699999999999,7.9684780254321135
CN=C1[S-]->[Ir]<-N1=NC(C)C,1.3797,8.639551537770327
Oc1cnc2n(->[Ir]<-n3cnccc3-2)c1,0.6392,17.958231631442672
FC(F)(F)c1cccc2c1N->[Ir]<-N2,1.8698,4.176709733835787
C=CN1CNC2=C1P->[Ir]<-P2,0.8693999999999997,4.176709733835787
O=CNC1=S->[Ir]<-n2ccccc2N1,0.5243999999999999,12.022154613372916
Fc1cc2n(->[Ir]<-n3ccccc3-2)cn1,1.6776999999999993,18.29779590939368
C1=CC2(C=N->[Ir]<-N=C2)CN=C1,0.91254,7.9790547206991995
O=C(COC1=S->[Ir]<-S=C1)n1cccn1,0.867,3.8023449868634125
CC1(C)C=N(O)->[Ir]<-N(O)=C1,0.9326,10.262787329138945
CN1C(=O)NC2P->[Ir]<-PC21,0.0437999999999997,4.42628623181737
CCS1->[Ir]<-NC(C)=C1[SeH],0.788,6.015488102772097
C[S+]1->[Ir]<-N=C2C=CCC([O-])C=12,-0.4202300000000001,9.693044840644719
CCn1c2c(n(C)c1=S)=S->[Ir]<-S=2,1.1934,3.6775567378726213
C=C(C)C=N1->[Ir]<-S=CN1C,1.4373,10.942682433648438
CN1(C)->[Ir]<-NC([SeH])C1,-1.2663999999999989,8.727784214643947
NC1CN->[Ir]<-S(C(F)(F)F)C1,0.5254,6.26506460075368
NC1=CNC2=[Be]->[Ir]<-n3ccccc3N21,0.2450899999999998,17.618667353491663
Brc1cccn2->[Ir]<-n3cccc(Br)c3-c12,3.668600000000001,18.63736018734469
O=C(O)CN1->[Ir]<-n2ccccc2C=1,0.9834,17.048158316389962
CCC1(C)C=CC2=O->[Ir]<-O=C21,1.1107,11.032670213617864
Cn1ccn2->[Ir]<-NC(C(=O)O)c12,-0.4955000000000003,11.19225893163002
Cc1ccc2n(->[Ir]<-N(C)=C2)c1,1.43872,15.334168196444441
CN1(C)->[Ir]<-[Be]=Cc2ccccc21,1.68879,12.030976205544194
Cc1ccc2n(->[Ir]<-POC2)c1,1.6967199999999998,10.772517020369195
CCS1->[Ir]<-SC(C)(S)C1,2.3153000000000006,6.140276351762889
NC1=N(O)->[Ir]<-N2=C1NCCC2,-0.8754000000000004,15.60972357127611
CN1->[Ir]<-N=CC(C)(C)C=1,1.36277,9.942621338626301
CC1C=N(O)->[Ir]<-N1(C)C,0.3965000000000001,9.682468145377632
CC1c2ccc(Br)cn2->[Ir]<-N1O,1.8839,12.736083638296298
C[Se]1->[Ir]<-NC(C(=O)O)CC1,-0.0409999999999999,8.478207716662364
FC(F)C(F)(F)n12->[Ir]<-NC([SeH])c1cnn2,-0.0493999999999999,14.118154022414542
NC1Nc2ccccn2->[Ir]<-P1,0.6109,11.19225893163002
FC1=C(F)[SH](C2S->[Ir]<-SC2S)C(F)S1,3.4947,4.176709733835787
Cc1cc2n(->[Ir]<-N(O)C2C)o1,1.0228199999999998,10.137999080148154
CC(Cl)S1->[Ir]<-SC(S)(CCl)C1,3.0991000000000017,6.015488102772097
CC(=O)S1->[Ir]<-S(C(C)=O)CC1,1.5458,9.058526900423677
CC1=O->[Ir]<-O=C(N(C)C)C1,0.0537,10.817894184657646
CN(C)C1C(S)=[Be]->[Ir]<-S1CS,1.4631899999999998,12.363750454573244
C[Se]1->[Ir]<-[Se](C)C2CC2C1,1.7177,8.478207716662364
CC1=S->[Ir]<-n2cc(C)c(C)n21,1.69534,10.817894184657646
O=CCS1->[Ir]<-S(CC=O)CC1,0.8506,8.353419467671573
CP1(C)->[Ir]<-P(C)(C)N1,1.889,11.60142414762376
C#CC1=CCC2(C=N->[Ir]<-N2)N=C1,0.3250699999999999,6.140276351762889
Nc1nnn2(->[Ir]<-Nc3ccncc3-2)n1,-0.7783000000000009,10.26355387774642
Cc1cc2n(->[Ir]<-n3oc(C)cc3-2)o1,1.9464399999999995,17.11874780892102
Brc1ccc2n(->[Ir]<-n3ccccc3-2)c1,2.906100000000002,18.63736018734469
CC1=N2->[Ir]<-n3cccn3C2CO1,0.8302999999999999,19.16249206015794
CN1->[Ir]<-O=C(C(C)(C)O)C=1,0.0269999999999998,11.53182320958103
c1cn2n(->[Ir]<-NN3CCN=C32)c1,-0.7235000000000003,10.72790640468822
Cc1ccc(C)c2c1S->[Ir]<-S2,2.880840000000002,3.927133235854204
CS1->[Ir]<-[Be]=CC2(C=CC=CN2)C1,1.34939,11.441835429611602
Brc1cccn2->[Ir]<-n3ccccc3-c12,2.906100000000001,18.63736018734469
Clc1cccn2->[Ir]<-n3ccccc3-c12,2.797000000000001,18.63736018734469
Cc1ccn2->[Ir]<-N(C)=Cc2c1,1.43872,15.334168196444441
Clc1ccc2n(->[Ir]<-n3cc(Cl)ccc3-2)c1,3.450400000000001,18.63736018734469
CC1C=O->[Ir]<-OC1(C)C,0.5923,5.890699853781306
O=C(O)c1ccn2->[Ir]<-NC(O)c2c1,-0.2706000000000002,11.65661145857182
NC1CN2->[Ir]<-N1C(N)C2,-2.251199999999999,11.476635898632967
CN1(C)->[Ir]<-NCC1N,-1.2084999999999986,12.40534095251657
CN1C=NN2C1=[Be]->[Ir]<-n1ccccc12,0.77299,15.31553645761355
ClCCN1->[Ir]<-n2ccccc2C=1,1.7393,17.048158316389962
CN1(C)->[Ir]<-Nc2nccnc21,0.1247999999999999,8.353419467671573
Clc1ccc2n(->[Ir]<-n3ccccc3-2)c1,2.7970000000000006,18.63736018734469
CCOC1=O->[Ir]<-n2ccccc21,1.2583,14.325285509251026
N#Cc1nccn2->[Ir]<-n3ccccc3-c12,1.41028,18.63736018734469
Cn1cc2n(->[Ir]<-n3nn(C)cc3-2)n1,-0.3894000000000002,17.02952657755907
Cc1cccn2->[Ir]<-N(C)=Cc12,1.43872,15.334168196444441
c1csc(C2=O->[Ir]<-n3ccccc32)c1,2.3741000000000003,14.835015200481276
Brc1ccn2->[Ir]<-n3cccc(Br)c3-c2c1,3.668600000000001,18.63736018734469
CNC1=S->[Ir]<-n2ccc(Br)cc2N1,1.7602999999999998,10.817894184657646
CC1=[Be]->[Ir]<-N2C(=C(N)NC2Cl)N1O,-0.46321,14.02052170032138
CC(C)S1->[Ir]<-SC(S)C1,2.3137000000000008,6.140276351762889
CC(C)N1->[Ir]<-OCC1,-0.0232999999999999,8.478207716662364
CN1->[Ir]<-O=C(c2ccccc2)C=1,1.5699,11.65661145857182
NC1=NNC=S->[Ir]<-n2ccccc21,0.2486999999999999,11.282246711599447
Clc1ccn2->[Ir]<-n3ccccc3-c2c1,2.7970000000000006,18.63736018734469
Cn12->[Ir]<-n3ccccc3-c1cnn2,0.8770999999999999,18.207808129424254
CC(O)n12->[Ir]<-OC(O)c1cnn2,-1.2279000000000002,11.932166833403489
CC1(O)N->[Ir]<-n2ccccc21,0.2053000000000002,11.407034960590238
CS1->[Ir]<-S(C(F)(F)F)c2ccccc21,4.020400000000001,7.729478222717616
OCCN1->[Ir]<-n2ccccc2N=1,1.1576,16.244241511497155
CN1->[Ir]<-SC2(C=1)CC=CC(Br)=N2,2.0664,8.10384296968999
OCc1cc(Br)cn2->[Ir]<-NCc12,0.7950999999999999,11.65661145857182
C1=CC2=O->[Ir]<-N(c3cscn3)C2N=C1,1.0908,11.282246711599447
NC1Nc2ccccn2->[Ir]<-N1,-0.3055000000000007,12.691473022615321
NC1=CNC2=[Be]->[Ir]<-n3cc(Br)ccc3N21,1.00759,14.28067489357005
Cc1cn2->[Ir]<-n3csc(C)c3-c2s1,2.883440000000001,24.65789997110376
C1=CC([SH]2->[Ir]<-N=CC=2)=CNC1,0.90447,7.854266471708408
CC1=N(O)->[Ir]<-N(C)(C)C1,0.3981000000000002,13.360024883250254
Cc1con2->[Ir]<-n3occ(C)c3-c12,1.94644,17.11874780892102
C=CC1OC(C)=O->[Ir]<-O=C1C,0.6931,10.522940522387612
CC12COCC1O->[Ir]<-O=CO2,-0.6908000000000001,5.380970162551055
Nc1cn2->[Ir]<-n3ccccc3-c2[nH]1,1.0539,18.29779590939368
c1cc2n(->[Ir]<-N3C=CC=CC23)cc#1,1.39618,17.048158316389966
OCC1N->[Ir]<-n2ccccc21,0.0736999999999999,11.53182320958103
Fc1ccn2->[Ir]<-n3cc(F)ccc3-c2c1,2.4218,18.63736018734469
OC12CN1->[Ir]<-Nc1cccnc12,-0.5879000000000001,6.140276351762889
Oc1ccc2n(->[Ir]<-N3=C2SCC3)c1,1.2806,21.772418328215018
CC1=[Be]->[Ir]<-N=C2Oc3ccccc3N12,1.62056,12.05695508239428
ClC1=O->[Ir]<-N(Cc2ccccc2)=C1,2.0228,11.407034960590238
C[SH+]1(C)([O-])->[Ir]<-SCC1S,0.4483999999999999,9.682468145377634
CCS1->[Ir]<-SCC1(C)S,2.315300000000001,6.140276351762889
FC(F)(F)S1->[Ir]<-S(C(F)(F)F)c2ccccc21,4.910400000000001,7.3551134757452425
FC(F)(F)CS1->[Ir]<-SC(S)C1C(F)(F)F,3.3985000000000003,6.916010976157894
FC(F)(F)COC1=O->[Ir]<-n2ccccc21,1.8006999999999995,14.97623188465524
CS1->[Ir]<-S(CCO)C(C#N)=C1C#N,1.33366,7.9790547206991995
CC1C=N(C)->[Ir]<-N(C)=C1,1.0237,12.155764454534985
CC(C)N1->[Ir]<-N=CCC=1,1.50527,13.49538982750813
Cc1ccn2->[Ir]<-n3[nH]cnc3-c2c1,1.17512,17.958231631442672
CC1=N->[Ir]<-O(N)C1(C)C,0.6949700000000001,9.35348056269371
NCc1cncc2c1N->[Ir]<-N2,-0.2953,4.176709733835787
Fc1cccn2->[Ir]<-n3ccccc3-c12,2.2827,18.63736018734469
CN1->[Ir]<-N=Cc2ccccc21,1.7259699999999998,8.10384296968999
Brc1ccn2->[Ir]<-n3cc(Br)ccc3-c2c1,3.6686000000000014,18.63736018734469
C1CCC2O->[Ir]<-O2CC1,0.8954,6.3898528497444715
CC1=NNC2=S->[Ir]<-NN2C1C,-0.1854000000000002,3.5875689579031946
Oc1ccc(C=N2->[Ir]<-O=CN2)cc1,0.4720999999999998,10.72790640468822
Cc1cn2->[Ir]<-n3ccccc3-c2s1,2.5135200000000006,19.808851710287914
O=C(O)C1c2ccccn2->[Ir]<-N1O,0.1860999999999997,12.736083638296298
O=C1CN->[Ir]<-N1=c1cccc[nH]1,-0.5993000000000006,12.39651936034529
N#CC1c2ccccn2->[Ir]<-O1CO,0.6126799999999999,16.28885212717813
ON1->[Ir]<-N2=C(OC(C(F)(F)F)C2)C=1C(F)(F)F,1.7385,15.654334186957085
CCO1->[Ir]<-NCC1C,0.3701000000000002,6.3898528497444715
CC1N->[Ir]<-N(C)C1C,-0.0585000000000001,6.514641098735263
CN1(C)->[Ir]<-n2ccncc2C1,0.5382,15.833321192407608
CN1(C)->[Ir]<-Nc2n[nH]cc2N1,1.5757199999999998,8.138643438711355
CC[S+]1([O-])->[Ir]<-NCCC1,0.1038,7.718901527450531
CCN1->[Ir]<-Nc2n[nH]cc2N1,-0.0717000000000002,5.925500322802671
N#CCCN1->[Ir]<-n2ccccc2C=1,1.41418,17.048158316389962
Oc1ccn2->[Ir]<-n3ccccc3-c2c1,1.8491999999999995,18.63736018734469
CC(O)S1->[Ir]<-Nc2ccncc21,1.0941999999999998,5.890699853781306
NC1=CNC2=[Be]->[Ir]<-n3cc(O)ccc3N21,-0.04931,14.28067489357005
CC(=O)c1cccn2->[Ir]<-O=C(C)c12,1.4868,14.959803449472068
FC1(F)CC2=N(->[Ir]<-N=C(C(F)(F)F)C2)C1,2.4385700000000003,15.860326322857864
COC(=O)C1CN->[Ir]<-[SeH]C1[SeH],-1.7180999999999995,5.630546660532637
SC1CS(c2ccccc2)->[Ir]<-S1,2.9644000000000013,6.015488102772097
CN1(C)->[Ir]<-n2cccnc2C1,0.5382,15.493756914456599
Oc1ccc2n(->[Ir]<-n3ccccc3-2)c1,1.8491999999999995,18.63736018734469
c1ccn2->[Ir]<-Nc3c[nH]cc3-c2c1,1.6589,11.407034960590238
BrC1CCCC(SC2=S->[Ir]<-S=C2)O1,3.2943000000000016,3.927133235854204
FC(F)=Cn12->[Ir]<-n3ccccc3-c1cnn2,2.035,17.958231631442672
SC1CS->[Ir]<-S1c1ccccc1,2.9644000000000013,6.015488102772097
NC12NC=CN1C=[Be]->[Ir]<-SCC2S,-0.2509099999999997,3.8371454558847775
N#Cc1cccn2->[Ir]<-n3ccccc3-c12,2.01528,18.63736018734469
O=C(O)CS1->[Ir]<-n2ccccc2C1,1.3994,13.49538982750813
c1cc2c(cn1)-c1cnccn1->[Ir]<-N2,1.1208,11.407034960590238
CC1=N(O)->[Ir]<-n2ccc(C)cc21,1.58822,16.288852127178128
ClC1(c2ccccc2)C=N->[Ir]<-N=C1,2.4198400000000007,7.9790547206991995
C[Se]1->[Ir]<-[SeH]c2ccccc2C1[SeH],-0.1356,6.140276351762889
CCOC1C=O->[Ir]<-O=C1NC,-0.6636000000000002,9.103904064712127
CC1=O->[Ir]<-n2ccc(C)cc2N1,1.34842,14.28067489357005
NC1=CN2C(=S->[Ir]<-n3ccccc32)N1,1.51209,10.817894184657646
CN1CP->[Ir]<-n2ccccc21,1.3503999999999998,11.317047180620811
CS1->[Ir]<-NCc2ccccc21,1.8672,8.353419467671573
NC1=CNC2=[Be]->[Ir]<-n3ccc(O)cc3N21,-0.04931,15.77988898455535
CCNC(=S)NC1=O->[Ir]<-NC1,-1.0442999999999991,7.6394904427481904
Cn1cc2n(->[Ir]<-n-23cnc(N)c3)c1,0.1879999999999998,16.11945326250636
Fc1c(F)c(F)c(S2->[Ir]<-SCC2S)c(F)c1F,3.6599,6.015488102772097
C[Se]1->[Ir]<-[Se](C)CC(N)C1,0.6548999999999999,8.602995965653156
NC1NC2=[Be]->[Ir]<-n3ccccc3N2N1,-0.7656100000000008,15.440324706604342
c1ccn2->[Ir]<-O=C(c3cnccn3)c2c1,1.1025999999999998,14.959803449472068
Cc1ccn2->[Ir]<-O(C)Cc2c1,1.53642,13.620178076498922
CC1c2ccccn2->[Ir]<-N1N,0.6059000000000001,13.155825549557122
Nc1cnnn12->[Ir]<-Nc1ccncc1-2,-0.1733000000000001,10.603118155697429
CC1=N(O)->[Ir]<-N=CC1(C)C,1.51227,10.897305269359986
CC1=O->[Ir]<-n2cc(C)ccc2N1,1.34842,14.28067489357005
OC1(c2ccccn2)C=N->[Ir]<-N=C1,0.5683400000000001,7.854266471708408
CN1(C)->[Ir]<-N[Si]1(C)C,0.2085,16.13330140292339
C1=S->[Ir]<-S=C1NCc1ccccc1,2.1033,3.802344986863413
CC(C)n1nc2n(->[Ir]<-NC2)n1,-0.2873,10.513130375728002
CC1CCC2=N->[Ir]<-N=CC21,1.7018399999999998,9.942621338626301
NC1CNC2=S->[Ir]<-S=C2NC1N,-1.553899999999999,3.6775567378726213
NC1CN->[Ir]<-n2ccccc21,0.0400999999999996,11.65661145857182
CC(C)=N1->[Ir]<-NCC1N,-0.2892999999999996,13.280613798547913
Clc1cccc(CN2->[Ir]<-O=CN2)c1,1.0905999999999991,7.299926164797181
CC1NC=O->[Ir]<-n2ccccc21,0.8886000000000001,12.781460802584748
CN(C)C1=O->[Ir]<-n2ccccc21,0.7834,14.620239171521058
C=CC1=O->[Ir]<-O=COC1OCC,0.2770999999999998,8.933738651432884
C=CCS1->[Ir]<-S(CC#N)CC1,2.16238,8.353419467671573
N#Cc1ccc2n(->[Ir]<-n3ccccc3-2)c1,2.01528,18.63736018734469
O=C(O)CN1->[Ir]<-Nc2cnccc21,0.1603000000000001,6.140276351762889
Cn12->[Ir]<-n3cc(N)[nH]c3-c1cnc2,0.3923999999999998,18.332596378415047
Cc1cccn2->[Ir]<-NC(N)c12,0.3060200000000002,11.65661145857182
CN1->[Ir]<-n2ccccc2C=1CO,0.4928,17.172946565380755
FC(Cl)CN1->[Ir]<-Nc2ccncc21,1.6101,6.140276351762889
Cc1ccc2n(->[Ir]<-PC2P)c1,2.138820000000001,11.53182320958103
CN1(C)->[Ir]<-S(CC#N)CC1,0.8047799999999999,12.53012920150736
NC1CN2->[Ir]<-N(CC2)C1,-1.493499999999999,8.602995965653156
CS1->[Ir]<-N2CCCC2C1,1.1014,12.155764454534985
C1=N->[Ir]<-N=CC12CCCC2,1.84594,7.854266471708408
C1=CCNC([SH]2->[Ir]<-NNC=2)=C1,-0.3243,5.675923824821088
N#CCn12->[Ir]<-n3ccccc3-c1cnn2,0.8636799999999998,18.083019880433465
COC(=O)C1N->[Ir]<-[SeH]CC1[SeH],-1.5049000000000003,4.42628623181737
Oc1ccc2n(->[Ir]<-n3cccc(Br)c3-2)c1,2.611700000000001,18.63736018734469
CCN1N->[Ir]<-n2ccccc21,0.7816,10.72790640468822
C1=NCC2(C=N->[Ir]<-N3=C2SCC3)S1,1.29517,16.50565971938767
C=CC1(S)CS->[Ir]<-S1C(C)Br,3.202400000000001,6.140276351762889
Fc1cccc2c1OC1=N->[Ir]<-N=CC1=C2,2.04904,8.933738651432886
c1ccc2c(c1)CCC1=O->[Ir]<-N=C12,1.56977,11.282246711599447
CC1(N)C=N->[Ir]<-N1(C)C,-0.1275299999999996,12.030976205544194
C=CCN1->[Ir]<-O=C2N=CC=CC21,0.2977999999999999,11.19225893163002
Fc1ccc(S2->[Ir]<-SCC2S)cc1,3.1035000000000004,6.015488102772097
COC1=N->[Ir]<-O=C1c1ccccc1,1.49297,10.647728771378404
C1=CCC2(C=N->[Ir]<-N2)CC1,1.0735700000000004,8.10384296968999
O=C(O)CN1->[Ir]<-Nc2ccncc21,0.1602999999999996,6.140276351762889
CCN1->[Ir]<-n2ccccc2N1,1.0179999999999998,12.816261271606113
c1ccc2c(c1)CCC1=N->[Ir]<-O=C12,1.83527,11.157458462608655
Nc1nc(C2(O)C=N->[Ir]<-N=C2)c[nH]1,-0.5213600000000003,7.854266471708408
CN1C=CN2C1=S->[Ir]<-n1cnccc12,1.3352899999999996,10.478329906706637
Fc1ccc2c(c1)C=C1C=N->[Ir]<-N=C1O2,2.04904,8.933738651432886
Oc1cccn2->[Ir]<-n3ccccc3-c12,1.8491999999999995,18.63736018734469
Cc1ccn2->[Ir]<-[Se](C)Cc2c1,1.64232,13.620178076498922
C1=NC2(C=N->[Ir]<-N3=C2SCC3)CS1,1.2951700000000002,16.38087147039688
CC1(S)S->[Ir]<-n2ccccc2C1=O,1.8401,11.282246711599447
C1=CC2=N(c3cccnc3)->[Ir]<-O=C2C1,1.6830999999999998,16.549005320426797
c1ccc2c(c1)CC1=N->[Ir]<-O=C1C2,1.37407,11.157458462608655
Cc1cncc(C2C=O->[Ir]<-N2)c1,0.5887199999999999,6.015488102772097
Cc1ccc2c(c1)CN->[Ir]<-O2,1.15932,4.301497982826578
CSC1=S->[Ir]<-[SH](C(C)C)=C1,2.3529,6.015488102772097
COP1(OC)->[Ir]<-PCC=C1,1.9799,6.710018840257114
CCN1(C)->[Ir]<-NCC1,-0.1032,8.727784214643947
CC(=O)c1ccc2n(->[Ir]<-O=C2C)c1,1.4868,14.959803449472068
CSC1=S->[Ir]<-NN1C(C)C,1.2184,3.712357206893986
CN1(C)->[Ir]<-[Be]=C2N=CC=CN2C1,0.4018900000000001,13.190626018578486
CC(C#N)S1->[Ir]<-Nc2ccncc21,1.66798,5.890699853781306
CC1(c2cccs2)CO->[Ir]<-N1,0.9143,4.301497982826578
CP1(C)->[Ir]<-S(C)(=O)CC1,1.1063999999999998,11.89561126128632
CN1C2=[Be]->[Ir]<-n3ccccc3N2C=C1Cl,1.86739,17.49387910450087
C1=N->[Ir]<-N=C2Oc3ccccc3C=C12,1.90994,8.933738651432886
C1CNCC2(C1)N->[Ir]<-N2,-1.0165000000000004,4.176709733835787
Oc1cccn2->[Ir]<-n3cccc(Cl)c3-c12,2.502600000000001,18.63736018734469
CCO1->[Ir]<-n2ccccc2C1,1.6181,13.49538982750813
C1=S->[Ir]<-N2CSCC23SCCN13,0.9401,6.015488102772097
CN1C=S->[Ir]<-n2ccccc2C=N1,1.3045,11.282246711599447
Cc1cnc2n(->[Ir]<-n3ccccc3-2)c1,1.84702,18.29779590939368
CCN1->[Ir]<-n2ccccc2C1,1.1911,13.620178076498922
c1cncc(N2->[Ir]<-n3ccccc3N=2)c1,0.72054,17.833443382451883
CC(O)S1->[Ir]<-SCC1(S)CO,0.6060999999999999,6.015488102772097
FC(F)(F)c1cncn2->[Ir]<-n3ccccc3-c12,2.5574000000000003,18.29779590939368
NC1=S->[Ir]<-N(=Cc2ccccc2O)N1,0.5593000000000001,9.103904064712127
CC(O)N1->[Ir]<-Nc2cnccc21,0.4140000000000001,7.219748531487366
Cc1cncn2->[Ir]<-n3ccccc3-c12,1.84702,18.29779590939368
CCN1->[Ir]<-N(OC)CC1,-0.2530999999999996,11.521246514313944
ClCCS1->[Ir]<-S(CCCl)CC1,2.930400000000001,8.353419467671573
Cn1c2c(n(-c3ccccn3)c1=S)=S->[Ir]<-S=2,1.7731,3.6775567378726213
O=C(O)CN1->[Ir]<-n2ccccc2C1,0.2557999999999996,13.620178076498922
OC1O->[Ir]<-NC1c1ccccc1,-0.0029,5.630546660532637
NC1=N2->[Ir]<-n3ccccc3C2CN1,0.0405999999999998,19.797010000378982
CC1c2ccccn2->[Ir]<-N1C,1.362,13.620178076498922
c1ccn2->[Ir]<-O=C(c3ccncc3)c2c1,1.7075999999999998,14.835015200481276
CO1->[Ir]<-n2ccc(CO)cc2C1,0.7202999999999999,13.620178076498922
CN1NC2=S->[Ir]<-S=C2NC1(C)C,0.4168999999999999,3.6775567378726213
CO1->[Ir]<-n2c(CO)cccc2C1,0.7202999999999999,15.334168196444441
CC(=O)CN1->[Ir]<-n2ccccc2C=1,1.0895,17.048158316389962
Oc1ccc(S2->[Ir]<-SCC2S)cc1,2.670000000000001,6.015488102772097
[SeH]C1CN->[Ir]<-[Se]1c1ccccc1,-0.3784000000000005,6.140276351762889
PC1=N->[Ir]<-PC1c1ccccc1,2.45517,6.015488102772097
NC1=S->[Ir]<-N(=Cc2ccc(O)cc2)N1,0.5593000000000001,9.103904064712127
c1cncc(C2=O->[Ir]<-n3ccccc32)c1,1.7075999999999998,14.959803449472068
OC1(F)C=N->[Ir]<-n2c1[nH]c1ccccc12,1.3270699999999995,14.620239171521058
CN1C2=N->[Ir]<-PN2c2ccccc21,1.0974699999999995,6.710785388864589
FC(F)(F)c1ccn2->[Ir]<-n3ccccc3-c2n1,2.5574000000000003,18.29779590939368
CC(O)N1->[Ir]<-Nc2ccncc21,0.4140000000000001,6.140276351762889
C1CCC2(C1)CN->[Ir]<-N2,0.2165999999999992,4.42628623181737
Oc1ccn2->[Ir]<-n3cccc(O)c3-c2c1,1.5548,18.63736018734469
CC(C)c1ccn2->[Ir]<-N=Nc2c1,2.867470000000001,12.441896524633739
Cc1cc2n(->[Ir]<-n3ccccc3-2)cn1,1.8470199999999992,18.29779590939368
NN1->[Ir]<-n2ccccc2C=1C(=O)CO,-0.6942000000000004,17.78806621816343
BrC1N->[Ir]<-O=C1Cc1ccccc1,1.4779000000000002,7.729478222717616
COC1CN->[Ir]<-N1(C)C,-0.5207999999999997,9.932044643359216
CC12C=CC=CC1N(O)->[Ir]<-N2,0.1772000000000001,7.594113278459739
CC1(CO)S->[Ir]<-NCC1S,-0.0757000000000002,4.301497982826578
CCS1->[Ir]<-S(CC)C(F)(F)C1,3.0854000000000017,8.879577594084996
C=C1C=N->[Ir]<-N(c2ccccc2)=C1,2.5946700000000007,13.245813329526548
OCC1NC=O->[Ir]<-n2ccccc21,-0.1390000000000004,12.90624905157554
CC(O)S1->[Ir]<-SC(S)(CO)C1,0.6060999999999999,6.015488102772097
c1ccc2c(c1)ncn21->[Ir]<-[SeH]CC1,1.3554,11.441835429611602
SC1S->[Ir]<-Sc2ccccc2C1S,3.131900000000001,4.051921484844995
Oc1ccccc1CN1C=S->[Ir]<-N1,1.0251,3.7123572068939863
Cc1cccc2n1->[Ir]<-N2(C)C,1.45602,15.458956445435232
CC12C=CC=CC1=N->[Ir]<-N=C2P,1.99084,9.568256591653928
CN1->[Ir]<-O=c2c=1cc(Cl)c1ccccc21,2.5334000000000003,13.37060157851734
Clc1cncc2c1-c1ccccn1->[Ir]<-N2,2.3792,11.407034960590238
SC1CS->[Ir]<-N1c1ccccc1,2.2842,6.140276351762889
CCN1->[Ir]<-N(O)CC1C,-0.0368,11.396458265323151
CN1C=S->[Ir]<-N1=Cc1cccc(Cl)c1,2.562900000000001,11.067470682639229
CN1(C)->[Ir]<-POc2cnccc21,1.3164999999999998,7.718901527450531
c1ccn2->[Ir]<-Nc3ccncc3-c2c1,1.7258,11.407034960590238
CC(=O)OC1N->[Ir]<-n2ccccc21,0.602,11.53182320958103
c1ccn2->[Ir]<-n3ccncc3Cc2c1,1.4624,18.63736018734469
CN1->[Ir]<-N=CC(C)(C)C=1N,0.6491699999999999,11.317047180620811
NC1=CNC2=[Be]->[Ir]<-[Be]=CN3C=CNC3(N)N21,-1.862519999999999,10.26355387774642
CC(O)N1->[Ir]<-Nc2cccnc21,0.4140000000000001,6.015488102772097
Cc1ccnc2c1NP->[Ir]<-PN2,1.7940199999999995,3.6223694269245597
CCN1(C)->[Ir]<-N(C)=CC1,0.6386999999999998,12.40534095251657
CC1(C)C=N->[Ir]<-N1(C)C,0.97617,12.280552703525778
COc1ccc2n(->[Ir]<-N3=C2CN=C3)c1,0.9212,18.29779590939368
CC(=O)c1nc2c(nc1C)P->[Ir]<-P2,-0.0115800000000001,4.176709733835787
Nc1cccn2->[Ir]<-n3ccccc3-c12,1.7258,18.63736018734469
CN1C2=S->[Ir]<-S=C2NNC1(C)C,0.4168999999999999,3.802344986863413
NC1=C(Cl)NC2=[Be]->[Ir]<-[Be]=CN3C(Cl)=C(Cl)NC3(N)N21,-0.1630200000000002,10.26355387774642
BrCCN1->[Ir]<-n2ccccc2C1,1.5660999999999998,13.620178076498922
CC(=O)COC1=O->[Ir]<-n2ccccc21,0.8274,14.200497260260233
NC12CN(->[Ir]<-N1)c1ccccc12,0.1823000000000001,9.727845309666083
N#Cc1ccn2->[Ir]<-n3cc(C#N)ccc3-c2c1,1.8869599999999995,18.63736018734469
CCN1(C)->[Ir]<-NCC1[SeH],-0.8762999999999992,8.602995965653156
c1ccn2->[Ir]<-N(c3ccncc3)c2c1,2.2202,13.121025080535757
CC12C=NC=CC1(C(=O)O)N->[Ir]<-O2,-0.8824000000000001,4.176709733835787
Cc1ccc2n(->[Ir]<-N3=C2OCC3)c1,1.16682,18.127630496114442
Cc1cnc2c(c1C)N->[Ir]<-PO2,1.4495399999999998,3.542191793614744
Clc1ccccc1N1->[Ir]<-NCC1,1.7106,6.3898528497444715
CN1->[Ir]<-Sc2ccccc2C1S,2.1231000000000004,6.26506460075368
Brc1ccnc2c1-c1ccccn1->[Ir]<-N2,2.4883,11.407034960590238
PC1(c2ccccc2)C=N->[Ir]<-P1,2.2391700000000005,6.140276351762889
C=C1C=CC2(C=N->[Ir]<-N2)CC1,1.23967,6.140276351762889
[Be]1->[Ir]<-n2(Cc3cccnc3)nncc2NC=1,0.6788899999999998,7.17513791580639
CCN12->[Ir]<-[Be]=CNCC1(Cl)NC(Cl)=C2,0.97699,12.941049520596904
CON1->[Ir]<-N(C)(C)CC1,-0.3009999999999999,11.770823012295528
CC1CN(O)->[Ir]<-N1(C)C,-0.0847,11.89561126128632
CC1=N->[Ir]<-N2=C(NN=C1[SeH])SCC2,-0.0672300000000001,12.90624905157554
Clc1ccc2n(->[Ir]<-Nc3cncc(Cl)c3-2)c1,3.0326000000000013,11.407034960590238
OC(O)CN1->[Ir]<-O=c2ccccc2=C=1,-0.4117,13.121025080535757
N#CCn12->[Ir]<-n3ccccc3-c1ccn2,1.46868,20.261362527320784
ON1C=O->[Ir]<-O=C1Cc1ccccc1,0.6032999999999997,8.639551537770327
CS1->[Ir]<-S(C)C(C)(C)C1,2.4910000000000005,8.478207716662364
CC(O)N1->[Ir]<-Nc2ncccc21,0.4140000000000001,7.219748531487366
CC1=S->[Ir]<-N(C(Br)c2ccccc2)=N1,3.8796000000000026,8.979115815721336
CC1=N->[Ir]<-n2ccc(C(=O)NO)cc21,0.5883700000000001,15.084591698462859
CC12CCCC1N->[Ir]<-N2,0.2150000000000002,4.42628623181737
CN1C=CN2C1=S->[Ir]<-n1ccccc12,1.94029,10.817894184657646
C=Cc1c[nH]n2->[Ir]<-n3ccccc3-c12,2.1147,18.29779590939368
NC1C(c2cccnc2)=N->[Ir]<-N1O,-0.2869300000000001,7.3445367804781565
CN1(O)->[Ir]<-N=CC12CC=CC=N2,0.6839699999999999,10.807317489390561
CC(C)c1nc2c(o1)=N->[Ir]<-N=2C,1.07667,12.39651936034529
N#CC=N1->[Ir]<-S=C(Nc2ccccc2)N1,1.4823799999999998,7.265125695775816
Cc1cc(C)c2c(c1)N->[Ir]<-N2,1.46784,4.176709733835787
Clc1ccc(C2=O->[Ir]<-n3ccccc32)nc1,2.361,14.835015200481276
CC1CCC2N->[Ir]<-NC12,0.0709000000000001,8.10384296968999
ClCc1cn2->[Ir]<-n3ccccc3-c2cn1,2.2774,18.63736018734469
CC(C)c1cccn2->[Ir]<-N=Nc12,2.867470000000001,12.441896524633739
CN1->[Ir]<-O=c2c=1ccc1ccccc21,1.9669,13.37060157851734
C=CN1(C)->[Ir]<-N(C)(C)C1,0.5808,12.779705699488943
C=C1N->[Ir]<-N=CC12CC=CC=N2,0.8778699999999999,6.140276351762889
[SeH]C1[SeH]->[Ir]<-[SeH]c2ccccc2C1[SeH],-1.2978000000000005,4.176709733835787
CC1=[Be]->[Ir]<-N2(C)C=CNC2(N)N1,-0.7891099999999993,13.31541426756928
C=CC1(S)CS(C(=C)C)->[Ir]<-S1,2.9951000000000016,5.890699853781306
Cc1ccn2->[Ir]<-N(C)(C)c2c1,1.45602,13.744966325489713
CN1C=CN2C1=[Be]->[Ir]<-n1cc(O)ccc12,1.00649,17.49387910450087
CCN1->[Ir]<-n2cc(C)ccc2N=1,2.493620000000001,16.244241511497155
CC1=S->[Ir]<-N2=C(SCC2)C(N)=NN1,0.3408000000000001,14.292516603478983
CON1->[Ir]<-N=CC12C=CC=NC2,0.1663699999999999,12.611295389305507
C1=S->[Ir]<-S2(=C1)CCCSCC2,2.1941,7.9790547206991995
Cc1cn2->[Ir]<-N(C)=Cc2c(C)n1,1.14214,15.334168196444441
C=C(C)[N+]1=Cc2ccccn2->[Ir]<-[O-]1,1.5444,10.817894184657646
Clc1sc(-c2ccccc2)n2->[Ir]<-[SeH]Cc12,2.8643000000000023,12.578526483533462
COC1=O->[Ir]<-n2cc(C(C)=O)ccc21,1.0708,14.325285509251026
FC(F)=C(F)C(F)(F)N1->[Ir]<-Nc2ccncc21,2.7461,7.442169102571318
C=CCS1->[Ir]<-S(CC=O)CC1,1.8377,8.353419467671573
c1c[nH]c2nn3->[Ir]<-n4cccnc4-c3c-2c1,1.3664999999999998,17.833443382451883
CNC1=O->[Ir]<-N=C1c1ccccc1,0.80047,12.90624905157554
CNC(C1=S->[Ir]<-[S-]1)c1ccccc1,1.8214,3.6775567378726213
C1=CCC2(C=N->[Ir]<-N=C2)CC1,2.01204,8.10384296968999
CC1(c2cccnc2)C=N->[Ir]<-N1,0.9050700000000004,6.140276351762889
COC(=O)C1N->[Ir]<-n2ccccc21,0.2543999999999998,11.53182320958103
FC(F)CN1->[Ir]<-n2ccccc2C1,1.4363,15.458956445435232
NN1->[Ir]<-N=C(c2cccc(F)c2)C=1P,1.34087,11.19225893163002
CC(=O)c1c(C)[nH]n2->[Ir]<-[Be]=C(N)Nc12,0.2876099999999996,12.012344466713303
O=C(O)C1=N(O)->[Ir]<-n2cc3ccccn3c21,0.5971999999999998,15.824499600236328
CC1=N->[Ir]<-N=CC12CC=CC=N2,1.44514,9.693044840644719
Cc1ccc(C)c2c1N->[Ir]<-N2,1.4678399999999998,4.176709733835787
CN12->[Ir]<-NCC1CCC2,0.0393,12.280552703525778
Oc1ccc(CN2C=S->[Ir]<-N2)cc1,1.0251,3.7123572068939863
CC1(C)N->[Ir]<-n2ccccc21,1.2754,11.407034960590238
CSC1=S->[Ir]<-S=C1N1CCCC1,2.1,5.641123355799723
NC(=O)CS1->[Ir]<-SC(S)(C(N)=O)C1,-0.7539000000000002,6.3898528497444715
CC(C)c1ccc2n(->[Ir]<-N=N2)c1,2.867470000000001,12.441896524633739
c1ccc2c(c1)CN->[Ir]<-NC2,0.604,4.675862729798952
FC(F)(F)c1cn2->[Ir]<-n3ccccc3-c2cn1,2.5574000000000003,18.63736018734469
O=C(O)S1->[Ir]<-S(c2ccccc2)CC1,0.5095,7.854266471708408
Cc1c(C)n2n(->[Ir]<-PC2)c1C,1.64096,13.03103730056633
CN1CN(c2ccccn2)C2=S->[Ir]<-S=C21,1.4457,3.802344986863413
Cc1cccn2->[Ir]<-n3ccccc3-c12,2.45202,18.63736018734469
CN1C=C2N(C=[Be]->[Ir]<-[Be]=C3NC(N)=CN32)C1,-0.8051199999999998,8.424775508810109
C=CCN1->[Ir]<-n2ccccc2C1,1.3572,13.620178076498922
CC1=O->[Ir]<-N(=Cc2cccc(O)c2)N1,0.8622000000000001,12.56668477362453
COC(=O)c1ccn2->[Ir]<-O=C(OC)c2c1,0.6547999999999999,14.325285509251026
CC1CN->[Ir]<-N1=Cc1cscc1Br,2.2767,11.781399707562612
c1c[nH]c2nn3->[Ir]<-n4ccccc4-c3c-2c1,1.9715,18.17300766040289
CCCn1ccn2->[Ir]<-N(C)=Nc12,2.0066,14.190687113600623
NC12CNCC1N->[Ir]<-NC2,-2.426899999999999,4.551074480808161
CC(C)S1->[Ir]<-Nc2ccncc21,2.1643,5.890699853781306
CON1->[Ir]<-n2ccccc2C1C,1.2936,14.450073758241816
CC1=S->[Ir]<-n2ccccc2C(N)=NN1,0.6388000000000003,11.157458462608655
Fc1cnc2n(->[Ir]<-n3c-2[nH]c2ccccc23)c1,2.159,19.67222175138819
Brc1ccccc1CN1->[Ir]<-N=CC1,2.18827,8.228631218680782
NC1=S->[Ir]<-N(=Cc2c(O)cccc2O)N1,0.2649000000000003,9.103904064712127
Cc1cncn2->[Ir]<-n3cc(N)cnc3-c12,0.8242199999999998,17.958231631442672
Cc1cc2c(cc1C)N(O)->[Ir]<-N2,1.68674,5.380970162551054
Fc1ccc(C=N2->[Ir]<-NCC2)cc1F,1.3423999999999998,10.067409587617092
FC(F)(F)c1ccn2->[Ir]<-n3ccccc3-c2c1Cl,3.815800000000001,18.63736018734469
CNC(=O)CS1->[Ir]<-SCC1(S)C=O,0.2203999999999999,7.9790547206991995
CO1->[Ir]<-OC(c2ccccc2)C1Cl,1.9313,6.26506460075368
CCn12->[Ir]<-n3ccccc3-c1cnn2,1.36,18.083019880433465
O=N1->[Ir]<-N(=Cc2c(O)cccc2Cl)CC1,2.2309,12.860871887287088
CS1->[Ir]<-S(c2ccc(F)cc2)CC1,3.280800000000002,8.228631218680782
COCc1ccn2->[Ir]<-OC(O)c2c1,0.2112,11.407034960590238
Clc1cccc(C=N2->[Ir]<-NCC2)c1,1.7175999999999998,10.067409587617092
CC1=N(c2ccccc2)->[Ir]<-N=CC1=O,1.99767,15.084591698462859
Oc1cccc(C2=O->[Ir]<-n3ccccc32)n1,1.4132,14.835015200481276
N#CCCN1->[Ir]<-n2ccccc2C1,1.08488,13.620178076498922
O=C(O)c1ccn2->[Ir]<-n3ccccc3-c2c1,1.8418,18.63736018734469
CN1(C)->[Ir]<-n2cccn2CC1,0.4446999999999999,15.493756914456599
CC(F)(F)S1->[Ir]<-S(C(F)(F)F)c2ccccc21,5.003300000000001,7.3551134757452425
Cn1c2c(n(-c3ccccc3)c1=O)=S->[Ir]<-S=2,2.2132000000000005,3.802344986863413
NC1=CNC2=[Be]->[Ir]<-n3ccc(C(F)(F)F)cc3N21,1.26389,16.11945326250636
CCS1->[Ir]<-Nc2ccncc2C1,1.9169,6.514641098735263
CC(=O)NN1->[Ir]<-n2ccccc2C1,0.2222999999999997,13.155825549557122
OCCn1c2c(c3ccccc31)=S->[Ir]<-S=2,1.5443,3.6775567378726213
CC(O)N1->[Ir]<-O=C2CCC=CC2=C=1,0.8399000000000001,14.450073758241816
Cc1nc2n(->[Ir]<-n3ccncc3-2)nc1C,0.9454399999999998,17.833443382451883
Cc1ccc2n(->[Ir]<-S=C3C=CN=CN32)c1,2.30521,10.817894184657646
Cc1ccn2->[Ir]<-N(O)C(C)c2c1,1.42982,12.736083638296298
O=C(O)CN1->[Ir]<-N2CCCC2C=1,-0.1062,15.583744694426024
On12->[Ir]<-N=C(c3ccccc3)c1ccn2,1.5365699999999998,14.110509480290808
Cc1cccc2c1S(C)->[Ir]<-S2C,3.4388200000000024,8.228631218680782
Cc1ccc2n(->[Ir]<-[Be]=C3NC=C(N)N32)c1,0.55351,17.618667353491663
[Be]1->[Ir]<-n2ccccc2N(c2ccccc2)C=1,2.765290000000001,12.56668477362453
C1=S->[Ir]<-S=C(N2CCCCC2)SS1,3.095800000000001,3.802344986863413
COC(=O)CN1->[Ir]<-n2ccccc2C=1,0.6734999999999999,17.048158316389962
CCN1C=[SH](C(C)S)->[Ir]<-N1,0.6829999999999998,5.675923824821088
Cc1cccn2->[Ir]<-n3ccc(Cl)cc3-c12,3.1054200000000023,18.63736018734469
CCOC1=O->[Ir]<-O=CC1OCC,0.1534999999999997,8.808950402442093
c1cn2->[Ir]<-n3c[nH]cc3CSCc2[nH]1,1.5661999999999998,14.28067489357005
CC1=N->[Ir]<-N(c2ccc(Cl)cc2)=CC1=O,2.6510700000000007,14.959803449472068
CS1->[Ir]<-S(CC(F)(F)F)c2ccccc21,4.062900000000002,7.9790547206991995
CC=N1->[Ir]<-O=C(c2ccccc2O)N1,1.1277,12.56668477362453
O=[N+]([O-])c1cccc(NC2C=O->[Ir]<-N2)c1,0.4903999999999998,6.140276351762889
FC1(Br)C2CC3CN(->[Ir]<-N1C3)C2,0.8334999999999999,9.129154092066578
CN1->[Ir]<-N(C)=CC(C)(C)C=1,1.4138,12.030976205544194
CN1C=O->[Ir]<-N1=Cc1cc(O)cc(Cl)c1,1.4677,12.56668477362453
Cc1ccc2n(->[Ir]<-n3cc(Cl)ccc3-2)c1,3.1054200000000014,18.63736018734469
CN1C2=[Be]->[Ir]<-[Be]=CN3C(Cl)=C(N)NC3(Cl)N2C=C1Cl,0.89278,11.977543997691939
CN1(C)->[Ir]<-N(O)c2ccccc21,1.5537,9.557679896386842
FC(F)c1ccc2n(->[Ir]<-n3ccccc3-2)c1,3.0812000000000017,18.63736018734469
FC1(Cl)C2CN3->[Ir]<-N(C2)CC1C3,0.3297999999999999,8.602995965653156
ClC1(Cl)c2ccccn2->[Ir]<-n2ccccc21,3.1553000000000013,18.63736018734469
NC1CN2->[Ir]<-N(C1)C(N)C2,-2.2086999999999986,8.478207716662364
CCS1->[Ir]<-N(C)(C)CC1,1.3011,12.53012920150736
FC(F)=C1N=CNC12N->[Ir]<-n1ccccc12,0.9327000000000004,11.407034960590238
CCCN1->[Ir]<-n2oc(C)cc2C=1,1.81192,16.288852127178128
CC1=N2->[Ir]<-[SeH]c3ccccc3C2C(=O)O1,0.2289999999999999,12.486507140314716
O=C(O)c1cccn2->[Ir]<-n3ccccc3-c12,1.8418,18.63736018734469
CC(=O)c1cc2n(->[Ir]<-n3ccccc3-2)[nH]1,1.6742999999999997,18.29779590939368
CN1P(C)(C)->[Ir]<-P1(C)C,2.2312000000000003,11.476635898632967
NC1N->[Ir]<-NC2CCNC12,-2.080899999999999,6.0502885717934625
Fc1ccccc1N1->[Ir]<-Sc2c[nH]nc2C=1,2.588100000000001,11.282246711599447
Cc1ccc2c(c1)S(C)->[Ir]<-S2C,3.4388200000000024,8.10384296968999
O=C(C1=N->[Ir]<-N=CC1)c1ccccc1,1.92874,10.897305269359986
CN1->[Ir]<-O=C(c2ccccc2)C=1C(=O)O,1.0247,13.37060157851734
FC(F)(F)c1ccn2->[Ir]<-n3ccccc3-c2c1,3.1624000000000017,18.63736018734469
Fc1cc(C(F)(F)F)c2n(->[Ir]<-n3ccccc3-2)c1,3.3015000000000008,18.63736018734469
Nc1[nH]ccc1C1=O->[Ir]<-n2ccccc21,1.2229,14.835015200481276
CN1->[Ir]<-n2ccccc2C(O)C1,0.3344000000000001,13.744966325489713
Cc1cccn2->[Ir]<-n3cccc(Cl)c3-c12,3.1054200000000014,18.63736018734469
CN1(C)->[Ir]<-NCC(N)C1,-1.165999999999998,8.85257246363474
Cc1cn2->[Ir]<-n3cccn3-c2nc1C,1.2791399999999995,17.618667353491663
FC(F)(F)c1cccn2->[Ir]<-n3ccccc3-c12,3.1624000000000017,18.63736018734469
CCO1->[Ir]<-OCCOCC1,0.0317999999999998,6.514641098735263
CN1C=S->[Ir]<-N1=Cc1cccc(O)c1Cl,2.268500000000001,11.067470682639229
CC1(C)c2ccccn2->[Ir]<-N1O,1.2955,12.611295389305507
Cc1ccc2c(c1)NP->[Ir]<-PN2,2.399020000000001,3.7471576759153513
COC(=O)c1ccc2n(->[Ir]<-O=C2OC)c1,0.6547999999999999,14.325285509251026
CC1=N->[Ir]<-N(C)(O)C1(C)C,1.12567,11.146881767341569
Cc1ccc2n(->[Ir]<-n3ccccc3-2)c1,2.45202,18.63736018734469
COC(=O)C(C)C(OC)C1=S->[Ir]<-[S-]1,0.6848,3.8023449868634125
CNC(=O)CS1->[Ir]<-S(C(=O)O)CC1,0.8768,8.10384296968999
C=CC=N1->[Ir]<-S=C(c2ccccc2)N1,2.1235,9.103904064712127
CCN1->[Ir]<-NCC1(C)N,-0.7704999999999984,8.228631218680782
CC1O->[Ir]<-O=COC12CCCO2,0.0468999999999999,5.256181913560264
C1CCC2(CC1)CO->[Ir]<-O2,0.6738999999999999,4.675862729798952
Brc1ccn2->[Ir]<-n3ccccc3Cc2c1,2.8299000000000003,18.63736018734469
CC(C)(C)S1->[Ir]<-NC=C1P,2.1508000000000003,5.890699853781306
C=CC12C=CC=CC1=O->[Ir]<-O=C(C)O2,1.1693999999999998,10.522940522387612
[Be]1->[Ir]<-n2(Cc3ccccc3)nncc2NC=1,1.28389,9.0139162847427
CN12->[Ir]<-n3ccccc3C1CN=C2,1.0964,18.796948905356846
Cc1ccn2->[Ir]<-n3ccc(Cl)cc3-c2c1,3.1054200000000014,18.63736018734469
CC1=N(C)->[Ir]<-N2=C1CNCC2,0.1213,17.172946565380755
CC(=O)CS1->[Ir]<-n2ccccc2C1,1.9038,13.49538982750813
O=C(O)C(Cl)CN1->[Ir]<-n2ccccc2C=1,1.1925,17.048158316389962
COC1CN(C)(C)->[Ir]<-N1O,-0.5006999999999995,11.136305072074485
O=C(O)c1ccc2n(->[Ir]<-n3ccccc3-2)c1,1.8418,18.63736018734469
NC(C(=O)O)N1C=S->[Ir]<-n2ccccc21,0.2145999999999996,10.942682433648438
FC(Cl)c1ccn2->[Ir]<-n3ccccc3-c2c1,3.350500000000002,18.63736018734469
SC(S)C1NC=O->[Ir]<-n2ccccc21,1.0543999999999998,12.781460802584748
CN1CCN(C)C2=S->[Ir]<-S=C2C1,0.5608999999999998,3.802344986863413
CN(C)N1->[Ir]<-Nc2ccncc21,0.5523000000000002,9.228692313702918
C[Se]1->[Ir]<-[Se](C)c2ccccc2C1,1.3165,8.353419467671573
C[SH+]1(C)([O-])->[Ir]<-NCCC1,-0.3885,10.056832892350007
CC(C)c1cccn2->[Ir]<-O=C(O)c12,1.9032,14.325285509251026
Clc1ccccc1C=N1->[Ir]<-NCC1,1.7175999999999998,10.067409587617092
Nc1cccn2->[Ir]<-n3cccc(O)c3-c12,1.4313999999999998,18.63736018734469
C1=N2->[Ir]<-n3ccccc3CC2CN1,0.6242000000000001,16.583805789448164
CC1(C)C=N(O)->[Ir]<-N1(C)C,0.7865999999999997,11.396458265323151
CC12OC=NC1N->[Ir]<-N2(C)C,-0.3924999999999995,9.682468145377634
CS1->[Ir]<-S(c2ccc(Cl)cc2)CC1,3.7951000000000015,8.228631218680782
CC1=O->[Ir]<-N(=Cc2ccc(O)cc2Cl)N1,1.5156,10.72790640468822
CC(C#N)N1->[Ir]<-n2ccccc2C1,1.08328,15.458956445435232
Cc1ccc([S+]2([O-])->[Ir]<-[SH2+]C=C2)cc1,1.58532,7.219748531487366
O=CNc1cnc2n(->[Ir]<-n3ccccc3-2)c1,1.1069,18.29779590939368
[Be]1->[Ir]<-n2ccccc2N2C=1Sc1ccccc12,3.321690000000002,15.452166416513274
CCOC1=O->[Ir]<-n2ccc(C)cc21,1.56672,16.288852127178128
CC(=O)c1cn2->[Ir]<-O=C(C)c2c(C)n1,1.19022,14.959803449472068
c1ccc(-c2ccc3n(->[Ir]<-N=N3)c2)cc1,3.4110700000000014,12.441896524633739
C=C1CN(C2=S->[Ir]<-S=C2)c2ccccc21,2.8469000000000007,3.8023449868634125
c1cc(S2->[Ir]<-Nc3ccncc32)ccn1,2.21,5.765911604790515
O=C(CO)CN1->[Ir]<-n2ccccc2C=1,0.0618999999999998,17.048158316389962
Cc1ccccc1[S+]1([O-])->[Ir]<-[SH2+]C=C1,1.5853199999999998,7.219748531487366
C=C1Cc2ccccc2N->[Ir]<-N1,1.2837000000000005,4.176709733835787
CC1=O->[Ir]<-O=C(N(C)C)C1C,0.2997000000000001,10.942682433648438
CC1(c2cccnc2)CN->[Ir]<-O1,0.2477999999999999,6.3898528497444715
CCOC(=O)CN1->[Ir]<-N(O)=CC1,-0.4009,9.43289164739605
NC1CN->[Ir]<-Nc2ccncc21,-0.3777000000000003,4.42628623181737
NC1=NC23C=CC=CC2(N1)P->[Ir]<-P3,0.1730999999999999,4.176709733835787
O=C(O)c1cn2->[Ir]<-n3[nH]cc(C(=O)O)c3-c2cn1,0.2630999999999999,18.29779590939368
O=C(O)CNC1=S->[Ir]<-n2ccccc2N1,0.4525999999999998,10.817894184657646
Cc1ccc2n(->[Ir]<-n3occ(C)c3-2)c1,2.35344,17.878053998132856
Cc1ccc2n(->[Ir]<-N(O)C2C)c1,1.42982,12.736083638296298
C=C(C)S1->[Ir]<-S(CC(=O)O)CC1,2.071,8.10384296968999
CC=N1->[Ir]<-S=C2Cc3ccccc3N21,2.382200000000001,8.979115815721336
Cc1cccn2->[Ir]<-N(=[Si](C)C)c12,2.541220000000001,15.047399430234561
c1ccn2->[Ir]<-PC(c3ccoc3)c2c1,2.639100000000001,11.53182320958103
NC1=S->[Ir]<-N(=Cc2cccc(O)c2O)N1,0.2648999999999999,9.103904064712127
c1ccc(N2->[Ir]<-O=c3ccccc3=2)cc1,2.4542,16.549005320426797
CC1=CC=NC2(C=N->[Ir]<-S2C)C1,2.11607,9.4782688116845
FC(F)(F)c1ccc2n(->[Ir]<-n3ccccc3-2)c1,3.1624000000000017,18.63736018734469
FC(F)(F)S1->[Ir]<-S(c2ccccc2)CC1,4.0317000000000025,7.854266471708408
CC1(C)N->[Ir]<-Oc2ncccc21,0.981,4.051921484844995
FC1(F)C2CC3CN(->[Ir]<-N1C3)C2,0.4080999999999997,9.904888716461585
Nc1[nH]cc2n1->[Ir]<-N(c1ccccc1Cl)=N2,3.0607000000000006,18.868304946495382
CC(C)=N1->[Ir]<-NC(C)(C)O1,1.0936,10.262787329138945
c1ccc(C2=N->[Ir]<-n3cnccc32)cc1,1.89277,14.74502742051185
CC(C)=N1->[Ir]<-S=C(N(C)C)N1,0.8183,10.942682433648438
Cc1cn2->[Ir]<-n3cccnc3-n2c1C,1.27914,17.618667353491663
ON1->[Ir]<-N2=Cc3ccccc3CC2C=1,1.4902,14.574862007232607
Cc1cc2n(->[Ir]<-n3[nH]cc(C)c3-2)cn1,1.4835399999999996,17.958231631442672
CC1c2ccccn2->[Ir]<-N1(C)O,1.4636,14.94922675420498
COC(=O)CN1->[Ir]<-N=C(S)C1C,0.0445699999999997,7.9790547206991995
CN1->[Ir]<-n2ccccc2C1C(=O)[N+](=O)[O-],0.1453999999999998,13.620178076498922
Cn1cnc2c3nc(cc21)C=N->[Ir]<-N=C3,0.9636399999999998,10.852694653679011
CC1(C)NC=NC12CN->[Ir]<-[SeH]2,-1.0476999999999996,4.42628623181737
Oc1ccncc1C1=O->[Ir]<-n2ccccc21,1.4132,16.039275629196545
FC(F)(F)OC1=O->[Ir]<-N(=Cc2cccc(Cl)c2)N1,2.9199,11.807378584412698
CC1=N(O)->[Ir]<-N(O)=C1c1ccccc1,1.715,13.940344067011566
SC1CN(=Cc2ccccc2Br)->[Ir]<-S1,3.053700000000001,7.9790547206991995
CC(=O)CN1->[Ir]<-n2ccccc2C1,0.7602,13.620178076498922
CCC1=N(c2ccccc2)->[Ir]<-NO1,2.0169,11.976777449084462
Oc1ccc(-c2ccn3->[Ir]<-O=Cc3c2)cc1,2.2667,13.121025080535757
CCn12->[Ir]<-n3ccccc3-c1ccn2,1.965,18.422584158384474
C=C1c2[nH]c(N)cn2->[Ir]<-n2cc(N)[nH]c21,0.3587,14.28067489357005
Cn1cccc1C1=O->[Ir]<-n2ccccc21,1.6511,14.959803449472068
Cn1ccn2->[Ir]<-Nc3ccccc3-c12,1.6692999999999998,9.228692313702918
CS1->[Ir]<-N2(CCCC2)CC1,1.4452,12.40534095251657
Nc1nc2c(n1Cc1ccccc1)=S->[Ir]<-S=2,1.4717,3.6775567378726213
CN1(C)->[Ir]<-NCc2cnccc21,0.6063,8.602995965653156
Cc1cnc2n(->[Ir]<-n3cc(C)cnc3-2)c1,1.5504399999999998,17.958231631442672
c1ccc(S2->[Ir]<-Nc3ccncc32)cc1,2.8150000000000013,5.765911604790515
CCN1->[Ir]<-O(C)c2ccccc21,2.127,8.10384296968999
c1ccc(S2->[Ir]<-Nc3cnccc32)cc1,2.8150000000000013,5.765911604790515
NC1NC=NC12N->[Ir]<-n1ccccc12,-0.8905999999999985,12.90624905157554
C=CC1OC(C)=O->[Ir]<-O=C1OCC,0.6671999999999999,10.013210831157362
CCOC(=O)C1=N(O)->[Ir]<-n2ccccc21,0.823,16.16406387818734
CC1N(C)->[Ir]<-NC1(C)C,0.3316000000000002,8.478207716662364
O=C(O)c1cc2n(->[Ir]<-n3cncc(C(=O)O)c3-2)cn1,0.3299999999999999,17.958231631442672
Cc1c[nH]n2->[Ir]<-N=CC(C)(C)c12,1.64529,11.19225893163002
c1ccc(C2COC3=N2->[Ir]<-[SeH]C3)cc1,1.4755,12.736083638296298
CC(C)N1->[Ir]<-NCC1C,0.3315999999999998,6.3898528497444715
CN1(C)->[Ir]<-N=CC12C=CC=NC2,0.5769699999999998,13.869754574480504
CN1C=S->[Ir]<-N1=Cc1cc(O)cc(O)c1,1.3206999999999998,11.067470682639229
C=C1c2ccccn2->[Ir]<-n2ccccc21,2.5381,18.63736018734469
CC1c2ccccn2->[Ir]<-N1(C)N,0.9481,17.08295878541133
CCn1ccc2n1->[Ir]<-n1ccccc1-2,1.965,20.011786029339202
CN(C)N1->[Ir]<-n2ccccc2C1,0.6477999999999995,14.994603918493432
Cc1cncc2c1N(C)(C)->[Ir]<-N2,1.03822,8.353419467671573
OCc1cccn2->[Ir]<-n3ccccc3-c12,1.6358999999999997,18.63736018734469
Cc1nc(C)c2n(->[Ir]<-n3ccccc3-2)n1,1.55044,18.17300766040289
CC(Br)=C1CC2(C=CC1=O)C=N->[Ir]<-N2,1.53137,6.015488102772097
NC1N=CNC12N->[Ir]<-n1ccccc12,-0.8905999999999992,11.53182320958103
c1ccc(S2->[Ir]<-NNc3c[nH]nc32)cc1,1.8465,5.551135575830297
C1=Cc2ccccc2C2(C=N->[Ir]<-N=C2)O1,2.18194,7.854266471708408
Nc1cccn2->[Ir]<-N3=C(COCC3)c12,0.4830999999999998,18.762148436335483
CC1(c2ccccc2)C=N->[Ir]<-N=C1,2.24344,7.854266471708408
CC1CC(C)(C)O->[Ir]<-N1O,0.5147000000000002,7.3445367804781565
C#Cc1ccn2->[Ir]<-n3ccc(C#C)cc3-c2c1,2.1061999999999994,18.63736018734469
Cc1cc2n(->[Ir]<-n3[nH]c(C)c(C)c3-2)o1,1.98996,17.538489720181847
N#CCCn1cc2n(->[Ir]<-n3ccccc3-2)n1,1.25378,17.833443382451883
OCC1(CO)P->[Ir]<-n2ccccc21,0.1365999999999999,11.407034960590238
Fc1cccc(S2->[Ir]<-Nc3cccnc32)c1Cl,3.6075000000000017,5.765911604790515
NC1=S->[Ir]<-N(=Cc2cccc3c2OCO3)N1,0.5824000000000001,9.103904064712127
O=C(O)C1N=COC12N->[Ir]<-n1ccccc12,-0.2951999999999999,11.53182320958103
Cc1ccnc2cn3->[Ir]<-Nc3c(C)c12,1.82884,9.693044840644719
CCN1(C)->[Ir]<-Nc2cnccc21,1.1199,8.353419467671573
COC(=O)CN1->[Ir]<-n2ccccc2N1,0.1710999999999994,12.816261271606113
Clc1cccc(C=N2->[Ir]<-n3ccsc3C2)c1,3.4156000000000013,18.219649839333186
FC(F)(F)P1(C(F)(F)F)->[Ir]<-P(C(F)(F)F)(C(F)(F)F)CC1,6.0294000000000025,11.407034960590238
SC1=N->[Ir]<-Sc2n[nH]c(-c3ccccc3)c21,2.6205700000000007,5.765911604790515
CC(O)n12->[Ir]<-n3ccccc3-c1cnn2,0.8508999999999998,17.958231631442672
c1ccc(-c2ccc3c(c2)S->[Ir]<-S3)cc1,3.9310000000000014,3.927133235854204
C#CC(C)N1->[Ir]<-n2ccccc2C1,1.1929,19.136513183307855
CN1(C)->[Ir]<-Nc2cnccc2C1,0.7253999999999998,8.602995965653156
Cc1cn2->[Ir]<-n3ccccc3-c2cc1O,2.15762,18.63736018734469
CCOC(=O)C1CN->[Ir]<-[SeH]C1[SeH],-1.328,4.42628623181737
C=CC1=O->[Ir]<-O=C(C)OC1OCC,0.6672,11.851989200093673
C1=NCC2(C=N->[Ir]<-n3ccccc32)N=C1,1.08167,13.37060157851734
CS1->[Ir]<-S(CC(N)=O)c2ccccc21,1.9859,7.9790547206991995
Nc1ccn2->[Ir]<-N3=C(COCC3)c2c1,0.4830999999999998,18.762148436335483
CCSC1C=N->[Ir]<-N1C(C)O,0.64307,11.14688176734157
C1=CC2C=O->[Ir]<-N2(Cc2cncs2)C=C1,1.5961,11.781399707562612
CN1(C)->[Ir]<-N=CC12CC=CC=N2,0.92457,12.280552703525778
CCS1(=O)=N(C)->[Ir]<-n2ccccc21,1.5582,15.746353530175833
Oc1ccn2->[Ir]<-n3ccccc3Cc2c1,1.773,18.63736018734469
Cc1ccc(O)n2->[Ir]<-n3ccccc3-c12,2.15762,19.716832367069166
ON=Cc1cccn2->[Ir]<-n3ccccc3-c12,1.9517,18.63736018734469
Cc1con2->[Ir]<-n3c([nH]c4ccccc43)-c12,2.52632,19.252479840127364
CN1->[Ir]<-S=C(S(=O)(=O)c2ccccc2)N1,0.4691999999999996,5.925500322802671
CCn12->[Ir]<-n3ccccc3-c1cnc2,1.965,18.547372407375263
C1=CC2(CN=C1)N->[Ir]<-n1ccccc12,0.8762000000000002,11.53182320958103
C(c1cc[nH]c1)=N1->[Ir]<-n2ccccc2N1,1.8557,16.244241511497155
c1ccc(-c2cn3->[Ir]<-NCc3cn2)nc1,0.9973,11.65661145857182
C(c1ccoc1)=N1->[Ir]<-n2ccccc2C1,2.2937000000000003,17.048158316389962
CC1(S)CS(c2ccccc2)->[Ir]<-S1,3.3545000000000025,5.890699853781306
CC(C)N1->[Ir]<-Nc2ncccc21,1.4840999999999998,6.015488102772097
CP1(c2ccccc2)->[Ir]<-N=CCO1,2.00477,9.058526900423677
CN1C=O->[Ir]<-N1=Cc1cc(O)cc(O)c1,0.5198999999999998,12.441896524633739
CN1C(=O)N(C)C2(C=O->[Ir]<-N2=O)C=C1N,-0.5547,12.146942862363707
Oc1ccc(N2->[Ir]<-O=c3cc(Cl)ccc3=2)cc1,2.7263,16.67379356941759
ON=Cc1ccn2->[Ir]<-n3ccccc3-c2c1,1.9517,18.63736018734469
Cc1ccc2n(->[Ir]<-n3cc(C)[nH]c3-2)c1,2.08854,18.29779590939368
C#Cc1ccc2n(->[Ir]<-n3cccc(C#C)c3-2)c1,2.1061999999999994,18.63736018734469
Cc1cn2->[Ir]<-n3ccccc3-n2c1C,1.88414,17.958231631442672
CO1->[Ir]<-OC(O)C1c1ccccc1,0.6847999999999999,8.228631218680782
c1ccc(Cn2cc3n(->[Ir]<-NN3)n2)nc1,0.0069999999999998,10.048777848786202
CN1(C)->[Ir]<-n2ccccc2NC1,1.0126,15.493756914456599
Nc1cccc(C2=O->[Ir]<-n3ccccc32)n1,1.2898,14.835015200481276
O=C(COC1=S->[Ir]<-S=C1)N1CCCC1,0.9525,3.8023449868634125
N#Cc1ccn2->[Ir]<-n3ccc(C(F)(F)F)cc3-c2c1,3.034080000000001,18.63736018734469
CS1->[Ir]<-N(CCO)CCC1,0.3213999999999999,8.602995965653156
CC1(C)CC2(CN2)N->[Ir]<-N1,-0.6279999999999992,4.551074480808161
OCCn1cc2n(->[Ir]<-n3ccccc3-2)n1,0.3323999999999998,17.833443382451883
Cc1[nH]n2->[Ir]<-n3ccccc3-c2c1C,2.08854,18.29779590939368
Cc1cc2n(->[Ir]<-n3cnc(C)cc3-2)cn1,1.5504399999999994,17.958231631442672
CC=CC1=O->[Ir]<-O=S2C(P)CCN12,0.6597,12.114173956591662
Nc1ccn2->[Ir]<-n3c(N)cccc3-c2c1,1.3079999999999998,20.0117860293392
Cc1cncn2->[Ir]<-N(C)(C)Cc12,0.8466199999999999,15.493756914456599
CC1NN=CN12->[Ir]<-[SeH]c1ccccc12,-0.0883999999999999,10.72790640468822
Fc1ccc2c(c1)C=COC21C=N->[Ir]<-N=C1,2.32104,7.9790547206991995
C=C(C1=N(C)->[Ir]<-N=N1)c1ccccc1,2.759070000000001,10.852694653679011
COc1ccc2n(->[Ir]<-[Be]=C3NC=C(N)N32)c1,0.2536899999999997,17.618667353491663
ON1->[Ir]<-n2ccccc2C=1c1ccncc1,1.7031999999999998,16.288852127178128
Nc1ncc2c(n1)[nH]c1n2->[Ir]<-n2ccccc2-1,0.9970999999999997,20.011786029339202
Brc1cnc2c(c1)cn1->[Ir]<-n3cccn3Cn21,1.8961,17.958231631442672
Clc1ccc2n(->[Ir]<-n3c-2[nH]c2ccccc23)c1,3.278300000000001,20.0117860293392
CS1->[Ir]<-Sc2ccccc2C(S)C1,3.309200000000001,6.514641098735263
CC(=O)CC1=N->[Ir]<-n2cc(N)[nH]c2C1=O,0.1734700000000001,14.620239171521058
c1ccc(S2->[Ir]<-Nc3cccnc32)cc1,2.8150000000000013,5.765911604790515
[Be]1->[Ir]<-N=C(c2ccncc2)N2CCCC=12,1.54156,14.065898864609832
Cc1cnn2->[Ir]<-n3ccc(C)nc3-c2c1,1.5504399999999998,17.833443382451883
Nc1cn2->[Ir]<-n3c[nH]c(N)c3C(O)c2[nH]1,-0.6211,14.28067489357005
FC(F)N1->[Ir]<-NCC12CCNC2,-0.5106000000000004,9.780100467470794
CC(O)n1cc2n(->[Ir]<-n3ccccc3-2)n1,0.8509,17.833443382451883
c1ccn2->[Ir]<-NC3(CNCN3)c2c1,-0.6566000000000001,11.65661145857182
O=c1ccc2c([nH]c3n2->[Ir]<-n2ccccc2-3)[nH]1,1.3131999999999997,20.011786029339202
C1=S->[Ir]<-S2CSC(=C3Sc4ccccc4S3)C12,4.859300000000002,6.015488102772097
Cc1cc2n(->[Ir]<-N=CC2(C)C)[nH]1,1.64529,11.19225893163002
C1=CSC2SC(=C3SCS4->[Ir]<-S=CC34)SC2S1,5.044700000000002,6.015488102772097
C=C(C)S1->[Ir]<-S(CC(N)=O)CC1,1.4717,8.10384296968999
Cc1ccn2->[Ir]<-NC(C)(C)c2n1,0.9788199999999998,11.19225893163002
Cc1ccc2n(->[Ir]<-n3ccc(C#N)cc3-2)c1,2.3237,18.63736018734469
Fc1ccccc1S1->[Ir]<-Nc2ccncc21,2.9541000000000013,5.765911604790515
O=C(F)CS1->[Ir]<-S(CC(=O)F)c2ccccc21,2.8630000000000013,7.854266471708408
C=Cc1ccn2->[Ir]<-n3ccccc3-c2c1,2.786600000000001,18.63736018734469
Sc1cccn2nn3->[Ir]<-n4ccccc4-c3c12,2.079999999999999,17.833443382451883
c1ccc(N2->[Ir]<-O=C3CCCC=23)cc1,2.512100000000001,16.549005320426797
Nc1cccn2->[Ir]<-n3cccc(N)c3-c12,1.308,18.63736018734469
CN1->[Ir]<-N(O)CC=1c1cccc(O)n1,0.1849,13.11044838526867
Cc1ccc(S2->[Ir]<-SCC2S)cc1,3.272820000000001,7.854266471708408
CC1=O->[Ir]<-N(=Cc2ccc(O)cc2O)N1,0.5677999999999999,12.56668477362453
C=CCS1->[Ir]<-S(CC=C)CC1,2.824800000000001,8.353419467671573
CS1->[Ir]<-SC(S)C1c1ccccc1,3.276400000000001,6.26506460075368
C1=CCC2(N=C1)NN->[Ir]<-n1cccn12,-0.0126000000000003,9.138704533733492
NC1N->[Ir]<-O=C1Cc1ccccc1,0.0417,9.35348056269371
Nc1[nH]c(CO)c2n1->[Ir]<-n1cc(Cl)ccc1-2,1.1995999999999996,19.672221751388193
CN1N=CCN->[Ir]<-n2ccccc21,0.4622999999999998,11.317047180620811
CC(C)N1->[Ir]<-Nc2cnccc21,1.4840999999999998,6.015488102772097
FC(F)(F)Cn12->[Ir]<-n3ccccc3-c1ccn2,2.5074,18.422584158384474
CCN1(C)->[Ir]<-N(C)(C)C1,0.4571999999999998,12.904493948479734
COc1ccc2c(c1OC)N->[Ir]<-N2,0.8682,4.176709733835787
N#CC1(S)CN(=Cc2cc(N)c[nH]2)->[Ir]<-S1,1.09528,9.693044840644719
CCC12COCC1(O)OC=O->[Ir]<-O2,-0.9807000000000003,5.380970162551054
O=Cn1cc2n(->[Ir]<-S(c3ccccc3)C2)n1,1.6086999999999998,12.441896524633739
Cn1ccn2->[Ir]<-n3ccccc3Cc12,1.4059,18.29779590939368
Cn12->[Ir]<-n3ccsc3-c1nc1ccccc12,2.6968000000000005,19.718863930318488
Clc1cccc(C=N2->[Ir]<-n3cscc3C2)c1,3.415600000000002,20.058428208269497
COC(=O)CN1->[Ir]<-Nc2ccncc21,0.2487,6.140276351762889
c1ccn2->[Ir]<-N3CCSC3Cc2c1,1.2866,13.49538982750813
COC1(N)CN->[Ir]<-N1(C)C,-1.2343999999999986,10.566562583580259
SC1CS->[Ir]<-S(c2ccccc2)C1,3.0069000000000017,6.3898528497444715
c1cnc2c(c1)Nc1occc1N->[Ir]<-N2,1.5826,4.301497982826578
C=CC1(S)CS(C(N)(N)C=O)->[Ir]<-S1,0.2315999999999999,5.890699853781306
CC1CCC=CC12C=N->[Ir]<-N2,1.31957,8.10384296968999
CCN1->[Ir]<-NCc2cnccc21,0.9720999999999996,6.3898528497444715
O=CS1->[Ir]<-N2(CCOCC2)CC1,0.242,11.521246514313944
c1ccn2->[Ir]<-N3CCOC3Cc2c1,0.5700000000000001,14.6996502562234
CCn1nc2c(c1C(F)(F)F)NN->[Ir]<-P2,0.7078,3.9619337048755687
CC1(C)CN2->[Ir]<-N3=C(SCC3)C=2O1,1.339,21.262688636984766
ClCCC1CN(CCCl)->[Ir]<-N1,0.7709999999999997,6.514641098735263
CN1(C)->[Ir]<-POC2COPOC21,0.6046999999999996,7.9684780254321135
OCc1ccn2->[Ir]<-n3ccccc3-c2c1,1.6359,18.63736018734469
CN1->[Ir]<-N2CCCC2C1N,-0.7573999999999994,10.441774334589466
CC1=NN(C)C=S->[Ir]<-n2ccc(Cl)cc21,2.348,11.282246711599447
C=CC1OC(OCC)=O->[Ir]<-O=C1C,1.3031,11.092683010881839
CCOC(=O)CN1->[Ir]<-NCC1,-0.9021999999999988,6.639429347726054
C1=N2->[Ir]<-n3ccncc3C2N=C1c1cccs1,2.1104,18.422584158384474
CCN1->[Ir]<-Pc2ncccc2C1,0.6914999999999998,6.3898528497444715
c1ccc(S2->[Ir]<-Nc3ncccc32)cc1,2.8150000000000013,5.765911604790515
CCCS1->[Ir]<-NC(C)=C1C,2.3397,6.015488102772097
C=CC=N1->[Ir]<-n2ccccc2C1C,2.3994,18.886936685326273
CN1C=CN2CN3C=C(N)NC3=[Be]->[Ir]<-[Be]=C12,-0.6821199999999998,15.31553645761355
O=C(COC1=S->[Ir]<-S=C1)Nc1ccccc1,1.9688,3.8023449868634125
O=C(O)CNN1->[Ir]<-n2ccccc2C1,-0.2396000000000004,14.994603918493432
O=CN1c2ccccn2->[Ir]<-n2ccccc21,1.7711,17.958231631442672
CN1(C)->[Ir]<-N=C(c2ccccc2)O1,1.50517,10.76194032510211
COc1ccc2n(->[Ir]<-NC2OC)c1,0.6939,12.736083638296298
Cc1cc(O)c2n(->[Ir]<-n3ccccc3-2)c1,2.15762,18.63736018734469
CN1(C)->[Ir]<-Nc2cccnc2C1,0.7253999999999998,8.602995965653156
NC(=O)CCN1->[Ir]<-n2ccccc2C=1,0.3758999999999997,17.048158316389962
Brc1ccc2c(c1)[nH]c1n2->[Ir]<-n2ccccc2-1,3.387400000000002,20.011786029339202
CCN1->[Ir]<-N=CC12CC=CC=N2,0.9724699999999998,6.26506460075368
CS(=O)(=O)C1=O->[Ir]<-NN1c1ccccc1,0.5312999999999999,5.086783048888496
COc1ccn2->[Ir]<-n3ccccc3-c2c1,2.1522,18.63736018734469
Nc1cn2->[Ir]<-[Be]=C(c3cccc(F)c3)Nc2[nH]1,1.62999,14.28067489357005
Cc1cc(CO)[nH+]c2c1CN->[Ir]<-[O-]2,-1.166279999999999,4.176709733835787
Fc1cccc(S2->[Ir]<-Nc3ccncc32)c1,2.9541000000000013,5.765911604790515
O=C(CO)NN1->[Ir]<-n2ccccc2C1,-0.8053000000000006,13.155825549557122
CC(O)S1->[Ir]<-S(C(C)O)CC1,1.1294,9.432891647396051
CC(=O)n12->[Ir]<-n3cncc(C)c3-c1cnn2,0.7036199999999999,17.198925442230838
C1=CC2(CN=C1)N->[Ir]<-N1=C2NCC1,-0.6738000000000002,11.317047180620811
CC(C)=[N+]1([O-])->[Ir]<-NOC1(C)C,0.6039,16.733806366681566
O=C(O)CN1->[Ir]<-NCc2cnccc21,0.0367999999999996,6.3898528497444715
C1=N->[Ir]<-N23CCCC12CCC3,1.26437,17.29773481437155
Cn1ccc(C2=O->[Ir]<-n3ccccc32)c1,1.6510999999999998,14.835015200481276
CC1CCC2N->[Ir]<-N(O)=C2C1,0.9639000000000002,9.058526900423677
CCN1->[Ir]<-Nc2ncccc2C1,0.7733000000000001,8.353419467671573
c1ccc(-n2cc3n(->[Ir]<-n4cccn4-3)n2)nc1,0.8479999999999996,17.154314826549864
COc1ccccc1C=N1->[Ir]<-S=C(N)N1,2.6782000000000004,9.103904064712127
c1ccc(N2->[Ir]<-n3ccccc3C2)nc1,2.0724,13.37060157851734
C=C(C)n12->[Ir]<-n3ccccc3-c1ccn2,2.4357,18.17300766040289
[SeH]C1[SeH]->[Ir]<-[SeH]C([SeH])C1c1ccccc1,-0.1346000000000001,4.176709733835787
Cc1[nH]n2->[Ir]<-n3c(ccnc3N)-c2c1C,1.06574,19.33265747343718
CC(C)C1=NN2C(=[Be]->[Ir]<-n3cccnc32)N1,0.85199,15.100760428653333
Cc1cccn2->[Ir]<-N3=C(COCC3)c12,1.2093200000000002,18.762148436335483
c1cnn(-c2ccc3n(->[Ir]<-n4[nH]ccc4-3)c2)c1,1.6573999999999998,18.29779590939368
CCN1->[Ir]<-n2ccccc2C1C,1.7520999999999998,13.49538982750813
C=CC1OC(C)=O->[Ir]<-O=C1n1cccc1,1.246,13.226415042088183
CC1(C)CI->[Ir]<-N(C)(C)C1,2.0092,14.368907570443671
CC1(c2cccs2)C=N->[Ir]<-n2[nH]ccc21,2.4267700000000003,11.067470682639229
c1ccc(-c2n[nH]c3c2N->[Ir]<-NN3)cc1,0.9445,3.9619337048755687
CC1=NNC=N(C)->[Ir]<-n2ccccc21,1.0533,14.994603918493432
CC1(C)N->[Ir]<-Nc2ccccc21,1.4626,4.176709733835787
c1ccc(Cn2cc3n(->[Ir]<-NN3)n2)cc1,0.6120000000000001,10.048777848786202
COP1(OC)=O->[Ir]<-O=C2CCCC21,1.5939,10.647783225651066
CS1->[Ir]<-N2(CCOCC2)CC1,0.6816,10.566562583580259
NC1CN->[Ir]<-N1=Cc1ccccc1,0.3490000000000002,11.441835429611602
Brc1ccc(-c2cc3n(->[Ir]<-n4ccccc4-3)[nH]2)s1,3.9627000000000017,18.29779590939368
N#Cc1ccc2n(->[Ir]<-n3cccc(CO)c3-2)c1,1.50758,18.63736018734469
O=[N+]([O-])c1cccc(CN2->[Ir]<-N=CC2)c1,1.33397,8.228631218680782
NCN1N->[Ir]<-S=C1Nc1ccc(Cl)cc1,1.1287,3.7123572068939863
CON1->[Ir]<-Nc2c1cnc1ccccc21,1.7902999999999998,7.219748531487366
SC1S->[Ir]<-SC(S)C1c1ccccc1,3.1416000000000004,4.176709733835787
NC12NC=CN1->[Ir]<-[Be]=C1Sc3ccccc3N12,0.8289900000000001,20.628937245371198
Cc1nn2c(c1C(F)F)N->[Ir]<-N2(C)C,0.90892,8.013855189720564
O=C(c1ccccc1)c1cccn2->[Ir]<-N=Nc12,2.9750700000000005,12.441896524633739
CC(O)n12->[Ir]<-n3ccccc3-c1ccn2,1.4559,18.29779590939368
CC(C)N1->[Ir]<-NC2(C=1)C(=O)C=CC2=O,-0.1288999999999999,11.53182320958103
CSC1=S->[Ir]<-S=C1Nc1ccc(C)cc1,3.424720000000001,5.765911604790515
CCS1->[Ir]<-S(CC)C(C)C1,2.881100000000001,8.353419467671573
Cc1cccc(C)c1NC(=[N+]=O)C1=S->[Ir]<-[S-]1,1.82174,3.6775567378726213
CC(C)C=NC1=O->[Ir]<-n2ccccc21,1.9486,14.495450922530267
C1=N->[Ir]<-n2cc[nH]c2C1c1ccccc1,2.19117,12.90624905157554
O=C(c1ccccc1)N1->[Ir]<-n2ccccc2N=1,3.005700000000001,17.198925442230838
COC(=O)CN1->[Ir]<-n2ccccc2C1,0.3441999999999994,13.620178076498922
CC(C)C1N=CNC12C=N->[Ir]<-N2,-0.05293,6.26506460075368
Nc1cccc(C2=O->[Ir]<-n3ccccc32)c1,1.8948,14.959803449472068
c1ccc(CN2->[Ir]<-n3ccccc3N=2)nc1,2.7605000000000004,16.244241511497155
FC1(F)C=NN2->[Ir]<-N(c3ccccc3)=CC=2C1Cl,3.072000000000001,18.17300766040289
O=C(c1ccccc1)c1ccc2n(->[Ir]<-N=N2)c1,2.9750700000000005,12.441896524633739
Oc1ccccc1C1=N->[Ir]<-n2ccccc21,2.203370000000001,16.16406387818734
C[As]1(c2ccccc2)->[Ir]<-NCC1,0.9768999999999995,8.478207716662364
Clc1ccccc1N1->[Ir]<-O=C2C=1C=CCC2Cl,3.548900000000001,16.67379356941759
CC(=O)CCN1->[Ir]<-n2ccccc2C=1,1.4796,17.048158316389962
CS1->[Ir]<-N(=Cc2ccc(Br)cc2)CC1,3.2310000000000016,12.030976205544194
C1=CCC2(C=C1)N->[Ir]<-n1ccccc12,1.7517000000000005,11.53182320958103
C(c1ccncc1)=N1->[Ir]<-n2ccccc2N1,1.9226,16.244241511497155
CCC1(S)S->[Ir]<-n2cc(C)ccc21,2.812420000000002,11.282246711599447
C(c1ccncc1)=N1->[Ir]<-Nc2ccncc21,1.8094,11.407034960590238
Cc1ccnc2c1N->[Ir]<-n1ccccc1-2,2.03422,11.407034960590238
Cn1ccn2->[Ir]<-n3c([nH]c4ccccc43)-c12,1.9634,19.67222175138819
NC12NC=CN1->[Ir]<-[Be]=C1Oc3ccccc3N12,0.1156899999999997,13.521368704358217
CC(=O)c1ccc2n(->[Ir]<-n3ccccc3-2)c1,2.3462,18.63736018734469
SC1S->[Ir]<-SC(C(S)S)(C(S)S)C1S,2.5104999999999995,4.051921484844995
CN12->[Ir]<-NCC1CCCC2,0.4294000000000001,8.602995965653156
CC1CC=CC2(C=N->[Ir]<-N=C2)C1,2.2580400000000003,7.854266471708408
CC(C)C=N1->[Ir]<-n2ccccc2N1,2.1353,16.244241511497155
CNc1cc2n(->[Ir]<-n3[nH]c(C(=O)O)cc3-2)cn1,0.6065999999999998,17.958231631442672
C#CCCn12->[Ir]<-n3ccccc3-c1cnn2,1.3633999999999995,18.083019880433465
O=CC(=O)Nc1nccc2n1->[Ir]<-n1ccccc1-2,0.6759999999999995,19.672221751388193
FC(F)(F)S1->[Ir]<-n2ccccc2-c2ccccc21,4.360500000000003,12.996236831544966
C1=CC2(C=N->[Ir]<-n3ccccc32)CN=C1,1.60957,11.407034960590238
CCn1c2c(n(C(C)C)c1=S)=S->[Ir]<-S=2,1.972,3.6775567378726213
CCOP1(OCC)=O->[Ir]<-N=CC1=N,1.87934,9.18336960368713
ClC1CC=CC2=N(c3ccccc3)->[Ir]<-O=C21,2.895500000000001,16.673793569417587
C=C(C1=O->[Ir]<-n2ccccc21)N(C)C,1.3396,14.959803449472068
Cc1c(C(=O)O)ncn2->[Ir]<-n3ccccc3-c12,1.54522,18.29779590939368
c1cncc(N2->[Ir]<-n3ccccc3C2)c1,2.0887,13.37060157851734
CN1->[Ir]<-N2(C)CCCC2C1,0.2999999999999998,10.69135083257105
COc1cccc2c1CCC1=N->[Ir]<-O=C12,1.84387,11.157458462608655
c1ccn2->[Ir]<-n3nc(-c4ccncc4)oc3-c2c1,2.193599999999999,17.538489720181847
Cc1cncc(C2=O->[Ir]<-n3ccccc32)c1,2.01602,14.835015200481276
Cc1ccn2->[Ir]<-N3=C(OCC3C(=O)O)c2c1,0.62002,19.84162061605996
CC(C)=N1->[Ir]<-N(C)(C)CC1,1.0288,15.958109441398399
CN(C)C(=O)CN1->[Ir]<-NCC1,-1.3770999999999982,8.478207716662364
N#Cc1ccccc1S1->[Ir]<-Nc2ccncc21,2.68668,5.765911604790515
Fc1ncccc1C=N1->[Ir]<-Nc2ncccc21,1.9485,11.407034960590238
Cc1ccn2->[Ir]<-N(C)(C)Cc2c1,1.45162,15.833321192407608
CC1=N->[Ir]<-NC(C)C1(C)C,1.39947,7.9790547206991995
Cc1nn2c(c1C)N->[Ir]<-N2(C)C,0.27974,8.013855189720564
c1cc2n(->[Ir]<-n3(-c4cncnc4)nccc3-2)cn1,1.1192999999999995,17.83344338245188
CON1->[Ir]<-N(C)(C)CC1C,0.0874999999999999,15.323591501177356
C1CC2S3->[Ir]<-S4CC(C3)C2(C1)C4,2.6351000000000013,10.067409587617092
c1ccc(N2N->[Ir]<-n3ccccc32)cc1,2.0934,10.72790640468822
CC(C)C1N->[Ir]<-n2ccccc21,1.7374,11.65661145857182
CN1->[Ir]<-N=C(P)C2(C)C=CC=CC=12,2.0418700000000003,11.53182320958103
c1ccc(-c2ccn3->[Ir]<-PNc3c2)cc1,2.950600000000001,10.852694653679011
CCOC(=O)C1N->[Ir]<-n2ccccc21,0.6444999999999997,11.53182320958103
CC1=N->[Ir]<-N2(C)CCNCC12,-0.07033,13.744966325489713
CC(C#N)S1(=O)=N(C)->[Ir]<-n2ccccc21,1.45038,15.746353530175833
OC1=O->[Ir]<-n2cc(-c3cccc(O)c3)ccc21,2.1524,14.325285509251026
CC1(c2ccccc2)C=N->[Ir]<-N(O)=C1,2.05387,9.058526900423677
C1=NCC2(C=N->[Ir]<-N=CC23CN=CS3)N1,0.16974,7.854266471708408
CS1->[Ir]<-n2n[nH]c(-c3ccccc3)c2C1,2.3347000000000007,12.816261271606113
c1ccn2->[Ir]<-N(Cc3ccoc3)Nc2c1,1.7912999999999997,12.816261271606113
CCS1->[Ir]<-[Be]=CNCC12NC=C(N)N2,-0.5211099999999997,9.0139162847427
Cc1ccncc1C1=O->[Ir]<-n2ccccc21,2.01602,14.835015200481276
Clc1ccc(CN2->[Ir]<-NCC2)cc1,1.3883,6.639429347726054
CCOP1(OCC)=O->[Ir]<-N=C(Cl)C1,2.4685700000000006,9.058581354696338
CC(C)N1->[Ir]<-N(C)(C)CC=1,1.0272,15.958109441398399
CCSC1=S->[Ir]<-NN1c1ccccc1,2.4047,3.5875689579031946
CC(=O)NC1=S->[Ir]<-n2cc(C)ccc2N1,1.22292,12.022154613372916
CN1(C)->[Ir]<-NC2([SeH])C=CC=CC21,-0.4016,8.478207716662364
ON1->[Ir]<-N(c2ccccc2)=C2NC=NCC=12,1.1783,17.538489720181847
c1ccc(-c2cncc3c2N->[Ir]<-N3)cc1,1.913,4.301497982826578
CN1C=CN2C1=[Be]->[Ir]<-SC(=O)c1ccccc12,1.97589,8.639551537770327
C=C(C)N1C=CNC12CP->[Ir]<-P2,1.3003999999999998,4.301497982826578
NC1N2CN3CN(->[Ir]<-P1C3P)C2,-0.8408000000000004,8.228631218680782
Nc1ccc(C2=O->[Ir]<-n3ccccc32)cc1,1.8948,14.959803449472068
Cn12->[Ir]<-N=C(c3ccccc3)c1cnc2,1.83627,15.119392167484223
CN1C(Cl)=C(Cl)NC12NC=[Be]->[Ir]<-[Be]=C1NC(N)=C(Cl)N12,0.0976800000000001,8.5495637578009
CC1(C)COP2(->[Ir]<-N1)OCCO2,1.0139999999999998,11.591836006845003
OC1[SeH]->[Ir]<-[SeH]C([SeH])C1c1ccccc1,-0.4630000000000002,4.176709733835787
CC1CN2->[Ir]<-N=CC(C)(C)C=2O1,1.47937,12.736083638296297
CC(=O)N1CCN2->[Ir]<-n3ccccc3C=21,0.6903000000000001,18.422584158384474
Oc1ccc(S2->[Ir]<-Nc3ccncc32)cc1,2.520600000000001,5.765911604790515
COC(=O)c1ccn2->[Ir]<-n3ccccc3-c2n1,1.3252,18.29779590939368
O=C(O)CN1->[Ir]<-n2ccccc2CC1,0.2982999999999993,13.620178076498922
CC=C1C=N->[Ir]<-N(c2ccccc2)=C1,2.984770000000001,13.245813329526548
CC(C)=N1->[Ir]<-Nc2ccncc2C1,1.6445999999999998,11.65661145857182
CC12C=CC3(C)P1->[Ir]<-SC3(P)C2,2.657000000000002,5.765911604790515
c1cn2n(->[Ir]<-NNC2c2ccncc2)c1,0.2882999999999989,12.691473022615321
CC1=N->[Ir]<-N(C)=C(C(C)C)N1,1.25747,12.816261271606113
N#Cc1cncc2c1N->[Ir]<-S2c1ccccc1,2.68668,5.765911604790515
CC1(C)CN->[Ir]<-n2ccccc21,1.3179,11.65661145857182
CC(c1ccc(Cl)cc1)=N1->[Ir]<-S=CN1C,2.953000000000001,12.781460802584748
CC1c2ccccn2->[Ir]<-N1(C)C,1.7042,15.708532943416817
CC(C)N1->[Ir]<-n2ccc(Cl)cc2C1,2.233,13.49538982750813
FC(F)(F)S1->[Ir]<-S(C(F)(F)F)C2(CCNC2)C1,3.224500000000001,8.505212847112624
CC1(C)C=N(Cc2cncs2)->[Ir]<-N1,1.4511999999999998,10.067409587617092
CC1(C)Cc2cc(Br)ccn2->[Ir]<-N1,2.1239,11.407034960590238
Cc1ccn2->[Ir]<-n3ccc(N)cc3-c2c1,2.03422,18.63736018734469
C1=CNC(=C2CSCS23->[Ir]<-S=CC=3)C=C1,2.6462000000000003,7.729478222717616
CC1=C(C)CC2(C=C1)C=N->[Ir]<-N2,1.6297700000000002,6.140276351762889
COC1CCOC2(Cl)N->[Ir]<-NC12O,-1.0796999999999992,5.505758411541846
O=P1(c2ccccc2)CN->[Ir]<-NC1,0.5073999999999995,4.675862729798952
CC(=O)C1=CC2=[Be]->[Ir]<-n3ccccc3N2C=C1,1.96949,14.620239171521058
Oc1ccc2c(c1)C=COC21C=N->[Ir]<-N=C1,1.88754,7.854266471708408
O=C(O)CCN1->[Ir]<-n2ccccc2C1,0.6458999999999999,13.620178076498922
CCN1->[Ir]<-NC(C)(C)C=1C,1.2045,11.781399707562612
CNc1ccn2->[Ir]<-n3ccccc3-c2c1,2.1853,18.63736018734469
CN1->[Ir]<-N2=CC=CC3C=CC=CC32C=1,1.8086,17.172946565380755
C1=NC(c2ccccc2)C2(C=N->[Ir]<-N2)O1,1.0907699999999998,7.3445367804781565
CC(=O)C1CC=CC(=O)C12C=N->[Ir]<-N2,0.06767,5.380970162551055
CN1(C)->[Ir]<-N(CCO)CC1,-0.870099999999999,14.493695819434462
Fc1cccc(S2->[Ir]<-n3ccccc3C2)c1,3.5130000000000026,13.245813329526548
CSC1c2ccccn2->[Ir]<-O=CN1C,1.5313999999999997,12.90624905157554
NC1=S->[Ir]<-N(=Cc2ccc(CO)cc2)N1,0.3460000000000002,9.228692313702918
Cc1ccn2->[Ir]<-NC(C)(C)c2c1,1.58382,11.53182320958103
c1ccc(S2->[Ir]<-n3cccn3CC2)nc1,2.0704,12.90624905157554
C#Cc1ccn2->[Ir]<-n3cccc(C)c3-c2c1,2.43332,18.63736018734469
ON1->[Ir]<-n2ccccc2C12CC=CC=N2,1.2439000000000002,12.611295389305505
NC1=S->[Ir]<-N(=CCOc2ccccc2)N1,0.8844,7.265125695775816
OCCn12->[Ir]<-n3ccccc3-c1ncc2,0.9373999999999998,18.547372407375263
CC(C)N1->[Ir]<-n2ccc(C=O)cc2C=1,1.7214,18.762148436335483
C1=CC2(NC=N1)Nc1cscc1N->[Ir]<-N2,0.4998999999999999,5.675923824821088
CCS1->[Ir]<-S(C)C(C)C1C,2.879500000000001,10.067409587617092
Oc1cc(O)cc(C=N2->[Ir]<-SC(S)C2)c1,1.7023999999999997,9.81783308963551
CC(CO)N1->[Ir]<-Nc2ccncc21,0.4565000000000001,6.140276351762889
OCCN1->[Ir]<-N=CC12CC=CC=N2,-0.0551300000000001,10.067409587617092
CCN1(C(C)O)->[Ir]<-NCC1,-0.3946999999999998,9.682468145377634
C1=NCC2=N->[Ir]<-N=CC12c1ccccc1,1.67814,9.568256591653928
c1cncc(Cn23->[Ir]<-NCc2cnn3)c1,0.1800999999999992,12.941049520596904
Nc1ccc(N2->[Ir]<-O=c3ccc(Cl)cc3=2)cc1,2.602900000000001,16.67379356941759
C1=CC2(CN1)Nc1ccccn1->[Ir]<-N2,0.2653999999999997,11.067470682639229
c1ccc(NC2=O->[Ir]<-n3ccccc32)cc1,2.3339,14.620239171521058
CC1(C)CN->[Ir]<-OC12CN=CO2,-0.2816000000000002,7.469325029468949
Cc1ccc2n(->[Ir]<-SC(C)(F)C2S)c1,2.976420000000001,11.282246711599447
c1ccc(Cn2nnc3c2N->[Ir]<-N3)cc1,0.4907999999999995,4.176709733835787
c1ccc(C2=[NH+][O-]->[Ir]<-n3ccccc32)cc1,0.4973999999999996,10.942682433648438
SC12C=CC=CC1S->[Ir]<-n1ccccc12,2.631100000000001,11.407034960590238
Brc1cccc2cn3->[Ir]<-n4cccn4Cn3c12,2.5011,17.958231631442672
CCC1=N->[Ir]<-N(=Cc2ccccc2)O1,2.4243700000000006,12.101565698075255
CC1(C)C=N->[Ir]<-N1c1cccnc1,1.92167,7.854266471708408
CC(C)NC1=S->[Ir]<-N(C)(C)N1,0.3354999999999999,8.013855189720564
Cc1cc2n(->[Ir]<-N(O)=CC2(C)C)[nH]1,1.45572,12.271731111354498
C1=N->[Ir]<-NC12OPOCc1ccccc12,1.5029699999999997,7.469325029468949
CC1=CC=CC(C)C12C=N->[Ir]<-N2,1.48567,6.140276351762889
NC1(c2ccoc2)N->[Ir]<-n2ccccc21,0.7931000000000004,11.407034960590238
COC1N(C)->[Ir]<-NC1(C)C,-0.0844000000000001,7.843689776441322
c1ccn2->[Ir]<-NC(c3ccncc3)c2c1,1.5247000000000002,11.53182320958103
Ic1ccc(S2->[Ir]<-n3ccccc3C2)cc1,3.978500000000003,13.245813329526548
OC1S->[Ir]<-S(c2ccccc2)CC1S,2.3252999999999995,6.015488102772097
C=C(C)N1->[Ir]<-NCc2cnccc21,1.4857999999999998,6.140276351762889
CN(C)C1C=CC(=O)C12C=N->[Ir]<-N2,-0.597429999999999,6.015488102772097
CC(c1ccnc(O)c1)=N1->[Ir]<-S=CN1C,1.4002,12.781460802584748
CC(O)N1->[Ir]<-NCC1(N)CO,-2.479699999999999,9.727845309666083
Cc1c(O)ccn2->[Ir]<-n3cccc(O)c3-c12,1.86322,18.63736018734469
CCN1CCN2->[Ir]<-n3ccccc3C=21,1.1637,18.422584158384474
Fc1cccc(N2->[Ir]<-n3ccccc3C2)c1,2.1262,13.37060157851734
C1=CCC2(C=C1)C=N->[Ir]<-n1ccccc12,2.4850700000000003,13.245813329526548
CN1C=O->[Ir]<-n2ccccc2C1C(S)S,1.3965999999999998,10.942682433648438
CC(C)(C)n1cc2c(c1)P->[Ir]<-P2,1.2438999999999998,4.176709733835787
CCOC(=O)C1CC[Se](C)->[Ir]<-N1,0.4374999999999998,6.514641098735263
c1ccc(Cn23->[Ir]<-NCc2cnn3)cc1,0.7850999999999995,11.102271151660593
CON1->[Ir]<-N(O)C(C)C1(C)C,0.2833,8.424008960202634
Clc1ccc(N2->[Ir]<-n3ccccc3C2)cc1,3.347100000000001,13.37060157851734
CC(C)(C)C1NC2=S->[Ir]<-S=C2C1N,1.0289,3.6775567378726213
[Be]1->[Ir]<-N=C(c2ccccn2)N2C=1Oc1ccccc12,2.3022600000000004,12.842240148456199
c1cncc(-n2cc3n(->[Ir]<-n4ccccc4-3)n2)c1,1.7242999999999993,17.833443382451883
C1=C2S3->[Ir]<-S4CC(C3)C2(CCC1)C4,3.150400000000001,8.10384296968999
COC(=O)c1cccn2->[Ir]<-n3ccccc3-c12,1.9302,18.63736018734469
C#CC(=O)N1c2ccccn2->[Ir]<-n2ccccc21,1.7745,17.958231631442672
COc1ccccc1C=N1->[Ir]<-S=CN1C,1.9181,9.103904064712127
Cc1ccc2n(->[Ir]<-n3cc(C(=O)O)ccc3-2)c1,2.15022,18.63736018734469
Fc1cc(Cl)cc(N2->[Ir]<-n3ccccc3C2)c1,3.486200000000001,13.37060157851734
CC(CO)N1->[Ir]<-n2ccccc2C1,0.5520000000000002,13.49538982750813
Cc1ccc2n(->[Ir]<-N(C(C)C)=C2)c1,2.21732,18.886936685326276
COC(=O)Cn12->[Ir]<-n3ccccc3-c1cnn2,0.5130999999999997,18.083019880433465
c1ccc(C2N->[Ir]<-n3ccccc32)cc1,2.1297000000000006,11.53182320958103
NC1CN->[Ir]<-N1=Cc1cccc(O)c1,0.0546000000000005,11.441835429611602
ClCc1ccn2->[Ir]<-n3ccc(CCl)cc3-c2c1,3.621200000000002,18.63736018734469
CN1->[Ir]<-O=C2CCC3(C=CC=CC3)C=12,1.9226,11.407034960590238
COC(C)N1->[Ir]<-O=C2CCC=CC2=C=1,1.494,14.200497260260235
CC(=O)NN1->[Ir]<-n2ccccc2C1C,0.7833,14.86981566950264
CCSC1N->[Ir]<-n2cc(C)ccc21,2.10042,11.53182320958103
c1cncc(-n23->[Ir]<-n4ccccc4-c2cnn3)c1,1.7242999999999995,17.833443382451883
ClCc1ccc2n(->[Ir]<-n3cccc(CCl)c3-2)c1,3.6212000000000018,18.63736018734469
O=C(O)CCn12->[Ir]<-n3ccccc3-c1cnn2,0.8147999999999997,18.083019880433465
c1ccc(S2->[Ir]<-n3cccn3CC2)cc1,2.6754000000000007,12.90624905157554
CN1N->[Ir]<-n2cccn2Cn2nccc21,-0.1047000000000006,10.72790640468822
C1=CC23CS4->[Ir]<-S(C2)CC3(CC1)C4,2.8028000000000013,8.353419467671573
Clc1ccccc1-c1nn2->[Ir]<-n3ccccc3-c2o1,3.4520000000000017,17.538489720181847
Cc1cc(C)c2n(->[Ir]<-n3ccccc3-2)c1,2.760440000000001,18.63736018734469
CC1c2[nH]c(N)cn2->[Ir]<-n2cc(N)[nH]c21,0.449,14.28067489357005
Fc1ccccc1N1->[Ir]<-n2ccccc2C1,2.8328000000000007,13.37060157851734
c1ccc(-c2cc3n(->[Ir]<-n4cccnc4-3)[nH]2)nc1,1.9287,17.958231631442672
CC(C)(N)N1->[Ir]<-Nc2ncccc21,0.7705000000000002,9.228692313702918
Cc1cc2n(->[Ir]<-n3cccc(C)c3-2)cc1Cl,3.413840000000002,18.63736018734469
CCN1->[Ir]<-N=C(C(=O)O)C1C(=O)NC,-1.1851299999999998,9.942621338626301
CC(C)(C)S1->[Ir]<-Nc2cnccc21,2.5544,5.765911604790515
CCN1C=CN2CCN(C)->[Ir]<-[Be]=C12,0.3107899999999999,14.904616138524005
Cc1ccccc1N1->[Ir]<-N=CC(N)C=1,1.67419,13.245813329526548
Clc1cccc(C=N2->[Ir]<-n3ccccc3N2)c1,3.181000000000001,16.244241511497155
CS1->[Ir]<-S(C)C(c2ccccc2)C1,3.453700000000002,8.602995965653156
CC(C)C1N=COC12CN->[Ir]<-N2,-0.3167999999999994,6.26506460075368
CC1=C(C)C2(P)CC3N->[Ir]<-P2C13,1.6858999999999995,6.015488102772097
Cc1cnc2n(->[Ir]<-n3c-2[nH]c2ccccc23)c1,2.32832,19.67222175138819
C1=N(Cc2ccncc2)->[Ir]<-n2ccccc21,2.0957,17.172946565380755
ON1->[Ir]<-N(c2ccccc2)=C2C=CN=CC21,1.7046,14.450073758241816
CN1(C)->[Ir]<-N(=Cc2ccoc2)CC1,1.2601,16.082897690389192
COC(=O)CCN1->[Ir]<-n2ccccc2C=1,1.0636,17.048158316389962
c1ccn2->[Ir]<-n3nn(-c4ccncc4)cc3-c2c1,1.7242999999999993,17.83344338245188
O=C1Nc2ccccc2NC12CN->[Ir]<-N2,-0.3357,5.925500322802671
O=C(O)c1ccn2->[Ir]<-n3cccc(C(=O)O)c3-c2c1,1.5399999999999998,18.63736018734469
Brc1cccc(C=N2->[Ir]<-Nc3cnccc32)c1,3.1769000000000016,11.407034960590238
Oc1ccccc1S1->[Ir]<-n2ccccc2C1,3.079500000000001,13.245813329526548
c1cncc(NC2=S->[Ir]<-n3ccccc3N2)c1,2.2855,10.817894184657646
Cc1cn2->[Ir]<-NC(C)(C)n2c1C,1.1512399999999998,11.19225893163002
CC(C)=N1->[Ir]<-n2ccc(C(=O)O)cc2C1,1.7606000000000002,18.762148436335483
c1cncc(CS2->[Ir]<-Nc3cccnc32)c1,2.3511000000000006,6.015488102772097
Cc1ccccc1N1->[Ir]<-n2cc(N)[nH]c2N=1,2.7157199999999992,17.493879104500873
c1ccc(CC2=O->[Ir]<-n3ccccc32)cc1,2.507000000000001,14.835015200481276
Cc1ccn2->[Ir]<-n3cccc(C)c3-c2c1,2.760440000000001,18.63736018734469
CC(C)=N1->[Ir]<-n2ccccc2C1C,2.623400000000001,20.476138556281
CN1(C)->[Ir]<-NC([SeH])c2ccccc21,0.6106999999999998,8.478207716662364
OCC(CO)N1->[Ir]<-Nc2cccnc21,-0.5711000000000004,6.015488102772097
C1CC2=N->[Ir]<-N=C3CCNC3C2N1,-0.2502600000000003,11.282246711599447
CN1C2=[Be]->[Ir]<-n3cnccc3N2c2ccccc21,2.06079,17.15431482654986
NC1CC(O)[SeH]->[Ir]<-[Se]1c1ccccc1,-1.0897999999999997,6.015488102772097
CC1(C)C=N(O)->[Ir]<-N2=C1OCC2C(=O)O,0.3544999999999998,15.654334186957085
CON1->[Ir]<-n2ccccc2C1(C)C,1.4677,14.574862007232609
NC1NC(Cl)NC12N->[Ir]<-n1ccccc12,-0.8068999999999991,11.65661145857182
BrC(c1ccccc1)c1ccn2->[Ir]<-N=Nc2c1,4.228370000000003,12.441896524633739
FC(F)(F)C(F)(F)C1=N->[Ir]<-N=CC12C=CC=CC2,3.355840000000001,9.693044840644719
OC(c1ccccc1)N1->[Ir]<-NCC1,0.2257999999999996,7.843689776441322
CON1->[Ir]<-n2cc3ccccc3cc2C1,1.8858,14.6996502562234
Clc1cccc(C=N2->[Ir]<-Nc3cnccc32)c1Cl,3.7212000000000014,11.407034960590238
CCN1C(Cl)=C(Cl)NC12NC=[Be]->[Ir]<-[Be]=C1NC(Cl)=C(Cl)N12,1.76788,10.513130375728002
FC1(F)C2=C(C1(F)F)P(C(F)(F)F)(C(F)(F)F)->[Ir]<-P2(C(F)(F)F)C(F)(F)F,7.525200000000004,11.032670213617864
Nc1c[nH]cc1C=N1->[Ir]<-Nc2ccncc21,1.3247,11.407034960590238
Clc1cccc(N2->[Ir]<-N=C3C=CCC(Cl)C=23)c1,3.999570000000002,16.67379356941759
c1ccc(-c2ccn3->[Ir]<-n4cccnc4-n23)nc1,1.7242999999999993,17.618667353491663
NC1(C(=O)O)CCN->[Ir]<-N1CC(=O)O,-2.2509999999999986,7.889066940729773
Ic1ccccc1N1->[Ir]<-n2ccccc2C1,3.298300000000001,15.20937994745365
C=N1->[Ir]<-O=CC2=C1C=C(OCC)CC2,1.8542,11.407034960590238
CSC1CS->[Ir]<-SC(=CP)C(S)N1,2.097100000000001,4.176709733835787
COC(=O)c1ccn2->[Ir]<-n3ccccc3-c2c1,1.9302,18.63736018734469
CN1(C)->[Ir]<-n2ccccc2CC1O,0.5041,15.198803252186567
CN1->[Ir]<-N(=Cc2ccccc2)CC1,1.3249,10.316986085598675
CC(Cl)c1ccn2->[Ir]<-n3ccccc3-c2c1,3.4434000000000022,18.63736018734469
OC1(c2cccnc2)N->[Ir]<-n2ccccc21,0.6287000000000003,12.611295389305505
OCC(CO)N1->[Ir]<-Nc2ccncc21,-0.5711000000000004,7.854266471708408
Clc1ccccc1N1->[Ir]<-n2ccccc2C1,3.347100000000001,15.20937994745365
N#Cc1ccccc1N1->[Ir]<-Nc2ccncc21,2.27908,5.890699853781306
CC(Cl)c1cccn2->[Ir]<-n3ccccc3-c12,3.4434000000000022,18.63736018734469
CCC1(S)CS(C(C)C)->[Ir]<-S1,3.093900000000003,6.015488102772097
COc1ccc(C=N2->[Ir]<-O=C(C)N2)cc1,1.1652,12.441896524633739
Brc1ccccc1C=N1->[Ir]<-Nc2ccncc21,3.1769000000000016,11.407034960590238
COC(C)N1->[Ir]<-n2ccccc2C1,1.1636,14.6996502562234
CC(O)C1=O->[Ir]<-O2CCCC2CO1,0.0893999999999999,12.611295389305507
FC(Cl)CN1CCN->[Ir]<-NCC1,-0.2598,4.675862729798952
C1=NC(c2ccccc2)C2(C=N->[Ir]<-N2)N1,0.6637700000000003,7.514702193757399
CS1->[Ir]<-n2cc(-c3ccccc3)cn2C1,2.8706000000000005,13.280613798547913
c1ccc(-c2c[nH]c3n2->[Ir]<-n2cc[nH]c2-3)cc1,2.4668,19.672221751388193
NC1N->[Ir]<-Nc2ccncc2NC1O,-1.3624,4.551074480808161
O=C(O)c1ccc2n(->[Ir]<-n3cccc(C(=O)O)c3-2)c1,1.54,18.63736018734469
CP12->[Ir]<-N3CN(CN(C1)C3N)C2,-0.6087999999999993,10.566562583580259
Nc1ccccc1N1->[Ir]<-n2ccccc2C=1,2.4144000000000005,18.63736018734469
CC1c2ccccn2->[Ir]<-N1CCO,0.7244999999999999,13.620178076498922
Clc1ccccc1C=N1->[Ir]<-n2ccccc2N1,3.181000000000001,16.244241511497155
C=CP1(c2ccccc2)->[Ir]<-SCC1S,3.1230000000000016,7.729478222717616
Nc1cn2->[Ir]<-n3cc(N)[nH]c3C(C(F)(F)F)c2[nH]1,0.9913999999999998,14.28067489357005
CN12->[Ir]<-NC(c3ccccc3)C1C2,1.0003999999999995,8.478207716662364
O=C(OC1CC2=S->[Ir]<-S=C2C1)c1ccccc1,2.7456000000000014,3.6775567378726213
Cn1cccc1S1->[Ir]<-n2ccccc2C1,2.7124000000000006,13.245813329526548
CCO1->[Ir]<-O(C)CCOCC1,0.6859,8.478207716662364
Nc1nc2ccccc2n12->[Ir]<-n1ccccc1-2,2.0027,16.33422929146658
O=C1C=CC2(CSC=CS2)C(=O)C12C=N->[Ir]<-N2,0.73147,6.015488102772097
Fc1ccc(-c2nn3->[Ir]<-n4ccccc4-c3o2)cc1,2.9377000000000004,17.538489720181847
NC1=CNC2=[Be]->[Ir]<-n3cc4ccccc4cc3N21,1.39829,14.28067489357005
COP1(c2ccccc2)->[Ir]<-n2ccsc2N1,2.838800000000001,15.03242450525245
c1ccc(-c2nc3n(->[Ir]<-n4ccncc4-3)[nH]2)cc1,1.9286999999999992,17.958231631442672
C1CC2N(->[Ir]<-N23CCCC3)C1,0.7916999999999998,13.994542823471297
Cc1ccccc1-c1nn2->[Ir]<-POCc2o1,2.351720000000001,7.834868184270042
Ic1cccc(N2->[Ir]<-n3ccccc3C2)c1,3.298300000000001,13.37060157851734
Nc1ccc(S2->[Ir]<-Nc3ccncc32)cc1,2.3972000000000007,5.765911604790515
NC1CNC23NC=[Be]->[Ir]<-NC12CCN3,-2.6033099999999987,9.4782688116845
CC1=S->[Ir]<-N(=Cc2cc(C)cc(O)c2)N1,1.9714199999999995,7.265125695775816
CC(C)C1COC2=N1->[Ir]<-S(C)C2,1.8027,14.94922675420498
OCP1(CO)->[Ir]<-NCc2ncccc21,-0.4529000000000002,8.353419467671573
CC(C)n1cc2n(->[Ir]<-n3ccccc3-2)n1,1.921,17.833443382451883
OCCN1->[Ir]<-N2CCCC2C1,-0.6796999999999997,10.316986085598675
Ic1ccc(N2->[Ir]<-n3ccccc3C2)cc1,3.298300000000001,13.37060157851734
CC(C)c1cc2n(->[Ir]<-[Be]=C3SCCN32)[nH]1,2.08259,17.166156536458793
Nc1ccccc1S1->[Ir]<-Nc2ccncc21,2.3972,5.765911604790515
CC1=N(O)->[Ir]<-N(C(C)C)C1C,1.223,10.897305269359986
O=C1C=CC2(C=N->[Ir]<-N2)C12C=CC=CC2,0.9748700000000002,6.140276351762889
OC1[SeH]->[Ir]<-[SeH]C2(P)Pc3ccccc3C12,-0.2635000000000001,4.051921484844995
CN(C)C1=CC2=N(C)->[Ir]<-N(C)=C2C1=O,-0.950599999999999,15.458956445435232
OCP1(c2ccccc2)->[Ir]<-NCC1,0.7022999999999998,8.228631218680782
c1c[nH]c(CN2->[Ir]<-Nc3ncccc32)c1,1.604,6.140276351762889
Nc1ccc2c(c1)[nH]c1n2->[Ir]<-n2ccccc2-1,2.2071000000000005,20.011786029339202
Nc1cccc2c1[nH]c1n2->[Ir]<-n2ccccc2-1,2.2071,20.011786029339202
CC1CN->[Ir]<-N1=Cc1cccc(Cl)c1,2.1061,11.906187956553403
Cc1cc(Cl)cn2->[Ir]<-n3cc(Cl)cc(C)c3-c12,4.067240000000002,18.63736018734469
c1ccn2->[Ir]<-S=C(Nc3ccncc3)Nc2c1,2.2855,10.942682433648438
CC(C)(C)n1ccc2c1P->[Ir]<-P2,1.2439,4.176709733835787
COc1cccc(C=N2->[Ir]<-S=CN2C)c1,1.9181,10.942682433648438
Cc1ccn2->[Ir]<-n3cc(Cl)cc(C)c3-c2c1,3.413840000000002,18.63736018734469
Cc1ccc2n(->[Ir]<-n3c-2oc2ccccc23)c1,3.198220000000001,19.716832367069166
Cc1cscc1-c1nn2->[Ir]<-n3ccccc3-c2o1,3.168520000000002,17.538489720181847
c1csc(C2=NNC3=N(->[Ir]<-n4ccccc43)N2)c1,1.3592999999999995,17.958231631442672
SC1S->[Ir]<-n2cc(-c3ccccc3)ccc21,3.6068000000000016,11.407034960590238
NC1=CNC2=[Be]->[Ir]<-NCc3ccccc3N21,0.30879,11.227059400651385
Cc1ccccc1N1->[Ir]<-N=c2cccnc2=1,2.685390000000001,16.45901754045737
SC1CN(=Cc2cccc3c2OCO3)->[Ir]<-S1,2.0199,9.81783308963551
Fc1ccc(N2->[Ir]<-n3ccc(Br)cc3C2)cc1,3.5953000000000026,13.37060157851734
Clc1ccncc1C#CCN1->[Ir]<-NCC1,0.6348000000000003,8.478207716662364
COC(=O)c1ccc2n(->[Ir]<-n3ccccc3-2)c1,1.9302,18.63736018734469
NC12CCCCC1(N)N->[Ir]<-N2,-1.2121999999999993,6.0502885717934625
C(c1ccccc1)=N1->[Ir]<-Nc2ccncc21,2.4144000000000005,11.407034960590238
CN(C)C1=CC(=O)C2=N(C)->[Ir]<-N(C)=C12,-0.950599999999999,15.458956445435232
CC(C)(C)c1[nH]nc2c1C(S)=N->[Ir]<-S2,2.2510700000000003,5.765911604790515
CN1(C)->[Ir]<-NC2NCCNC21,-1.6482999999999972,10.102210056638457
ON1->[Ir]<-n2ccccc2C1c1ccncc1,1.5448,12.736083638296297
CCN(CC)C1=O->[Ir]<-O=PC1SC,1.8356,10.433007196690848
CCN1CCSC2(C=N->[Ir]<-N2)C1,0.3596700000000001,6.015488102772097
O=C(O)c1cc2n(->[Ir]<-n3c-2n(O)c2ccccc23)[nH]1,1.3618999999999997,19.67222175138819
C=C(C)CN1->[Ir]<-n2ccccc2C1,1.7473,13.620178076498922
CN1(C)->[Ir]<-N(c2ccccc2)=CC1,1.9505,15.833321192407608
C1=CC2N->[Ir]<-Nc3ccncc3C2C=N1,0.6728000000000002,4.301497982826578
CCN1->[Ir]<-n2ccccc2C=1C(=O)OC,1.0636,18.762148436335483
CN1(C)->[Ir]<-N(=Cc2ccccc2)C1,1.6246,12.53012920150736
Brc1ccnc(CN2->[Ir]<-n3ccccc3C=2)c1,2.858200000000001,17.048158316389962
Nc1cccc(S2->[Ir]<-Nc3ccncc32)c1,2.3972,5.765911604790515
Cc1cccn2->[Ir]<-n3ccc(C(=O)O)cc3-c12,2.15022,18.63736018734469
Cc1cccn2->[Ir]<-n3cc(C(=O)O)ccc3-c12,2.15022,18.63736018734469
c1ccn2->[Ir]<-N(Cc3ccoc3)Cc2c1,1.9644,15.458956445435232
CCS1->[Ir]<-SC(C)(S)C1(C)C,3.093900000000003,7.854266471708408
COC1=O->[Ir]<-N(C)(C)c2ccccc21,1.5392,11.146881767341569
C1=C=NC=C(c2cn3->[Ir]<-n4ccccc4-c3cn2)C=1,2.2741,18.63736018734469
Clc1ccnc(CN2->[Ir]<-n3ccccc3C=2)c1,2.7491000000000003,17.048158316389962
OC12NCC1(c1ccccc1)N->[Ir]<-N2,-0.9513999999999992,7.799079160760346
CC1=N(O)->[Ir]<-N(C)(C)C1(C)C,1.1767,13.110448385268672
COC(c1ccccc1)N1->[Ir]<-S=C(C)N=1,3.1311000000000018,10.183376244436603
c1cncc(-n23->[Ir]<-n4ccccc4-c2nnc3)c1,1.7242999999999995,17.958231631442672
Cc1cc2n(->[Ir]<-n3ccccc3-2)cc1C,2.760440000000001,18.63736018734469
C1=N->[Ir]<-N=CC23CNCC12CNC3,-0.5352599999999998,7.9790547206991995
NC(=O)c1ccccc1N1->[Ir]<-n2cc[nH]c2C=1,1.2592,19.50205633810895
[Be]1->[Ir]<-n2cccnc2N2C=NN(c3ccccc3)C=12,1.7427899999999998,17.279103075540654
CC(=O)NN=C1C(=O)C=CC(=O)C12C=N->[Ir]<-N2,-1.4664299999999992,7.854266471708408
CC(F)c1cccn2->[Ir]<-n3ccccc3-c12,3.174100000000001,18.63736018734469
CCOC1C=O->[Ir]<-O=CC1OCC,0.1943999999999999,9.568256591653928
OC(O)C1=NCC2(N->[Ir]<-n3ccccc32)O1,-1.0675,12.611295389305505
Clc1ccnc(NC2=S->[Ir]<-n3ccccc3N2)c1,2.9389000000000003,10.817894184657646
Fc1cccc(F)c1-c1nn2->[Ir]<-n3ccccc3-c2o1,3.076800000000002,17.538489720181847
c1cc2c(cn1)N1(->[Ir]<-N2)CCOCC1,0.5004,8.10384296968999
C=C(C)N1->[Ir]<-N=c2cnc3ccccc3c2=1,2.744970000000001,16.67379356941759
Cc1cc(C)n2->[Ir]<-N(C)(C)Cn12,1.01904,18.706961125387423
CCN(C)C(C)(S)[SH]1->[Ir]<-S=CC=1,1.809,5.890699853781306
c1cc(-c2cc3n(->[Ir]<-n4cnccc4-3)[nH]2)ccn1,1.9286999999999992,17.958231631442672
Fc1cccc(F)c1N1->[Ir]<-n2ccccc2C1,2.9719000000000007,13.37060157851734
c1coc(CN2->[Ir]<-n3ccccc3C2)c1,1.9644,13.620178076498922
CCn1ccn2->[Ir]<-N(C)(C)Cc12,0.9646,15.493756914456599
OC(O)CS1->[Ir]<-SCC1(S)COC(F)(F)F,1.1225999999999996,6.140276351762889
CC(O)CN1->[Ir]<-n2ccccc2C1,0.552,13.620178076498922
Clc1ccc(N2->[Ir]<-N=C3C=CC(Cl)CC=23)cc1,3.999570000000002,16.67379356941759
Fc1ccc(NN2->[Ir]<-n3ccccc3C=2)cc1,2.6667000000000005,16.583805789448164
CC1C2CC(C)(C)C1C1=S->[Ir]<-S=C12,3.0382000000000016,3.6775567378726213
Nc1nnn2(->[Ir]<-Nc3c-2cnc2ccccc32)n1,0.3748999999999994,10.38834212673721
CS1->[Ir]<-S(c2ccccc2)c2ncccc21,3.9547000000000025,7.729478222717616
Clc1cc2c(cc1Cl)=N(Cc1ccccc1)->[Ir]<-O=2,3.455700000000002,15.084591698462859
C1=NCC2(C=N->[Ir]<-N23CCCC3)N1,0.0595699999999999,13.744966325489713
CC1(C)ON(=O)->[Ir]<-N1=Cc1ccc(Cl)cc1,3.1930000000000023,15.019816246736042
NC1CS(Cc2ccccc2)->[Ir]<-N1,1.1632999999999998,6.3898528497444715
c1csc(CN2->[Ir]<-n3ccccc3C2)c1,2.4329,13.620178076498922
C1CNC2(CN1)N->[Ir]<-NC21CN1,-2.907599999999998,6.140276351762889
Oc1cccc(C2O->[Ir]<-n3ccccc32)c1,1.8689,11.407034960590238
C1=N(Cc2cccnc2)->[Ir]<-n2ccccc21,2.0957,17.048158316389962
CN1(N)->[Ir]<-S(c2ccccc2)CC1,1.5842000000000005,9.977421807647666
C=C1CN(C)(C)->[Ir]<-n2ccccc21,1.6564,15.833321192407608
CN1C=S->[Ir]<-N1=Cc1cc(O)cc(C=N)c1,1.61277,9.103904064712127
c1ccc(-n23->[Ir]<-n4cc[nH]c4-c2cnc3)cc1,2.2624000000000004,17.833443382451883
CC(=O)C1=N(O)->[Ir]<-N(c2ccc(Br)cc2)C1,2.2802,10.897305269359986
Fc1cccc(N2->[Ir]<-N=C3C=CCCC=23)c1,3.267970000000002,16.67379356941759
Oc1cccc(N=C2N->[Ir]<-n3ccccc32)c1,1.8242,11.407034960590238
ON1->[Ir]<-n2ccccc2C1c1ccccc1,2.1498,12.736083638296297
Cc1cccn2->[Ir]<-n3c(sc(CO)c3C)-c12,1.5099999999999998,21.522841830233432
Cc1cn2->[Ir]<-Nc3ccccc3-n2c1C,2.07134,11.067470682639229
Nc1ccc(S2->[Ir]<-n3ccccc3C2)cc1,2.956100000000001,13.37060157851734
CC(C)CN1->[Ir]<-Nc2ccncc21,1.7316999999999998,6.140276351762889
NC1N->[Ir]<-SC(c2ccccc2)C1S,1.1994000000000002,4.301497982826578
c1ccn2->[Ir]<-n3c(ccn3-c3ccncc3)-c2c1,2.329299999999999,20.0117860293392
c1ccc(CS2->[Ir]<-Nc3cccnc32)cc1,2.956100000000001,6.015488102772097
c1ccc(-n23->[Ir]<-n4ccccc4-c2cnn3)cc1,2.3293,17.833443382451883
CS1->[Ir]<-NC(C)(c2ccccc2)C1,2.2235000000000005,6.514641098735263
OC1SC=C(C=N2->[Ir]<-Nc3ccncc3C2)S1,1.8319,9.942621338626301
CC1=N->[Ir]<-N=CC1(C)c1ccccc1,2.633540000000001,7.854266471708408
CCn12->[Ir]<-N(=C(C)C)Cc1ncc2,1.8838,16.833382287429746
C1=CC2(CN=C1)CN->[Ir]<-n1ccccc12,0.9187,11.65661145857182
Fc1cccc(C=N2->[Ir]<-n3ccccc3C2)c1,2.8398000000000003,17.048158316389962
COC(=O)C12C=CC=CC1(S)[SeH]->[Ir]<-NC2,-0.2425999999999999,4.301497982826578
c1ccc(CS2->[Ir]<-Nc3cnccc32)cc1,2.956100000000001,6.015488102772097
FC(F)(F)c1cc2n(->[Ir]<-[Be]=C(Nc3ccccc3)N2)[nH]1,2.9487900000000007,14.065898864609832
Clc1cccc(C2=N(c3ccccc3)->[Ir]<-N=N2)c1,4.449270000000002,14.155886644579258
Cc1ccc2n(->[Ir]<-n3c-2[nH]c2ccccc23)c1,2.93332,20.0117860293392
Brc1ccc(CN2->[Ir]<-n3ccccc3C=2)cc1,3.4632000000000014,17.048158316389962
COC1(c2ccsc2)N->[Ir]<-n2ccccc21,1.9493,14.450073758241816
CCOC1C=O->[Ir]<-O=C1N(C)CC,0.0686999999999999,9.103904064712127
CC(C)CN1->[Ir]<-Nc2cnccc21,1.7316999999999998,6.140276351762889
Cc1cc2n(->[Ir]<-n3cccc(C)c3-2)cc1O,2.466040000000001,18.63736018734469
CC1=CC2=O->[Ir]<-N2=CN1Cc1ccccc1,1.60002,10.817894184657646
Clc1ccc(C=N2->[Ir]<-n3ccccc3C2)cc1Cl,4.007500000000001,17.048158316389962
O=[N+]([O-])c1ccc(CN2->[Ir]<-NCC2)cc1,0.6430999999999996,6.639429347726054
c1ccn2->[Ir]<-n3[nH]c(-c4ccncc4)cc3-c2c1,2.5337,18.29779590939368
CC(OC(F)(F)F)S1->[Ir]<-S(C)c2ccccc21,4.383000000000002,7.854266471708408
COc1ccccc1C=N1->[Ir]<-N=C(C)N1,1.61587,12.56668477362453
c1ccc(CS2->[Ir]<-Nc3ccncc32)cc1,2.956100000000001,6.015488102772097
C1=CCC2(Cc3ccccn3->[Ir]<-N2)N=C1,1.3098,13.03103730056633
O=C(O)c1ccccc1N1->[Ir]<-n2ccccc2C=1,2.5304,19.84162061605996
COC(C)c1ccc2n(->[Ir]<-N=C2C)c1,2.1767700000000003,14.959803449472068
O=C1NC2C=CC=CC2N2->[Ir]<-N3=C(OCC3)C=21,-0.1509000000000002,19.966408865050752
Cc1ccnc(-n2c(N)nn3->[Ir]<-NCc23)c1,0.0116199999999998,10.852694653679011
c1ccc2c(c1)CC[Se]1->[Ir]<-[Se]2CCC1,1.9214,8.10384296968999
CCN1->[Ir]<-N(CC)CCC1,0.5954999999999999,8.602995965653156
N#CC=N1->[Ir]<-NCC12CCCCC2,1.24238,13.744966325489713
CC1(C)CN2->[Ir]<-N1CC(N)C2,-0.7148999999999985,8.478207716662364
CSC1=S->[Ir]<-N(=Cc2ccc(SC)cc2)N1,2.979900000000001,7.265125695775816
CS1->[Ir]<-n2n[nH]c(-c3cc(O)ccc3O)c2C1,1.7458999999999998,12.816261271606113
Brc1ccc(C=N2->[Ir]<-n3ccccc3C2)cc1,3.4632000000000014,17.048158316389962
c1ccn2->[Ir]<-N3=C(NC(c4ccsc4)C3)c2c1,2.2341999999999995,18.422584158384474
CC1(C)NC12N->[Ir]<-NC2(C)C,-0.2394999999999991,4.42628623181737
Cc1cncc2c1N->[Ir]<-S2c1ccccc1,3.1234200000000003,5.765911604790515
Cc1cccc(S2->[Ir]<-Nc3cnccc32)c1,3.123420000000001,5.765911604790515
Clc1ccc(-n2cnn3->[Ir]<-n4ccccc4-c23)cc1,2.9827000000000004,17.833443382451883
CC1N->[Ir]<-NC(C)C1(C)C,0.707,4.42628623181737
N#CC(C#N)N1c2ccccn2->[Ir]<-n2ccccc21,2.03046,17.958231631442672
Fc1ccc(N2->[Ir]<-N=c3c=2ccc2cscc32)cc1,4.054570000000002,16.67379356941759
Nc1ccc(S2->[Ir]<-Nc3ccccc32)cc1,3.0022,5.765911604790515
Cc1ccccc1S1->[Ir]<-Nc2ccncc21,3.1234200000000003,5.890699853781306
CN1->[Ir]<-n2(C)cccc2C2N=C(N)NC=12,0.0123999999999997,15.119392167484223
c1cc(-c2cnccn2)c2n(->[Ir]<-n3ccncc3-2)c1,1.9956,18.63736018734469
SC12Nc3cnccc3N->[Ir]<-NC1OCO2,-0.0516000000000002,4.42628623181737
CC1(C)C=N->[Ir]<-n2c1[nH]c1ccccc12,2.49007,12.90624905157554
NC1CN->[Ir]<-NC12CNCCO2,-2.452799999999998,5.755334909523429
Clc1cnccc1CN1->[Ir]<-Nc2cnccc21,2.3243,6.140276351762889
CC(c1cccs1)N1->[Ir]<-n2ccccc2C=1,3.3232000000000017,18.762148436335483
CCn12->[Ir]<-n3ccccc3-c1c(C(F)(F)F)cn2,2.9838000000000013,18.422584158384474
CCn12->[Ir]<-n3ccccc3-c1c(C)cn2,2.2734200000000007,18.422584158384474
CN1(c2ccnc(Br)c2)->[Ir]<-Nc2cnccc21,2.5892,7.9790547206991995
Clc1ccc(C=N2->[Ir]<-n3ccccc3C2)cc1,3.3541000000000016,17.048158316389962
Cc1ccc(C=N2->[Ir]<-n3ccccc3C2)o1,2.60212,17.048158316389962
CC(C)(C)P1(C)->[Ir]<-NCC1,1.8553,10.316986085598675
[Be]1->[Ir]<-N=C2N(C=C3C=CC=CN32)C=1c1ccncc1,1.55046,17.15431482654986
CC(C)(C)S1->[Ir]<-SCC1(S)CO,2.0663000000000005,5.890699853781306
COc1ccn2->[Ir]<-N(C(C)C)=Cc2c1,1.9175,18.762148436335483
C1=CC2Sc3ncccc3N->[Ir]<-NC2N=C1,1.0498999999999998,4.301497982826578
Clc1ccc(NC2=S->[Ir]<-n3ccccc3N2)cc1,3.5439000000000007,10.817894184657646
CC(=NO)c1ccn2->[Ir]<-n3ccccc3-c2c1,2.3418,18.63736018734469
c1ccc(-c2nc3ccccc3n3->[Ir]<-Nc23)nc1,2.274,11.407034960590238
c1ccc(-n2ccc3n2->[Ir]<-n2cccnc2-3)cc1,2.3293,19.672221751388193
Oc1cccc(CN2->[Ir]<-n3ccccc3C=2)n1,1.8012999999999997,17.172946565380755
Cc1cnn2(->[Ir]<-S=C([Se]c3ccccc3)N2)c1,1.0496199999999996,10.478329906706637
Oc1cccc(C=N2->[Ir]<-n3ccccc3N2)c1,2.233199999999999,16.244241511497155
Oc1cccc(C=N2->[Ir]<-Nc3ccncc32)c1,2.12,9.568256591653928
c1ccc(-c2cc3n(->[Ir]<-n4cccnc4-3)[nH]2)cc1,2.5337,17.958231631442672
Brc1cnn2(-c3ccccc3)->[Ir]<-n3cnccc3-c12,3.091800000000002,17.833443382451883
Nc1cccc(S2->[Ir]<-Nc3ccccc32)c1,3.0022,5.890699853781306
COc1cc(-c2ccccc2)c2n(->[Ir]<-N2)c1,2.3394000000000004,9.693044840644719
C1=CC2N->[Ir]<-Nc3ccccc3C2C=N1,1.2778,4.42628623181737
CCC(C)N1->[Ir]<-Nc2cnccc21,1.8742,6.015488102772097
Brc1cccc2n1->[Ir]<-NC1(CC=CC=N1)C2,2.0723000000000003,12.90624905157554
Fc1ccccc1NC1=S->[Ir]<-n2ccccc2N1,3.0296000000000003,10.817894184657646
CS1->[Ir]<-n2cc(-c3ccccc3)cnc2C1,3.0066000000000006,13.280613798547913
Cc1[nH]n2->[Ir]<-N=CC(C)(C)c2c1C,1.95371,11.067470682639229
Cc1ccccc1N1->[Ir]<-Oc2ccncc21,2.8392200000000014,5.890699853781306
OP1(C(F)(F)F)->[Ir]<-O=P(C(F)(F)F)(C(F)(F)F)c2ccccc21,4.248900000000001,10.138053534420816
Cc1ccccc1[Se]1->[Ir]<-Nc2cccnc21,0.62722,5.765911604790515
CC(=O)C(C)N1->[Ir]<-n2ccccc2C1,1.1487,15.334168196444441
c1ccc(-n23->[Ir]<-[O-]c4cnccc4-c2c[o+]n3)cc1,1.882,10.058587995445812
CC(C)N1->[Ir]<-NCc2cnccc21,1.3605999999999998,6.514641098735263
CCCS1->[Ir]<-S(CC=O)c2ncccc21,2.8747000000000016,7.854266471708408
CN(C)c1cnc2n(->[Ir]<-n3ccccc3-2)c1,1.6045999999999998,18.29779590939368
CC1=N(c2cc(Cl)cc(Cl)c2)->[Ir]<-n2ccccc21,4.529100000000002,20.35135030729021
Oc1ccnc(CN2->[Ir]<-n3ccccc3C=2)c1,1.8013,17.048158316389962
OC1(c2ccccc2)N->[Ir]<-n2ccccc21,1.2337000000000002,11.407034960590238
O=[N+]([O-])c1cccc(NC2=O->[Ir]<-n3ccccc32)c1,2.2421,14.620239171521058
c1ccc(N2->[Ir]<-O=C3CCCCC=23)cc1,2.902200000000001,16.67379356941759
FC(F)C(F)N1->[Ir]<-N=CCNc2cnccc21,2.11567,10.378791685070299
c1ccc2c(c1)N->[Ir]<-n1ccccc1CO2,2.2428,11.407034960590238
c1ccn2->[Ir]<-n3cc(-c4ccoc4)ccc3-c2c1,3.403600000000002,18.63736018734469
CC1N->[Ir]<-N(C(C)C)C1C,0.7200999999999997,8.10384296968999
Cc1ccn2->[Ir]<-n3ccc(C)c(O)c3-c2c1,2.4660400000000005,18.63736018734469
c1ccc(-n23->[Ir]<-n4cccnc4-c2ccn3)cc1,2.3293,17.833443382451883
CC1=N(c2ccccc2Cl)->[Ir]<-n2ccccc21,3.875700000000003,20.476138556281
c1cncc(CN2->[Ir]<-Nc3cnccc32)c1,1.6709,6.26506460075368
CS1->[Ir]<-Nc2c(-c3ccccc3)cncc21,3.0527000000000006,6.26506460075368
CP1(c2ccccc2)->[Ir]<-OCCC1,1.806,8.478207716662364
CC(=O)CCN1->[Ir]<-n2ccccc2C1,1.1503,13.620178076498922
CC1(C)C=N->[Ir]<-S1Cc1cccnc1,2.742970000000001,7.854266471708408
C1=CC2[Se]C[Se]c3ccccn3->[Ir]<-N2C=C1,0.4902999999999995,11.53182320958103
CCC(C)N1->[Ir]<-Nc2ccncc21,1.8742,6.015488102772097
Clc1cccc(C=N2->[Ir]<-n3ccccc3C2)c1Cl,4.007500000000002,17.048158316389962
CC(O)O1->[Ir]<-Pc2ccccc2C1N,0.4991999999999999,8.84375087146346
C1=N(c2ccccc2)->[Ir]<-O=C1c1ccccc1,3.2718000000000016,14.959803449472068
c1ccc(-n23->[Ir]<-n4cnccc4-c2ccn3)cc1,2.3293,17.833443382451883
Oc1ccc(-c2ccn3->[Ir]<-SC(S)c3c2)cc1,3.312400000000002,11.407034960590238
CC(C)(Cl)C1=N->[Ir]<-N2=C(CCC2)C1,2.6484700000000005,15.20937994745365
CCn12->[Ir]<-n3ccccc3-c1ncc2C(F)(F)F,2.9838000000000013,18.422584158384474
Brc1cccc(C=N2->[Ir]<-n3ccccc3C2)c1,3.4632000000000023,17.048158316389962
COCc1cccn2->[Ir]<-n3ccccc3-c12,2.29,18.63736018734469
CCOCCN1->[Ir]<-n2ccccc2C=1,1.537,17.048158316389962
COC(=O)C(C)N1->[Ir]<-Nc2ccncc21,0.6372,6.26506460075368
Fc1ccc(C=N2->[Ir]<-n3ccccc3C2)cc1,2.8398000000000003,17.048158316389962
COC(=O)CN1->[Ir]<-NCc2cnccc21,0.1252000000000001,6.3898528497444715
NC(=O)CS1->[Ir]<-SCC1(S)C(=O)n1cccn1,0.2976999999999999,6.140276351762889
O=C(NN1->[Ir]<-n2ccccc2C1)c1ccoc1,1.1091999999999995,13.155825549557122
CC(C)c1cc2n(->[Ir]<-n3ccccc3-2)[nH]1,2.5951000000000004,18.29779590939368
CC(=O)C1=NCC2(N->[Ir]<-N3=C2CCC3)O1,-0.1060999999999998,11.53182320958103
C[Se]CC1(C([SeH])[SeH])[SeH]->[Ir]<-[SeH]C([SeH])C1[SeH],-1.9990000000000008,4.051921484844995
Fc1cncc(CN2->[Ir]<-Nc3ccncc32)c1,1.81,6.140276351762889
COC(=O)c1ccc2c(c1)cn1->[Ir]<-N=C(C)n21,1.6681699999999997,14.40546314256084
NC12CS(c3ccccc3)->[Ir]<-[Be]=CN1C=CN2,1.3131900000000003,5.551135575830297
COc1ccc(C=N2->[Ir]<-N=C(C)N2)cc1,1.61587,12.56668477362453
COc1ccn2->[Ir]<-n3ccc(OC=O)cc3-c2c1,1.6874,18.63736018734469
Clc1ccccc1-n1cc2n(->[Ir]<-n3ccccc3-2)n1,2.982700000000001,17.833443382451883
c1cc(-c2cnccn2)n2->[Ir]<-n3ccncc3-c2c1,1.9956,20.35135030729021
O=C(O)c1ccn2->[Ir]<-n3ccc(CO)cc3-c2c1,1.3340999999999998,18.63736018734469
CC1(C)OC=N2->[Ir]<-NC3C=CC=CC321,1.0155999999999998,14.574862007232609
[Be]1->[Ir]<-N2C=CC=CC23NC2C=CC=CC2N3C=1,0.62729,8.88912803575191
CC1=C(C)CC2(C=N->[Ir]<-N2)CC1,1.85377,8.228631218680782
CN1(C)->[Ir]<-OC(c2ccccc2)C1,1.2816,8.602995965653156
Fc1ccccc1C1=N(c2ccccc2)->[Ir]<-N=N1,3.9349700000000016,14.155886644579258
COC(=O)C1c2ccccc2N->[Ir]<-[Se]1C,1.2352,6.3898528497444715
O=C1c2ccccc2C2(C=N->[Ir]<-N2)CC1O,0.4374699999999995,6.140276351762889
O=C(O)C1=CC23C=N->[Ir]<-N2(C=C1)CC(C(=O)O)O3,-0.3440299999999999,12.860871887287088
C1=CC2N->[Ir]<-Nc3ccncc3SC2C=N1,1.0498999999999998,4.301497982826578
CS1->[Ir]<-S(c2ccccc2)CCC1S,3.787700000000002,8.10384296968999
CCc1ccc2c(c1CO)CN->[Ir]<-[O-]2,0.2736,4.176709733835787
CC(O)(O)CN1->[Ir]<-n2ccccc2C1,-0.1280000000000005,13.620178076498922
CC1CN(C2=CCCC=C2)->[Ir]<-N1,1.1571000000000002,6.514641098735263
c1ccn2->[Ir]<-n3[nH]cc(-c4ccncc4)c3-c2c1,2.5337,18.29779590939368
CN1->[Ir]<-O=C(Nc2ccc(C(=O)O)cc2)C1,0.5426999999999997,9.727845309666083
N#Cc1cccc(N2->[Ir]<-n3ccccc3C2)c1,2.56538,13.37060157851734
CC1(C)N->[Ir]<-N2=C1OCC2(C)C,0.931,14.450073758241816
CC(C)N1->[Ir]<-n2ccc(N)cc2C1,1.1618000000000002,13.49538982750813
CN(C)c1cc2n(->[Ir]<-n3ccccc3-2)cn1,1.6046,18.29779590939368
CCN12->[Ir]<-N(CC1)C(C)(N)C2,-0.4135999999999988,10.316986085598675
CCO1->[Ir]<-NC(c2ccccc2)C1,1.7229000000000003,6.3898528497444715
SC1CN->[Ir]<-SC1CC1COCO1,0.3049,4.42628623181737
CC(Cl)n12->[Ir]<-n3ccccc3-c1c(C(F)(F)F)cn2,3.7212000000000014,18.29779590939368
C1=CSC2SC(=C3SCS4->[Ir]<-S=CC34)SC2CS1,5.087200000000003,6.015488102772097
CC(c1ccccc1)N1->[Ir]<-OCC1,1.3295,8.228631218680782
CC1=NC2(CC=C1)NN->[Ir]<-n1cccn12,0.3774999999999995,10.977482902669802
CCN1->[Ir]<-N(CC)C(C)C1,0.5938999999999997,10.316986085598675
CC1CCCC2(C=N(O)->[Ir]<-N2)C1,1.354,7.219748531487366
CCOC(=O)CC1O->[Ir]<-n2ccccc21,1.0682,11.407034960590238
Clc1ccc(CN2->[Ir]<-n3ccccc3C=2)cc1,3.3541000000000016,17.048158316389962
Brc1ccccc1C=N1->[Ir]<-n2ccccc2C1,3.4632000000000023,17.048158316389962
Brc1ccccc1-n1cnn2->[Ir]<-n3ccccc3-c12,3.091800000000001,17.833443382451883
Cn1nc2n(->[Ir]<-N3=Cc4ccccc4CC23)n1,0.9264,17.618667353491666
c1ccc(C2=N(c3ccccc3)->[Ir]<-N=N2)cc1,3.7958700000000016,12.781460802584748
C1=O->[Ir]<-N(c2ccccc2)=C1c1ccccc1,3.0063000000000013,14.959803449472068
CC(=O)C1=CCN2->[Ir]<-n3ccccc3C2=C1,1.5411,13.37060157851734
c1coc(-c2ccn3->[Ir]<-n4ccccc4-c3c2)c1,3.403600000000002,18.63736018734469
CN1->[Ir]<-N(C)=C(C(=O)Nc2ccccc2)N=1,1.7353999999999998,12.941049520596904
O=C1C=N(c2ccccc2)->[Ir]<-N=C1c1ccsc1,3.0875700000000013,14.959803449472068
O=C(O)CN1(CC(=O)O)->[Ir]<-Nc2cnccc21,-0.3606000000000001,8.10384296968999
C=C(C)N1->[Ir]<-N=Cc2c(N)ncn2CC=1,1.06737,11.53182320958103
NC1CN->[Ir]<-N1=Cc1cc(O)cc(O)c1,-0.2397999999999995,11.441835429611602
C=CCS1->[Ir]<-SC2=C1NCC=C2C(C)=O,2.1231,5.890699853781306
Clc1ccc(-n2ccc3n2->[Ir]<-n2cccnc2-3)cc1,2.9827000000000004,19.672221751388193
c1ccn2->[Ir]<-Sc3nc4ccccc4cc3-c2c1,3.585500000000001,11.282246711599447
CC1N->[Ir]<-O(C)C1c1ccccc1,1.7212999999999998,8.228631218680782
c1ccc(CN2->[Ir]<-n3cccn3C2)cc1,1.6303999999999998,13.280613798547913
CCN1CCSCC12C=N->[Ir]<-N=C2,1.09304,7.854266471708408
CCN1(C)->[Ir]<-N=C2C=CC=CC21N,0.7388700000000001,13.869754574480504
CC1C(c2c(F)c(F)cc(F)c2F)N(O)->[Ir]<-N1O,1.6302,6.959595338238697
Cc1c(O)ccn2->[Ir]<-n3ccc(Cl)c(C)c3-c12,3.119440000000001,18.63736018734469
CCN1->[Ir]<-S=C(Sc2ccccc2)C=1C,3.5869000000000018,11.407034960590238
CC(C)c1ccn2->[Ir]<-n3cccn3-c2c1,2.3907000000000007,17.958231631442672
Fc1cccc(NC2=S->[Ir]<-n3ccccc3N2)c1,3.0296000000000003,10.942682433648438
Fc1ccc(-n2cc3n(->[Ir]<-n4ccccc4-3)n2)cc1,2.4684,17.833443382451883
CS1->[Ir]<-SC(c2ccccc2)C(O)C1,2.3814,6.3898528497444715
CC1S->[Ir]<-N(C(C)C)C(O)C1=N,0.6408699999999996,7.469325029468949
CC1=O->[Ir]<-O=C(Nc2ccc(C)cc2)C1,1.91262,10.942682433648438
CN1(C)->[Ir]<-N2(CCNCC2)C1,-0.5892999999999993,12.779705699488943
CN1CCCN2->[Ir]<-n3ccncc3C12,0.4002999999999997,15.334168196444441
Cc1cc2n(->[Ir]<-n3cc4c(cc3-2)CNC=C4)o1,2.11892,17.878053998132856
Oc1cccc(N=CC2=O->[Ir]<-n3ccccc32)c1,2.3724,14.835015200481276
CC(C)C12N=CN(C)C1P->[Ir]<-P2,1.3886999999999996,4.301497982826578
COC(=O)Cn12->[Ir]<-n3ccccc3-c1ccn2,1.1180999999999996,18.422584158384474
CN1(C)->[Ir]<-N2CCNCC2C1,-0.8905999999999987,12.53012920150736
C1=CC2N->[Ir]<-Nc3ccncc3[Se]C2C=N1,-0.2928000000000001,4.301497982826578
CC1=N(c2ccccc2)->[Ir]<-N1=[Si](C)C,3.256200000000001,16.76138955018008
CCP1(CC)->[Ir]<-NCCC1,1.8569,8.602995965653156
c1ccc(S2->[Ir]<-NC3NCCOC32)nc1,0.4043999999999996,7.514702193757399
Brc1ccc(-n2cc3n(->[Ir]<-n4ccccc4-3)n2)cc1,3.091800000000002,17.833443382451883
Brc1ccc(-c2nc3n(->[Ir]<-n4ccccc4-3)[nH]2)cc1,3.2962000000000016,17.958231631442672
CN1C=S->[Ir]<-n2ccc3ccccc3c2C=N1,2.457700000000001,11.282246711599447
Clc1ccccc1N1->[Ir]<-O=CC=1c1ccccc1,3.6597000000000017,14.959803449472068
Cc1cccc(N2->[Ir]<-OCC2)c1C,1.7076399999999998,6.26506460075368
Fc1ccc(CN2->[Ir]<-n3ccccc3C=2)cc1,2.839800000000001,17.172946565380755
CCP1(OC)->[Ir]<-s2cccc2C1C,3.8723000000000014,9.183315149414469
Clc1ccccc1N1->[Ir]<-N(c2ccccc2)=NC=1,4.783700000000002,17.83344338245188
CC1=[Be]->[Ir]<-n2ccccc2N1c1ccccc1,3.2783900000000017,16.369029760487948
Cc1cc(C)cc(N2C=[Be]->[Ir]<-n3[nH]ccc32)c1,2.71023,12.441896524633739
CC1CN->[Ir]<-N1=Cc1cccc(O)c1,1.1583,11.906187956553403
c1cncc(C2=O->[Ir]<-n3ccccc3CN2)c1,1.4066,14.620239171521058
Oc1ccncc1CN1->[Ir]<-n2ccccc2C=1,1.8012999999999997,17.048158316389962
CC(C)(C)S1->[Ir]<-Nc2ccccc21,3.1594000000000007,5.765911604790515
CC1=N(O)->[Ir]<-N(c2ccc(Br)cc2)C1C,3.099600000000001,10.772517020369195
C=C(C)C1(S)CS(C(C)C)->[Ir]<-S1,3.2600000000000025,6.015488102772097
C1=Cc2cc3n(->[Ir]<-n4ccccc4-3)cc2CN1,2.2175,18.63736018734469
COC(=O)CN1->[Ir]<-NCc2ncccc21,0.1252000000000001,6.3898528497444715
CS1->[Ir]<-S(c2ccccc2)CC(O)C1,2.502600000000001,8.228631218680782
C=CCCn1cc2n(->[Ir]<-n3ccccc3-2)n1,1.9162,17.833443382451883
Fc1cccc(-n2cc3n(->[Ir]<-n4ccccc4-3)n2)c1,2.4684,17.833443382451883
CC(C)N1->[Ir]<-N=CC12C=CC=NC2,1.01337,9.693044840644719
Oc1ccc(-c2nc3n(->[Ir]<-n4ccncc4-3)[nH]2)cc1,1.6342999999999994,17.958231631442672
CC(C)N1->[Ir]<-NC2(C=1)CC=CC=N2,1.1513000000000002,11.781399707562612
Brc1ccccc1CN1C=N2->[Ir]<-N=CC2C1,2.3111700000000006,11.19225893163002
CCN1(C)->[Ir]<-N=CC12C=CC=NC2,0.96707,12.030976205544194
Cn1ccn2->[Ir]<-n3ccn(C)c3C(=O)Cc12,0.5789999999999998,17.958231631442672
c1ccn2->[Ir]<-NC3(CNCCN3)c2c1,-0.6140999999999996,11.53182320958103
c1ccc(C2=O->[Ir]<-n3ccccc3CN2)nc1,1.4066,14.620239171521058
NC1(c2ccccn2)N->[Ir]<-n2ccccc21,0.5950999999999997,11.407034960590238
c1ccc(S2->[Ir]<-NC3CNCC32)cc1,1.0778,6.140276351762889
CC(=O)OC(C)N1->[Ir]<-Nc2cnccc21,0.9848,6.015488102772097
Cc1cc2n(->[Ir]<-[Be]=C3N(C)C=CN32)cc1C,1.91773,17.49387910450087
CN1(C)->[Ir]<-N(C)(CC(F)Cl)CC1,1.0142,14.743272317416045
CCC=N1->[Ir]<-S=C(Nc2ccccc2)N1,2.3688,9.228692313702918
Cc1ccn2->[Ir]<-S=C(n3cc(C(F)F)nn3)Nc2c1,2.16422,10.817894184657646
Nc1ccc(C(O)O)n2->[Ir]<-n3ccccc3-c12,0.709,20.35135030729021
Clc1cc(Cl)cc(C=N2->[Ir]<-n3ccccc3C2)c1,4.007500000000003,17.048158316389962
c1ccc(-c2cnn3->[Ir]<-n4ccncc4-c3n2)cc1,1.9955999999999992,17.833443382451883
CCN1->[Ir]<-NC(C)C1(C)C,0.7217,8.228631218680782
CC(C)(C)SC1=S(C)(C)->[Ir]<-S=C1,3.1762000000000024,12.155764454534985
Oc1ncccc1NC1=S->[Ir]<-n2ccccc2N1,1.9911,10.817894184657646
CC12CC=CC=N1->[Ir]<-N1=C2OCC1C(=O)O,0.6577,21.80518723398706
NC1=O->[Ir]<-N(=Cc2cccc3ccccc23)N1,1.842,10.26355387774642
c1ccc(N2->[Ir]<-[SeH]C3CCNC32)cc1,1.1071999999999995,7.6394904427481904
Clc1ccccc1N1->[Ir]<-O=C(c2ccccc2)C=1,3.925200000000003,14.959803449472068
COCC1(C(S)S)C(S)S->[Ir]<-SC1S,2.176300000000001,4.176709733835787
CC1(C)N->[Ir]<-POC12COC(C(=O)O)=N2,-0.2600000000000003,3.542191793614744
c1ccc(-c2nncc3n2->[Ir]<-n2ccncc2-3)cc1,1.9956,20.011786029339202
C=CC1OC(C)=O->[Ir]<-O=C1OC(C)C,1.0557,10.013210831157362
CC(C)C12C(=O)S->[Ir]<-[Be]=C([SeH])N1C=CN2C,0.41079,13.868837229425655
COc1ccn2->[Ir]<-n3c([nH]c4ccccc43)-c2c1,-1.7891999999999977,20.0117860293392
CCS1->[Ir]<-S(CC)C(C)(C)C1,3.271200000000002,8.228631218680782
CS1->[Ir]<-[Be]=C2NC(N)=CN2Cc2ccccc21,1.56759,10.977482902669802
CS1->[Ir]<-n2ccc(-c3ccccc3)cc2C1,3.611600000000003,13.620178076498922
CC(=O)c1ccn2->[Ir]<-n3ccc(C(=O)O)cc3-c2c1,2.0444,18.63736018734469
Clc1ccc(-c2cc3n(->[Ir]<-n4ccccc4-3)[nH]2)cc1,3.792100000000002,18.29779590939368
c1ccc(-n23->[Ir]<-n4ccccc4-c2cnc3)cc1,2.9343000000000004,18.29779590939368
Cc1cccc(N2->[Ir]<-PC3C=NC=CC=23)c1,2.909320000000002,13.245813329526548
CC(C)CN1->[Ir]<-n2ccccc2C1,1.8272,13.620178076498922
Cc1cc(O)cn2->[Ir]<-n3cc(O)cc(C)c3-c12,2.17164,18.63736018734469
Oc1ccc(CN2->[Ir]<-n3ccccc3C=2)cc1,2.4063,17.048158316389962
CC1C2(P)C=CC3(C)P2->[Ir]<-O=CC13P,2.027300000000001,7.729478222717616
COC(C)(C)N1->[Ir]<-Nc2ccncc21,1.4582,8.933738651432886
CC(=O)NC(C)N1->[Ir]<-Nc2cccnc21,0.5577999999999996,6.015488102772097
c1ccc(CN2->[Ir]<-Nc3cccnc32)cc1,2.2759,6.140276351762889
CCOC(=O)C1c2ccccn2->[Ir]<-SC1S,1.9140000000000008,11.407034960590238
C#Cc1ccccc1N1->[Ir]<-n2ccccc2C1,2.6750000000000007,13.37060157851734
CCOC(=O)CN1->[Ir]<-n2ccccc2C1,0.7342999999999997,15.583744694426024
c1ccn2->[Ir]<-N3=C(NN=C(c4ccncc4)N3)c2c1,0.6927999999999999,17.958231631442672
N#CC1COCCS2->[Ir]<-S(C=C2)CC(C#N)O1,1.7551599999999998,7.854266471708408
c1ccn2->[Ir]<-N(Cc3ccncc3)Cc2c1,1.7663999999999995,13.620178076498922
CC(C)=N1->[Ir]<-n2c(ccc3ccccc32)N1,3.0425000000000004,19.67222175138819
CCN1(CC)->[Ir]<-n2ccccc2C1,1.9234,15.583744694426024
CCN12->[Ir]<-N(CC)(CC1)CC2,0.6437999999999997,14.368907570443671
CC1CC2N->[Ir]<-NC1C2(C)C,0.707,4.551074480808161
Cc1ccoc1CN1->[Ir]<-Nc2cnccc21,2.17732,6.3898528497444715
OCc1ccc2n(->[Ir]<-n3cc(CO)ccc3-2)c1,1.1282,18.63736018734469
Nc1cccn2->[Ir]<-N(c3ccccc3)Cc12,2.2759,13.37060157851734
CC(CO)N1->[Ir]<-NCc2cnccc21,0.3330000000000001,6.26506460075368
Cc1ccc2n(->[Ir]<-S(c3ccccc3)C2)c1,3.6823200000000025,13.245813329526548
O=C(OC1CN->[Ir]<-NC1)c1ccccc1,0.1293999999999998,4.675862729798952
Brc1cccc(-n23->[Ir]<-n4ccccc4-c2ccn3)c1,3.6968000000000014,18.17300766040289
Oc1ccc(-n2cc3n(->[Ir]<-n4ccccc4-3)n2)cc1,2.0348999999999995,17.833443382451883
O=[N+]([O-])c1ccc(N2->[Ir]<-n3ccccc3C2)cc1,2.6019000000000005,13.37060157851734
C1=N->[Ir]<-O=P1(c1ccccc1)c1ccccc1,2.607570000000001,7.219802985760028
C#CCS1->[Ir]<-NCC12CCCNC2,0.4336999999999998,6.3898528497444715
CN(C)c1cccn2->[Ir]<-n3ccccc3-c12,2.2096,18.63736018734469
Oc1cc(F)cc(C=N2->[Ir]<-n3ccccc3C2)c1,2.5454,17.048158316389962
BrCCN1(CCBr)->[Ir]<-n2ccccc2C1,2.673400000000001,15.583744694426024
COC(=O)CCN1->[Ir]<-n2ccccc2C1,0.7342999999999997,13.620178076498922
c1cncc(N2->[Ir]<-N=NC23CNCCO3)c1,0.7980699999999996,9.968600215476386
CS1->[Ir]<-Nc2c(-c3cccc(O)c3)cncc21,2.7583,6.26506460075368
C1CCC2(C1)C1CS3->[Ir]<-S2CC1C3,3.0252000000000017,8.10384296968999
Cc1ccc[n+](C=C2[O-]->[Ir]<-n3ccccc32)c1,0.99342,11.157458462608655
c1ccc(N2->[Ir]<-O=c3c=2cnc2ccccc32)cc1,3.3579000000000017,16.79858181840838
c1cncc(C2=NNC3=N(->[Ir]<-n4ccccc43)N2)c1,0.6927999999999999,17.958231631442672
CC12C=O->[Ir]<-P3C(P)(C1)C(P)=CC32C,2.376500000000002,7.729478222717616
NC12C=CN=CC1c1cnccc1N->[Ir]<-N2,-0.0407999999999995,6.015488102772097
C1=CC2N->[Ir]<-Nc3ccccc3C2C=C1,1.8057,4.301497982826578
COC(=O)C(Cl)CN1->[Ir]<-n2ccccc2C1,0.9515999999999996,13.620178076498922
c1ccc(C2n3cccn3->[Ir]<-n3cccn32)nc1,1.5698,16.11945326250636
Cc1ccc(NC2=O->[Ir]<-n3ccccc32)cc1,2.6423200000000007,14.620239171521058
CCn12->[Ir]<-[Be]=C3NC(N)NN3c1c(C)cn2,-0.6357899999999994,17.403891324531447
CC1=N(O)->[Ir]<-N(Cc2ccccc2)=C1C,2.4976000000000003,16.41364037616892
Nc1cccc(N2->[Ir]<-n3ccccc3C2)c1,2.2759,13.37060157851734
Brc1cn2n(->[Ir]<-n3cc(-c4cccnc4)cn3C2)c1,2.4098999999999995,17.958231631442672
Cc1cccc2c1OC1=N->[Ir]<-n3cc[nH]c3C1=C2,2.61079,13.985721231300017
c1ccc(C2COC3=N2->[Ir]<-n2ccccc23)nc1,1.9947,19.84162061605996
CCOC=N1->[Ir]<-S=C(Nc2ccccc2)N1,1.9528,8.594174373481877
CN(C)c1ccn2->[Ir]<-n3ccccc3-c2c1,2.2096,18.63736018734469
NC1(c2ccccc2)N->[Ir]<-n2ccccc21,1.2001,13.03103730056633
CC#Cc1ccn2->[Ir]<-n3ccc(C)cc3-c2c1,2.8234200000000005,18.63736018734469
CN1(C)->[Ir]<-N(=Cc2cccnc2)CC1,1.0621,14.24411932145288
Clc1cccc(-n23->[Ir]<-n4ccccc4-c2cnc3)c1,3.5877000000000026,18.17300766040289
CSC12C=CC=CC1N(C)(C)->[Ir]<-P2,1.977,8.602995965653156
CC(C)C1=NCC2(C=N->[Ir]<-N(C)=C2)O1,1.16007,9.942621338626301
Brc1ccc(-n2ccn3->[Ir]<-n4ccccc4-c23)cc1,3.6968000000000014,18.29779590939368
NC1N->[Ir]<-n2ccc(-c3ccccc3)cc21,1.6646000000000003,11.53182320958103
Fc1ccc(-n2cc3n(->[Ir]<-n4ccccc4-3)c2)cc1,3.073400000000001,18.29779590939368
CC=Cc1c(C)[nH]n2->[Ir]<-n3ccccc3-c12,2.8132200000000003,18.29779590939368
Cc1ccc(S2->[Ir]<-n3ccccc3C2)cc1,3.6823200000000016,13.245813329526548
c1ccn2->[Ir]<-n3ccc(-c4ccncn4)cc3-c2c1,2.6006,18.63736018734469
c1ccc(-c2c[nH]c3n2->[Ir]<-n2ccccc2-3)cc1,3.138700000000001,20.011786029339202
c1ccc(S2->[Ir]<-N3CCCC3C2)cc1,2.5307000000000004,9.942621338626301
FC(F)(F)P1(c2ccccc2)->[Ir]<-N2=C(C1)OCC2,2.742300000000001,14.574862007232607
Brc1ccncc1CN1->[Ir]<-n2ccccc2C1,2.5289,13.620178076498922
CC1C=N(Cc2ccccc2)->[Ir]<-O1C,2.2923,11.906187956553403
Cc1cccc[n+]1C=C1[O-]->[Ir]<-n2ccccc21,0.99342,11.157458462608655
CN1(c2ccccc2Cl)->[Ir]<-Nc2cccnc21,3.0851000000000006,8.10384296968999
Cc1ccn2->[Ir]<-S(c3ccccc3)Cc2c1,3.6823200000000025,13.245813329526548
O=CS1->[Ir]<-SCC1(S)C(=O)n1cnc2cccc(Br)c21,2.9183000000000003,6.015488102772097
CC1(C)NC=NC12N->[Ir]<-n1ccccc12,0.6031999999999997,11.407034960590238
CC(C)CNN1->[Ir]<-n2ccccc2C=1,1.6611,16.583805789448164
Oc1cncc(CN2->[Ir]<-Nc3ccncc32)c1,1.3764999999999998,8.10384296968999
O=C(NN1->[Ir]<-n2ccccc2C=1)c1ccc(Br)cc1,2.6080000000000005,16.583805789448164
C1=O->[Ir]<-n2ccccc2C(c2ccccc2)N1,1.917,14.620239171521058
CSc1ccc2n(->[Ir]<-n3cc(SC)ccc3-2)c1,3.5874000000000024,18.63736018734469
c1ccc(NN2->[Ir]<-n3ccccc3C2)cc1,2.1983,13.155825549557122
CC=N1->[Ir]<-N(CC)(CC)CC1,1.4189,13.994542823471297
CCn12->[Ir]<-n3c([nH]c4ccccc43)-c1ccn2,2.4463,19.797010000378982
Cc1nn2c(c1C)CN->[Ir]<-N2(C)C,0.1562399999999996,8.263431687702147
Cc1ccnc(N2->[Ir]<-n3ccccc3C2)c1,2.39712,13.37060157851734
C#Cc1cccc(N2->[Ir]<-n3ccccc3C2)c1,2.6750000000000007,13.37060157851734
Oc1ccccc1-n1cc2n(->[Ir]<-n3ccccc3-2)n1,2.0348999999999995,17.833443382451883
FC(F)CN1(CC(F)F)->[Ir]<-n2ccccc2C1,2.4138,15.583744694426024
Cc1cccc(N2->[Ir]<-O=C3C=2C=CCC3Cl)c1,3.203920000000002,16.673793569417587
CS1->[Ir]<-n2ccccc2CC1CCO,1.7381,11.65661145857182
CSc1ccn2->[Ir]<-n3ccc(SC)cc3-c2c1,3.5874000000000024,18.63736018734469
C=CC1(S)CS(Cc2ccccc2)->[Ir]<-S1,3.6617000000000033,6.140276351762889
CC(O)N12->[Ir]<-N(CC1)CC2(N)CCl,-0.8762999999999987,11.396458265323153
Cc1cc(C(=O)c2ccn3->[Ir]<-NCc3c2)[nH]n1,0.8028200000000001,11.65661145857182
CC1(C)COC2(O1)P->[Ir]<-n1ccccc12,1.8924,11.407034960590238
Cc1cccc(C)c1[Se]1->[Ir]<-NC([SeH])C1,0.2368400000000001,6.3898528497444715
CN(C)c1ccc2n(->[Ir]<-n3ccccc3-2)c1,2.2096,18.63736018734469
Nc1ccccc1N1->[Ir]<-n2ccccc2C1,2.2759,13.37060157851734
c1ccn2->[Ir]<-N3=C(OC(c4ccncc4)C3)c2c1,1.9947,18.127630496114442
CS1->[Ir]<-n2ccc(-c3ccc(Cl)cc3)cc2C1,4.265000000000003,13.620178076498922
Fc1ccc(-c2cn3->[Ir]<-n4ccccc4-c3[nH]2)cc1,3.277800000000001,18.29779590939368
Cc1cccn2->[Ir]<-n3ccc(C(O)O)cc3-c12,1.4352199999999995,18.63736018734469
CC(C)=N1->[Ir]<-N(C(C)C)CC1,1.4652,15.458956445435232
C1=CCC(C=N2->[Ir]<-PCCC2)C=C1,2.4547000000000008,10.067409587617092
N#CC1CS2->[Ir]<-S(C=C2)C(C#N)COCCO1,1.7551599999999998,7.854266471708408
Cc1ccc(O)c(C2=N->[Ir]<-n3ccccc32)c1,2.5117900000000004,15.084591698462859
CN1CC2=[Be]->[Ir]<-N3CCCC3CN2C1=O,0.1445899999999998,16.61860625846953
CC(C)(O)n12->[Ir]<-n3ccccc3-c1ccn2,1.63,19.50205633810895
Ic1ccccc1CN1->[Ir]<-Nc2ccncc21,2.8805000000000014,6.140276351762889
COc1ccc(C=N2->[Ir]<-S=CN2CN)cc1,1.2045,10.942682433648438
Brc1ccccc1-c1cc2n(->[Ir]<-n3ccccc3-2)[nH]1,3.901200000000002,18.29779590939368
COc1cc(C)c2n(->[Ir]<-NC2C(O)O)c1,-0.29088,14.574862007232609
CC(C)C1CN2->[Ir]<-n3ccccc3C=2O1,1.883,18.12763049611444
Cn1ccn2->[Ir]<-NC3(CC=CC=N3)Cc12,0.6483,10.72790640468822
C=C1C=N(c2ccccc2)->[Ir]<-n2ccccc21,3.497300000000002,18.63736018734469
CC(=O)c1ccc2n(->[Ir]<-n3cc(C(=O)O)ccc3-2)c1,2.0444,18.63736018734469
NC1=S->[Ir]<-N(=Cc2c(O)ccc3ccccc23)N1,1.7125,10.72790640468822
C1=N->[Ir]<-n2ccccc2C12CNCNC2,0.1192699999999998,13.37060157851734
CSC12C=CC=CC1P->[Ir]<-N2(C)C,1.9770000000000003,10.441774334589466
OCP1(c2ccccc2)->[Ir]<-Nc2ncncc21,0.4412999999999997,7.854266471708408
O=C(Cn12->[Ir]<-n3ccccc3-c1ccn2)C(O)O,-0.1751000000000001,18.422584158384474
C1=CC2N->[Ir]<-Nc3ccncc3[Se][Se]C2N=C1,-1.0934999999999997,4.42628623181737
CN1->[Ir]<-n2ccccc2C1c1cccnc1,1.7854,13.620178076498922
CC(O)N1->[Ir]<-NCC(N)(CO)C1,-2.4371999999999985,9.932044643359218
c1ccc(S2->[Ir]<-NC3NCCOC32)cc1,1.0094,6.015488102772097
Oc1cccc(C=N2->[Ir]<-n3ccccc3C2)c1,2.4063,17.048158316389962
CN1->[Ir]<-NC2(C)CCCCC12,0.8657999999999999,6.3898528497444715
CNC1=S->[Ir]<-N(=Cc2ccccc2OC)N1,1.1229999999999998,7.265125695775816
CC(=O)CNC1=CC2(C=CC1=O)C=N->[Ir]<-N2,-0.4651299999999998,6.015488102772097
OCC1=N2->[Ir]<-N=C3c4ccccc4N=CC32CO1,0.93017,18.127630496114442
CCn1ccn2->[Ir]<-n3(CC)cncc3-c12,1.7863999999999998,18.207808129424258
Cc1ccccc1N1->[Ir]<-O=C2C=1C=CCC2Br,3.3600200000000022,16.79858181840838
Cc1cccc(O)c1N1->[Ir]<-n2ccccc2C=1,2.8462200000000006,18.762148436335483
O=[N+]([O-])CC1(S)CS(Cc2cccnc2)->[Ir]<-S1,2.1474,6.140276351762889
OCc1ccc2n(->[Ir]<-n3cccc(CO)c3-2)c1,1.1282,18.63736018734469
CCN1C=CN2C1=[Be]->[Ir]<-n1cccc(OC)c12,1.69959,19.33265747343718
CCS1->[Ir]<-S(CC)C(C)C1C,3.2696000000000023,8.228631218680782
CCCC=N1->[Ir]<-N=C(c2ccccc2)O1,2.814470000000001,12.101565698075255
OCc1ccn2->[Ir]<-n3cccc(CO)c3-c2c1,1.1282,18.63736018734469
CC1C(=O)CNC12N->[Ir]<-N1=C2CCC1,-0.3153999999999997,13.03103730056633
O=C(O)c1ccc(NC2=O->[Ir]<-n3ccccc32)cc1,2.0321,14.620239171521058
C[Si](C)(C)C1N->[Ir]<-n2ccccc21,1.9588,11.53182320958103
CN1->[Ir]<-S(c2ccccc2)c2ccccc21,3.879500000000002,7.854266471708408
CN1->[Ir]<-N2=CC=CC3(C)C=CC=CC23C=1,2.1987,17.297734814371548
CC1CN->[Ir]<-N1Cc1ccccc1,1.1234,6.514641098735263
Cc1ccc2n(->[Ir]<-N3=COC(C)(C)C23)c1,2.2682200000000003,18.127630496114442
Clc1cccc(C2NC=O->[Ir]<-n3ccccc32)c1,2.5704,12.90624905157554
Cc1ccc2c(c1)N->[Ir]<-Nc1cccnc1-2,2.22142,4.176709733835787
CC(C)(O)O1->[Ir]<-OC(O)COCC1,-0.9413000000000002,14.564285311965524
Nc1ccc(C(=O)N2->[Ir]<-n3ccccc3C=2)cc1,1.9231,18.00284224712365
CN1->[Ir]<-N(O)=CC2(C)CCCCC=12,2.0975,12.860871887287088
c1ccc(-c2c[nH]n3->[Ir]<-n4ccccc4-c23)cc1,3.1387,18.29779590939368
CC1=NC(C)C2(N1)N->[Ir]<-n1ccccc12,0.6032000000000002,13.03103730056633
CN1CCCC1C1=O->[Ir]<-n2ccccc21,1.3584999999999998,14.959803449472068
CC(=O)OC1CN->[Ir]<-N1c1ccccc1,0.9463999999999996,6.26506460075368
CC(C)(C)N1->[Ir]<-N=CC2(N)NC=NC=12,0.1194700000000001,16.95817053642054
c1ccc(-c2cnc3n(->[Ir]<-n4ccccc4-3)n2)cc1,2.6006,17.833443382451883
CC1N(O)->[Ir]<-N(C)(C)C1(C)C,0.6939000000000002,9.682468145377632
Nc1cccn2->[Ir]<-NC3(COCCN3)c12,-0.6048999999999995,13.03103730056633
CSCCN1->[Ir]<-N(C)(C)CC1,0.5005999999999999,14.493695819434462
CC1(C)OC=N2->[Ir]<-Nc3ccccc3C21,2.147,11.022093518350779
CC1(C)CC2CC1(C)N->[Ir]<-N2,0.8511000000000004,4.42628623181737
NC1C=N->[Ir]<-Nc2ccncc2C(N)N1,-0.8549299999999993,6.140276351762889
Cc1ncn2->[Ir]<-n3cnc(C)c(O)c3-c2c1C,1.5644599999999995,17.958231631442672
CCN1->[Ir]<-n2ccccc2C1C(=O)OC,0.9052,13.49538982750813
Brc1cncc(-c2cncc3n2->[Ir]<-n2cc(Br)ccc2-3)c1,4.125600000000002,20.35135030729021
C(=NN1->[Ir]<-n2ccccc2C1)c1cccnc1,1.6002999999999998,13.155825549557122
CC1(C)OC=N2->[Ir]<-n3c(oc4ccccc43)C21,2.7060000000000013,19.207102675838915
CCNc1ccn2->[Ir]<-n3ccccc3-c2c1,2.575400000000001,18.63736018734469
COP1(c2ccccc2)=O->[Ir]<-N(C)=C1C,2.2846,11.146936221614233
c1ccn2->[Ir]<-n3cc(-c4ccncc4)ncc3-c2c1,2.6006,18.63736018734469
Nc1cccc(-c2nn3->[Ir]<-n4ccccc4-c3o2)c1,2.3808000000000007,17.538489720181847
Brc1cncc2c1-c1ccc3ccccc3n1->[Ir]<-N2,3.6415000000000015,13.121025080535757
Cc1cccc(N2->[Ir]<-PC(P)C=2)c1C,3.082040000000002,11.65661145857182
FC(F)(F)c1ccccc1NC1=O->[Ir]<-n2ccccc21,3.3527000000000022,14.620239171521058
CN1C(=O)N2(C)->[Ir]<-O=C3N=CC=CC32C=C1N,-0.3102999999999999,14.110509480290808
CCN1->[Ir]<-n2ccccc2-c2cccnc21,2.5754,13.37060157851734
Cc1cccc(C=N2->[Ir]<-NCC2C)n1,1.15612,13.620178076498922
Fc1ccc(-c2cc3n(->[Ir]<-n4ccccc4-3)[nH]2)cc1,3.277800000000002,18.29779590939368
c1ccc(-c2cn3->[Ir]<-n4ccccc4-c3[nH]2)cc1,3.138700000000001,18.29779590939368
O=[N+]([O-])c1ccccc1N1->[Ir]<-n2ccccc2C1,2.6019000000000005,15.20937994745365
NC1=NNC(N)=S->[Ir]<-NC1c1ccccc1,-0.2081999999999992,4.051921484844995
Fc1ccc(F)c2c1ncn2CC1(S)S->[Ir]<-SC1S,3.0561000000000016,4.051921484844995
C1CCN2(->[Ir]<-NC23CCNC3)C1,-0.2695000000000001,10.067409587617092
Cc1c(O)ccn2->[Ir]<-n3ccc(O)c(C)c3-c12,2.17164,18.63736018734469
CC(C)(C)c1cncc2c1OP->[Ir]<-N2,2.1302000000000003,3.5421917936147445
CN1(c2ccccc2)->[Ir]<-Nc2ccncc21,2.4317,8.10384296968999
Oc1ccccc1C=N1->[Ir]<-n2ccccc2C1,2.4063,17.048158316389962
c1ccc(S2->[Ir]<-n3ccccc3CC2)cc1,3.416400000000001,11.407034960590238
Cc1ccccc1N1->[Ir]<-Nc2ncccc21,2.71582,6.015488102772097
Fc1ccc(C2n3cccn3->[Ir]<-n3cccn32)nc1,1.7088999999999996,16.11945326250636
O=C1Cc2ccn3->[Ir]<-n4ccc(C(=O)O)cc4-c3c2N1,1.3363999999999998,18.63736018734469
CC1=C(N)NC2=[Be]->[Ir]<-[Be]=CN3C(N)=CNC3(C)N21,-1.082319999999999,10.26355387774642
c1cncc(CN2->[Ir]<-n3ccccc3C2)c1,1.7663999999999995,13.620178076498922
Cc1ccn2->[Ir]<-N(C(C)C)Cc2c1,1.88802,13.49538982750813
C#Cc1ccc(C=N2->[Ir]<-Nc3cnccc32)cc1,2.3957,11.407034960590238
c1cn2n(->[Ir]<-n3cccn3C2c2ccncc2)c1,1.5698,16.11945326250636
CCC1c2ccccn2->[Ir]<-O1C(C)O,1.8876,16.28885212717813
CC(O)n12->[Ir]<-n3ccccc3-c1c(C(F)(F)F)cn2,2.4747000000000003,19.50205633810895
c1ccn2->[Ir]<-n3nccc(-c4ccncc4)c3-c2c1,2.6006,18.173007660402888
CO1->[Ir]<-n2ccccc2C1c1ccccc1,2.817400000000001,13.49538982750813
SCc1cncn2->[Ir]<-n3cccc(C(S)S)c3-c12,2.8266000000000018,18.29779590939368
Brc1cnccc1CN1->[Ir]<-n2ccccc2C1,2.5289,17.297734814371545
O=[N+]([O-])c1ccc(NN2->[Ir]<-n3ccccc3C=2)cc1,2.4358000000000004,16.583805789448164
Nc1cccn2->[Ir]<-NC3(CNCCO3)c12,-0.6049000000000004,12.86087188728709
COC1CN(C)(C)->[Ir]<-N1(C)C,0.0821000000000002,15.947532746131314
Nc1cccc2n1->[Ir]<-N21CCCCC1,1.6541,14.86981566950264
CCOC(=O)CC1N->[Ir]<-n2ccccc21,1.0346000000000002,11.53182320958103
CN1(C)->[Ir]<-NC2CCCCC21,0.8178999999999998,8.602995965653156
c1cncc(-c2ccnn3->[Ir]<-n4ccccc4-c23)c1,2.6006,18.17300766040289
C1=CC2(C=N->[Ir]<-N2c2ccccc2)CN=C1,2.12747,11.407034960590238
Fc1ccccc1CN1->[Ir]<-Nc2ccncc21,2.415,6.140276351762889
Clc1ccc(NN2->[Ir]<-n3ccccc3C2)cc1,2.851700000000001,13.155825549557122
Cc1ccc2n(->[Ir]<-n3cnc(C)c(C)c3-2)c1,2.4638600000000004,18.29779590939368
Pc1ccccc1N1->[Ir]<-n2ccccc2C1,2.1941,13.37060157851734
O=C(NN1->[Ir]<-n2ccccc2C=1)c1cccc(Cl)c1,2.498900000000001,16.583805789448164
OCCn12->[Ir]<-N(c3ccccc3)=Nc1cnc2,2.2908,18.08301988043346
Nc1nn2c(c1-c1ccccc1Br)P->[Ir]<-PC2,2.2278,4.42628623181737
Nc1c2n(->[Ir]<-NC2)nn1Cc1ccccc1,0.3672999999999992,10.852694653679011
c1ccc(-c2ncc3n(->[Ir]<-n4ccccc4-3)n2)cc1,2.6006,18.17300766040289
CC1=N->[Ir]<-n2[nH]c(-c3ccccc3)cc2C1,2.6588700000000003,14.74502742051185
CC1=N(O)->[Ir]<-n2[nH]cc(C)c2C1(C)C,1.84582,16.07407609821791
Cc1ccc2c(c1)sc1n2->[Ir]<-N(C)(C)C1,2.6663200000000007,20.557581204232665
NC1(CO)CN->[Ir]<-S1c1cccc(O)c1,0.0902999999999996,6.015488102772097
CC1=N(O)->[Ir]<-n2ccn(C)c2C1(C)C,1.5478,15.949287849227117
Clc1cccc2c1N=COC21N->[Ir]<-n2ccccc21,2.5848000000000004,12.611295389305505
CC1(c2cccnc2)C=N->[Ir]<-S1CCO,1.67187,9.81783308963551
CN1->[Ir]<-N(=Cc2c(O)cccc2O)CC1,0.7361,12.155764454534985
Nc1ccccc1-c1nn2->[Ir]<-n3ccccc3-c2o1,2.3808000000000007,17.538489720181847
CCN1CC2=S->[Ir]<-S=C2NCC1(C)N,0.2837000000000002,3.6775567378726213
C=CC1(S)CS->[Ir]<-S1c1ccccc1C,3.8290200000000016,5.890699853781306
c1nnn2(C3CCCCC3)->[Ir]<-NNc12,1.0688999999999993,10.637918624718793
BrC1=CSC(=C2c3ccccn3->[Ir]<-n3ccccc32)S1,4.867300000000003,18.63736018734469
CC1(C)CN2->[Ir]<-N1(C)CCC2,0.6900999999999999,10.441774334589466
Clc1cc(Cl)cc(-c2cc3n(->[Ir]<-n4ccccc4-3)[nH]2)c1,4.445500000000003,18.29779590939368
c1ccc(N2->[Ir]<-O=c3ncc4ccccc4c3=2)cc1,2.7665000000000006,16.209441042475788
C1=NC2(C=N->[Ir]<-S2Cc2ccccc2)CN1,1.89717,9.35348056269371
c1cncc(-c2cnn3->[Ir]<-n4ccccc4-c3c2)c1,2.600600000000001,18.17300766040289
Cc1ccn2->[Ir]<-n3cc(C)nc(C)c3-c2c1,2.4638600000000004,18.63736018734469
CC1(C)CN2->[Ir]<-N(C)(CC2)C1,0.5475999999999999,10.69135083257105
Cc1c2n(C(C)O)(->[Ir]<-SCC2)cnc1=O,0.5348200000000001,9.183315149414469
C=C1c2ccccn2->[Ir]<-n2cn3ccccc3c21,2.7908000000000017,18.29779590939368
Fc1ccccc1-c1cc2n(->[Ir]<-n3ccccc3-2)[nH]1,3.277800000000002,18.29779590939368
Fc1ccc(C2N=CC=CC23C=N->[Ir]<-N3)cc1,1.85447,6.140276351762889
Cc1cn(C)n(C2=N->[Ir]<-n3ccccc32)c1=O,0.76389,14.620239171521058
Clc1ccccc1-c1cc2n(->[Ir]<-n3ccccc3-2)[nH]1,3.792100000000002,18.29779590939368
CC(C)N1->[Ir]<-N=CC12C=CC=CC2,1.88887,9.81783308963551
Cc1cc(C(=O)OC2CN->[Ir]<-NC2)[nH]n1,-0.8390799999999987,4.675862729798952
NC(N)C1C=O->[Ir]<-N1=Cc1cccc(O)c1,-0.3778999999999997,13.245813329526548
[SeH]C1CC(c2ccccc2)C([SeH])[SeH]->[Ir]<-[SeH]1,0.2554999999999999,4.176709733835787
C1=CC2N->[Ir]<-Nc3ccccc3OC2N=C1,0.9415999999999998,5.505758411541846
CCN12->[Ir]<-n3ccccc3C1CNC2,1.0053,18.92173715434764
C=C(c1ccccc1)N1->[Ir]<-n2ccccc2C=1,3.171400000000001,18.762148436335483
CS1->[Ir]<-N(=Cc2cccc3c2OCO3)CC1,2.1972,12.030976205544194
CC12C=CC3P1->[Ir]<-S=CC2(C)C3(P)P,2.828100000000002,5.765911604790515
Cn1ccn2->[Ir]<-N=C3Oc4c(F)cccc4C=C3c12,2.4518699999999995,12.271731111354496
N#CC1COCCOCC(C#N)S2->[Ir]<-S1C=C2,1.75516,7.729478222717616
CCSCC1=O->[Ir]<-n2ccccc2CN1,1.4509,12.656672553593957
c1ccc(OC2=N->[Ir]<-O=C2c2ccccc2)cc1,2.9255700000000013,10.772517020369195
Cc1c[nH]n2->[Ir]<-N(O)=C3C=CC=CC3(C)c12,1.93202,13.985721231300017
CCOC1=O->[Ir]<-O=C(Nc2ccccc2)C1,1.5783,10.308164493427395
CCN1->[Ir]<-NCC1c1ccccc1,1.2958999999999998,8.353419467671573
CCN1->[Ir]<-NC2CCCCC21,0.8657999999999999,6.3898528497444715
CN1(C)->[Ir]<-NC23C=CC=CC21N=CN=C3,0.1805,11.691411927593185
C1CNC2(C1)N->[Ir]<-N21CCCC1,0.0780999999999996,9.942621338626301
CSC1=S->[Ir]<-S=C1N1CC(C)C(C)C1,2.5920000000000005,3.6775567378726213
CC(O)N1(C)->[Ir]<-N(C)(C)CC1,-0.1818999999999999,17.661522866076847
Oc1ccc(C=N2->[Ir]<-n3ccccc3C2)cc1,2.4063,17.048158316389962
Oc1ccnc(CN2->[Ir]<-Nc3cnccc32)c1,1.3765,6.26506460075368
CC1C(C)S(C(C)C)->[Ir]<-S1C,3.2680000000000025,8.228631218680782
CCN1CC2=S->[Ir]<-S=C2NC(C)(N)C1,0.2837000000000002,3.6775567378726213
Clc1cccc(C2n3cccn3->[Ir]<-n3cccn32)n1,2.2231999999999994,17.958231631442672
Fc1ccccc1N1->[Ir]<-N=CC12C=CC=NC2,2.26657,9.693044840644719
Clc1ccccc1CN1->[Ir]<-NCCC1,1.7784,6.639429347726054
c1ccc(-c2ccn3->[Ir]<-n4cccn4-c3c2)cc1,2.9343000000000004,17.958231631442672
[SeH]C1[SeH]->[Ir]<-[SeH]C([SeH])C1n1cnc2ccccc21,-0.3274000000000006,4.176709733835787
Cc1ccn2->[Ir]<-N=C(Sc3ccccc3)c2c1,3.507690000000001,13.245813329526548
C1=CC2(C=N->[Ir]<-N2)CC(c2ccccn2)=C1,1.7719700000000005,6.140276351762889
C1=NN2->[Ir]<-n3ccccc3C=2C1c1ccccc1,2.653900000000001,18.17300766040289
CSC1=S->[Ir]<-S=C1N1C(C)CCC1C,2.8770000000000016,3.8023449868634125
Nc1ccc(-c2nn3->[Ir]<-n4ccccc4-c3o2)cc1,2.3808000000000007,17.538489720181847
NC1CN->[Ir]<-N1Cc1cccc(O)c1,-0.2746999999999999,6.514641098735263
CCn1cc2n(->[Ir]<-n3c-2[nH]c2ccccc23)c1,2.4463,19.67222175138819
Clc1ccc(-c2ccn3n2->[Ir]<-n2ccccc2-3)cc1,3.5877000000000026,19.672221751388193
CC(C)C12N=COC1S(CCO)->[Ir]<-S2,1.3785999999999998,6.140276351762889
Clc1cc2c(c3ccccc13)=O->[Ir]<-N=2c1ccccn1,3.630300000000002,16.334229291466578
N#Cc1ccc2n(->[Ir]<-n3ccc(-c4ccco4)cc3-2)c1,3.275280000000002,18.63736018734469
CC(C)C12N=COC1S->[Ir]<-S2CCO,1.3785999999999998,6.015488102772097
Cc1ccc2n(->[Ir]<-[Be]=C3NC4=C(C=CNC4)N32)c1,1.12441,17.618667353491663
COC(=O)C12C=CC=CC1(P)[SeH]->[Ir]<-NC2,-0.2973,4.301497982826578
COP1(c2ccccc2)->[Ir]<-n2cccn2C1,2.2094,14.110509480290807
Oc1cccc(-n2cc3n(->[Ir]<-n4ccccc4-3)n2)c1,2.034899999999999,17.833443382451883
c1ccc(-c2cnn3(->[Ir]<-NCCN3)c2)cc1,3.712500000000001,13.065837769587695
Oc1cccc(CN2->[Ir]<-Nc3cnccc32)c1,2.22942,6.140276351762889
NC1Nc2cnccc2N->[Ir]<-n2ccccc21,1.1282,11.407034960590238
CC(C)N1CCN2->[Ir]<-n3ccccc3C=21,1.5522,18.422584158384474
c1ccc(Cn23->[Ir]<-n4ccccc4-c2cnn3)nc1,1.7834,18.083019880433465
Clc1ccccc1CN1->[Ir]<-n2ccccc2C1,3.0248,13.620178076498922
CC(C)CN1->[Ir]<-NCC1(N)C(=O)O,-1.069699999999998,9.727845309666083
CC(C)c1ccc2n(->[Ir]<-n3ccccc3-2)c1,3.267000000000002,18.63736018734469
O=C(O)c1ccc(N2->[Ir]<-n3ccccc3C2)cc1,2.3919000000000006,13.37060157851734
Cc1cccc(F)c1N1->[Ir]<-n2ccccc2C1,3.141220000000001,13.37060157851734
O=C(O)c1ccccc1N1->[Ir]<-n2ccccc2C1,2.3919000000000006,15.20937994745365
CN1(C)->[Ir]<-N(=Cc2cccc(Cl)c2)CC1,2.3205,16.082897690389192
O=[N+]([O-])c1ccc(CN2->[Ir]<-n3ccccc3C=2)cc1,2.6089,17.172946565380755
FC(F)(F)c1ccccc1N1->[Ir]<-n2ccccc2C1,3.712500000000002,13.37060157851734
CN1(C)->[Ir]<-N(c2ccc(C(F)(F)F)cc2)=CC1,2.9693000000000014,17.67209956134392
Cc1ccnc(C)c1N1->[Ir]<-n2ccccc2C=1,2.844040000000001,18.63736018734469
CC1=N(C(C)C)->[Ir]<-n2cc(C)ccc21,2.607420000000001,20.600926805271794
CC(C)C(C)C1=NC2NP->[Ir]<-N=C2O1,1.3902699999999997,6.880184253536357
O=C(O)c1cccc(N2->[Ir]<-n3ccccc3C2)c1,2.3919000000000006,13.37060157851734
ClCc1ccccc1N1->[Ir]<-n2ccccc2C1,3.432500000000001,13.37060157851734
c1ccn2->[Ir]<-N3=C(c2c1)N(c1ccncc1)CC3,1.7433999999999998,18.422584158384474
SC1c2ccccn2->[Ir]<-SC1c1ccccc1,3.723600000000002,11.407034960590238
c1ccn2->[Ir]<-n3(Cc4ccncc4)nncc3-c2c1,1.7833999999999994,18.083019880433465
Nc1cc(-c2ccccc2)n2->[Ir]<-n3cccnc3-n12,1.9115,19.332657473437184
O=C(Nc1ccccc1)c1cncc2c1N->[Ir]<-N2,1.4983,5.380970162551054
C1=CC2N->[Ir]<-Nc3ccccc3OC2C=C1,1.4695,4.551074480808161
CC(C)c1cccn2->[Ir]<-n3ccccc3-c12,3.267000000000001,18.63736018734469
Brc1cccc(C=N2->[Ir]<-O=C(c3ccccc3)N2)c1,3.213000000000002,12.56668477362453
CN12->[Ir]<-n3ccccc3C1CCCC2,2.2384000000000004,15.583744694426024
CC(C)C1=NCC2(C=N->[Ir]<-[Be]=Cn3nccc32)O1,1.20636,8.88912803575191
CC12C=CC=CN1->[Ir]<-NC21CC=CC=N1,1.1039,9.4782688116845
NC1=CNC2([SeH])N1->[Ir]<-[Be]=CN1C=NC3C=CC=CC312,-1.3857099999999996,10.603118155697429
C[Si](C)(C)c1cn2n(->[Ir]<-n3ccccc3-2)n1,1.2074999999999998,17.493879104500873
CC1(C)N->[Ir]<-n2nc(-c3ccc(O)cc3)oc21,1.6359999999999997,10.432952742418188
CC1(C)C=COCCOC12C=N->[Ir]<-N2,0.8776700000000002,7.469325029468948
c1cncc(Cn23->[Ir]<-n4ccccc4-c2cnn3)c1,1.7833999999999994,18.083019880433465
Cc1cccc(N2->[Ir]<-n3ccccc3N=2)c1C,4.113840000000003,17.958231631442672
Cc1ccccc1C=N1->[Ir]<-n2ccccc2N1,2.8360200000000004,16.244241511497155
CN1(C)->[Ir]<-N(=Cc2cc(F)cc(Cl)c2)CC1,2.4596,14.24411932145288
CCC1OC=O->[Ir]<-OC12COC(C)C2,0.4778999999999997,7.219748531487366
CC1(c2ccccc2)C=N->[Ir]<-N1(C)C,2.11297,12.155764454534985
SC1c2ccccc2S->[Ir]<-SC12C=CC=CN2,3.245400000000002,4.051921484844995
Oc1cccc(CN2->[Ir]<-n3ccccc3C2)n1,1.472,13.744966325489713
C1=CC2N->[Ir]<-Nc3ccccc3SC2C=C1,2.1828,4.551074480808161
CC(C)(C)S1->[Ir]<-N(C)(C)CC1,2.0797,12.280552703525778
CC1=CC2CC3(C)C(P)=O->[Ir]<-P2(C)C13,2.6069000000000013,9.693044840644719
Nc1ccc(-c2cc3n(->[Ir]<-n4ccccc4-3)[nH]2)cn1,2.1158999999999994,18.29779590939368
CC1=N(c2ccc(P)cc2)->[Ir]<-n2ccccc21,2.7227000000000023,20.35135030729021
CCN1CN(C(=O)c2ccccc2)C2=S->[Ir]<-S=C21,2.0766,3.6775567378726213
CC1(O)N->[Ir]<-NC23N=CC=CC12C=CC=N3,-0.4662999999999999,8.379398344521658
C1=NC23C=N->[Ir]<-N=Cc4ncccc4C2(N1)NC=N3,-0.1590600000000003,7.9790547206991995
c1ccc(-c2cc3n(->[Ir]<-n4ccccc4-3)cn2)cc1,3.2056000000000013,18.29779590939368
O=[N+]([O-])c1cccc(-n23->[Ir]<-n4ccccc4-c2cnn3)c1,2.2375,17.833443382451883
c1ccn2->[Ir]<-N(C3CCCCC3)=Nc2c1,3.498000000000002,18.207808129424258
CCN1->[Ir]<-N(=Cc2ccc(C)o2)CC1,1.61642,12.030976205544194
Clc1ccc(CN2->[Ir]<-n3ccccc3C2)cc1,3.024800000000001,13.620178076498922
CC(C)C1=NCC2(O1)S->[Ir]<-SC2(S)CO,1.2453999999999996,4.051921484844995
C#Cc1ccc2n(->[Ir]<-S=C(Nc3ccccc3)N2)c1,2.8718000000000004,10.817894184657646
C(c1ccc2c(c1)OCO2)=N1->[Ir]<-n2ccccc2N1,2.2563000000000004,16.244241511497155
CC(C)N1CCN2C1=[Be]->[Ir]<-n1ccccc12,1.60829,17.83344338245188
Nc1cnc2n1(-c1cccc3ccccc13)->[Ir]<-N=N2,3.270170000000001,12.441896524633739
CC(C)c1ccn2->[Ir]<-n3ccccc3-c2c1,3.267000000000001,18.63736018734469
c1ccn2->[Ir]<-NC(c3ccc4c(c3)OCO4)c2c1,1.8584,11.53182320958103
Cc1ncccc1-c1cc2n(->[Ir]<-n3cccnc3-2)[nH]1,2.237119999999999,17.958231631442672
C(#Cc1ccccc1)CN1->[Ir]<-n2ccccc2C=1,2.552200000000001,17.048158316389962
CC(=O)C1(S)CS(Cc2ccccc2)->[Ir]<-S1,3.064700000000002,6.140276351762889
CC(C)(C)S1->[Ir]<-Nc2ccncc2C1,2.6955,6.015488102772097
COP1(OC)=O->[Ir]<-N2=C(CCCC2)C1,2.0972,14.574916461505271
CC(C)C(C)S1->[Ir]<-s2cccc2C1S,4.454200000000004,7.604689973726825
C1=CC2(CN=C1)CS(c1ccccc1)->[Ir]<-N2,2.1168,6.3898528497444715
CN1(C)->[Ir]<-N(=Cc2ccc(F)cc2)CC1,1.8062,16.082897690389192
CN1(C)->[Ir]<-NC23C=CC=CC21NC(N)=N3,-1.0567999999999982,11.691411927593185
COC(=O)CN1->[Ir]<-NCC1(N)C(=O)OC,-2.464299999999997,8.353419467671573
Fc1ccccc1CN1->[Ir]<-n2ccccc2C1,2.5105000000000004,15.458956445435232
Fc1ccc(C=N2->[Ir]<-O=C(c3ccccc3)N2)c(F)c1,2.728700000000001,13.342419398019535
Cn1ccn2->[Ir]<-N(c3ccc(O)cc3)=CCc12,2.0707,18.29779590939368
c1ccn2->[Ir]<-n3nn(Cc4ccncc4)cc3-c2c1,1.783399999999999,17.83344338245188
CC(c1ccccc1)n1c2c(n(C)c1=S)=S->[Ir]<-S=2,2.934700000000001,3.6775567378726213
CCn12->[Ir]<-n3cc(NC)ccc3-c1cnc2,2.0066999999999995,18.547372407375263
Cc1cccc(-c2nn3->[Ir]<-n4ccccc4-c3o2)c1,3.107020000000001,17.538489720181847
Clc1cccc(CN2->[Ir]<-n3ccccc3C2)c1,3.024800000000001,13.744966325489713
C(c1ccccc1)=N1->[Ir]<-O=C(c2ccccc2)N1,2.450500000000001,10.852694653679011
Cc1ccccc1-c1nn2->[Ir]<-n3ccccc3-c2o1,3.107020000000001,17.538489720181847
FC(F)(F)COCCN1->[Ir]<-n2ccccc2C1,1.7500999999999998,13.620178076498922
c1ccc(N2->[Ir]<-N=c3cnc4ccccc4c3=2)cc1,3.543070000000002,16.798581818408383
CC1=O->[Ir]<-P2(C)C3CC1C2C(P)=C3C,2.6069000000000013,11.53182320958103
CCP1(CC)->[Ir]<-N=CC(C)(C)O1,2.867870000000001,9.183315149414469
BrCc1cccc(N2->[Ir]<-n3ccccc3C2)c1,3.5886000000000013,13.37060157851734
Brc1cccc(CN2->[Ir]<-n3ccccc3C2)c1,3.133900000000001,13.620178076498922
CC(C)(C)S1->[Ir]<-Nc2cccnc2C1,2.6955,6.015488102772097
Fc1ccc(C2n3cccn3->[Ir]<-n3cccn32)cc1,2.3139000000000003,17.958231631442672
c1ccn2->[Ir]<-n3cc4c(cc3-c2c1)sc1ccccc14,4.5115000000000025,18.63736018734469
CC(C)C1=NCC2(C[S+](C)([O-])->[Ir]<-[SH2+]2)O1,0.1574000000000001,7.59411327845974
CC1c2ccccn2->[Ir]<-N1c1ccccc1,3.254700000000001,13.245813329526548
Cc1cccn2->[Ir]<-N(c3ccccc3)Cc12,3.002120000000001,13.37060157851734
CN1->[Ir]<-n2ccccc2C1c1ccccc1,2.3904000000000005,13.620178076498922
CC(C)(C)c1c[nH]n2->[Ir]<-SCC(S)c12,2.6079000000000003,9.35348056269371
Cc1ccn2->[Ir]<-N(Cc3ccccc3)=Nc2c1,3.6739200000000025,16.369029760487948
c1ccn2->[Ir]<-NC3(CN=c4ccccc4=N3)c2c1,0.1460999999999999,13.03103730056633
Cc1ccc(N2->[Ir]<-N=CC2(C)C)cc1,2.835090000000001,7.729478222717616
CCOC(=O)c1ccn2->[Ir]<-n3ccccc3-c2c1,2.3203000000000005,18.63736018734469
Cc1ccc2n(->[Ir]<-N(c3ccccc3)C2)c1,3.002120000000001,13.37060157851734
CC(=O)C=C1c2ccccn2->[Ir]<-n2ccccc21,2.4973,18.63736018734469
CC1=O->[Ir]<-P2(C)C3CC1C2C(C)=C3P,2.6069000000000004,11.53182320958103
CC(C)c1ccccc1N1->[Ir]<-N=CC(=O)C=1,2.73097,13.245813329526548
c1ccc(Cn2cc3n(->[Ir]<-n4ccccc4-3)n2)nc1,1.7833999999999994,17.833443382451883
Cn1ccn(C)c1=N1->[Ir]<-n2ccccc2C1,0.8594999999999997,18.083019880433465
CS1->[Ir]<-S(CC(F)(F)F)C2CCCCC21,3.956100000000003,8.228631218680782
CC1COC=CC(C)C2(C=N->[Ir]<-N2)O1,0.8760699999999999,9.43289164739605
CCSC1c2ccccn2->[Ir]<-N1CC,2.4428,13.49538982750813
CCCCn1cc2n(->[Ir]<-n3ccccc3-2)n1,2.140199999999999,17.833443382451883
CCn12->[Ir]<-N3C=CC=CC3(C)c1cnc2,1.7913,13.155825549557122
FC(F)c1ccccc1N1->[Ir]<-n2ccccc2C1,3.631300000000001,13.37060157851734
CCN1->[Ir]<-n2ccccc2C=1C(C)C,2.5466000000000006,18.886936685326273
OC1NCc2ccccn2->[Ir]<-n2ccccc21,1.2573,21.635788369315293
CC1=N(c2ccccc2P)->[Ir]<-n2ccccc21,2.7227000000000023,20.35135030729021
CC(c1ccccc1)=N1->[Ir]<-Nc2ccncc21,2.804500000000001,13.121025080535757
CCn1c2c(n(Cc3ccccc3)c1=S)=S->[Ir]<-S=2,2.7638000000000016,3.6775567378726213
c1cc2c(c(C3N->[Ir]<-n4ccccc43)c1)OCO2,1.8584,11.53182320958103
O=C(Nc1ccccc1)C1CCP->[Ir]<-P1,2.134000000000001,4.551074480808161
Cc1ccc(N2->[Ir]<-n3ccccc3C=2)c(C)n1,2.844040000000001,18.762148436335483
c1cncc(-c2cccn3->[Ir]<-n4ccccc4-c23)c1,3.2056000000000013,18.63736018734469
Oc1ccc(O)c(C=N2->[Ir]<-n3ccccc3C2)c1,2.1118999999999994,17.048158316389962
Cc1cccc(N2->[Ir]<-n3ccccc3C2)c1,3.002120000000001,13.37060157851734
CCOC(=O)Cn1cc2n(->[Ir]<-n3ccccc3-2)n1,0.9032,17.833443382451883
CCOCCN1->[Ir]<-n2ccccc2C1,1.2076999999999998,13.620178076498922
CC(C)Cn1cc2n(->[Ir]<-n3ccccc3-2)n1,1.9960999999999995,17.833443382451883
Oc1ccc(-n2cc3n(->[Ir]<-n4cccn4C3)n2)cc1,1.2177,17.493879104500873
C=CC1c2n(C)ccn2->[Ir]<-n2ccn(C)c21,1.4714999999999998,14.28067489357005
Fc1ccccc1C=NN1->[Ir]<-n2ccccc2C1,2.3444000000000003,14.86981566950264
O=C(NN1->[Ir]<-n2ccccc2C=1)Sc1ccccc1,2.917400000000001,16.583805789448164
NC12C=CC=CC1NC1=S->[Ir]<-n3ccccc3N12,0.9257,10.817894184657646
CCOP(=O)(OCC)C1CN->[Ir]<-N1,0.4960000000000002,4.551074480808161
c1ccn2->[Ir]<-n3ccc(-c4ccncc4)cc3-c2c1,3.2056000000000013,18.63736018734469
CC1(C)c2ccccn2->[Ir]<-N1CCO,0.8986000000000001,13.37060157851734
Cc1ccc(C2=N(O)->[Ir]<-[Be]=C3N(C)C=CN32)cc1,1.84571,15.020582795343518
Fc1ccccc1C1n2cccn2->[Ir]<-n2cccn21,2.3138999999999994,17.958231631442672
CC(c1ccncc1)=N1->[Ir]<-n2ccccc2C1,2.4858,18.886936685326273
CC(CCO)N1->[Ir]<-n2ccccc2C1,0.9421,13.49538982750813
Cc1cc2n(->[Ir]<-POC2)cc1C(C)C,2.820120000000001,10.772517020369195
CN1CCN2->[Ir]<-n3ccn(C)c3C2C1,-0.0038000000000006,14.994603918493432
COC(C)CN1->[Ir]<-n2ccccc2C1,1.2061,13.620178076498922
CC(CO)N1->[Ir]<-N=c2c=1cnc1ccccc21,1.59217,16.923370067399173
CC(C)CCS1->[Ir]<-Nc2cccnc21,2.8020000000000005,6.015488102772097
COC(=O)C1CC[Se](C(C)C)->[Ir]<-N1,0.8275999999999997,6.26506460075368
NC1CNCC2(N1)N->[Ir]<-n1ccccc12,-1.329299999999998,13.03103730056633
c1cncc(-c2cnn3(->[Ir]<-n4cccnc4C3)c2)c1,1.7834,18.207808129424254
c1ccc(-c2cnc3n(->[Ir]<-n4ccccc4-3)c2)cc1,3.2056000000000013,18.29779590939368
CCOC(=O)CC=N1->[Ir]<-n2ccccc2C1,1.6056,15.20937994745365
Brc1ccn2->[Ir]<-n3cc4c(cc3-c2c1)sc1ccccc14,5.274000000000003,18.63736018734469
N=C1CN->[Ir]<-N(=Cc2cc(F)cc(Cl)c2)C(=N)C1,2.24384,11.317047180620811
COC(=O)c1ccn2->[Ir]<-n3ccc(C)cc3-c2c1,2.23862,18.63736018734469
Cc1cccn2->[Ir]<-N(Cc3ccccc3)=Nc12,3.6739200000000025,16.244241511497155
CC1c2ccccn2->[Ir]<-N1c1ccc(Cl)cc1,3.908100000000003,13.245813329526548
Fc1ccc(CN2->[Ir]<-n3ccccc3C2)cc1,2.5105000000000004,13.744966325489713
O=C(O)CNC(=O)CN1->[Ir]<-n2ccccc2C1,-0.6279999999999992,13.620178076498922
OC1(c2ccccc2)Oc2ccccc2C2=O->[Ir]<-O=C21,1.6761,11.282246711599447
CC1=O->[Ir]<-P2(C)C3C=C(P)C2C(C)C13,2.4628000000000005,11.53182320958103
O=[N+]([O-])c1cccc(CN2->[Ir]<-n3ccccc3C=2)c1,2.6089,17.048158316389962
Nc1cccc2n1->[Ir]<-PC1C=CC=CC21N,1.1875,11.067470682639229
CCCC1(CCC)C=N->[Ir]<-N=C1,2.8721400000000017,8.10384296968999
ON1->[Ir]<-N(c2ccccc2)=CC=1c1ccccc1,3.267400000000001,16.16406387818734
Clc1ccc(C2n3cccn3->[Ir]<-n3cccn32)cc1,2.8282,17.958231631442672
Oc1cccc(CNC2=O->[Ir]<-n3ccccc32)c1,1.7171999999999998,14.495450922530267
COc1ccn2->[Ir]<-N(C(C)C)Cc2c1,1.5882,13.620178076498922
c1ccc(C2=N3->[Ir]<-n4ccccc4C3CO2)cc1,2.5997000000000003,19.84162061605996
O=C(O)c1ccc2n(->[Ir]<-N(c3ccccc3P)=C2)c1,2.0308,18.63736018734469
Cn1cc2n(->[Ir]<-n3c(-c4ccccc4)c[nH]c3-2)c1,2.4772,19.67222175138819
Pc1ccc2n(->[Ir]<-n3nn(-c4ccccc4)cc3-2)c1,1.829699999999999,17.83344338245188
Oc1ccnc(CN2->[Ir]<-n3ccccc3C2)c1,1.472,13.620178076498922
Cc1cc(C(C)C)cc2n1->[Ir]<-POC2,2.820120000000002,10.647728771378404
Brc1ccccc1CN1->[Ir]<-n2ccccc2C1,3.133900000000001,13.744966325489713
Oc1cc(O)cc(C2c3ccccn3->[Ir]<-N2O)c1,1.5609999999999995,12.736083638296298
CC(C)c1cn2n(->[Ir]<-n3ccccc3C2)n1,1.8448,17.833443382451883
c1ccn2->[Ir]<-N(c3cccc4nc[nH]c34)Cc2c1,2.5699999999999994,13.37060157851734
Cc1cccc(N2->[Ir]<-n3ccccc3C2)c1Cl,3.655520000000002,15.20937994745365
CC1=N(c2ncccc2C)->[Ir]<-n2ccccc21,2.925720000000001,20.13657427832999
c1ccn2->[Ir]<-n3c(sc4ccc5ccccc5c43)-c2c1,4.5115000000000025,23.361620199169742
NC1(c2ccccc2)C=CNC12C=N->[Ir]<-N2,0.2620700000000009,7.6394904427481904
Fc1ccc(CN2->[Ir]<-n3ccccc3C2)c(F)c1F,2.7887000000000013,13.744966325489713
CC1c2ccccn2->[Ir]<-N1c1cccc(F)c1F,3.5329000000000024,13.245813329526548
NC1CNC2(CN1)N->[Ir]<-n1ccccc12,-1.329299999999998,11.407034960590238
Cc1cccc2n1->[Ir]<-N21CNc2ccccc21,2.9111200000000004,18.422584158384474
Cc1scc(C2C(C)N->[Ir]<-N2O)c1C,1.7320399999999998,9.55767989638684
CS1->[Ir]<-N(c2ccccc2)=Cc2ccccc21,4.159100000000003,13.37060157851734
O=CCN1->[Ir]<-n2ccccc2C=1c1ccccc1,2.1179,18.762148436335483
CCN1->[Ir]<-n2(cccn2)-c2ccccc2N1,1.8087,12.816261271606113
CC(C)OC(=O)CN1->[Ir]<-n2ccccc2C=1,1.4521,17.048158316389962
Cc1c(-c2ccccc2)ncc2c1N->[Ir]<-PO2,2.8081200000000006,3.6669800426055352
Cc1ccnc(NC2=S->[Ir]<-n3ccc(Cl)cc3N2)c1,3.24732,10.817894184657646
C1=CCC2(C=N->[Ir]<-S2Cc2ccncc2)N=C1,2.691370000000001,7.854266471708408
N#Cc1cn2->[Ir]<-n3ccccc3-c2c(-c2cccnc2)n1,2.47228,18.63736018734469
Cc1ccccc1C(=O)N1->[Ir]<-n2ccccc2C=1,2.6493200000000003,18.00284224712365
c1ccc(-c2ccn3->[Ir]<-n4ccccc4-c3n2)cc1,3.2056000000000013,18.29779590939368
Cn1ccn2->[Ir]<-N3=Cc4ccccc4CC3c12,2.1364,18.422584158384474
CN1(C)->[Ir]<-N2=c3ccccc3=NCC2C1,-0.1304000000000007,17.67209956134392
CN1(C)->[Ir]<-N(=Cc2cccc(F)c2)CC1,1.8062,14.24411932145288
Cc1cc(C)c2n(->[Ir]<-N(C(C)C)=C2)c1,2.5257400000000008,18.886936685326276
CC1(O)N->[Ir]<-NC23C=CN=CC12C=NC=C3,-0.4662999999999999,6.015488102772097
CC(C)(C)OC1N->[Ir]<-n2ccccc21,1.854,12.860871887287088
Brc1ccc(C2n3cccn3->[Ir]<-n3cccn32)cc1,2.9373000000000005,17.958231631442672
CC1=CC=CC(=CN2->[Ir]<-n3ccccc3C=2)N1,2.4051,17.048158316389962
CN1(C)->[Ir]<-IC2CCCCC2C1,2.5418000000000003,8.353419467671573
CC(O)(O)Cn12->[Ir]<-n3ccccc3-c1ccn2,0.6458999999999998,18.422584158384474
C1=CS2(C=CSC2=C2SCS3->[Ir]<-S=CC23)CCS1,5.201900000000003,6.015488102772097
CS1->[Ir]<-NC(C)(C)C(C)(C)C1,2.1129,6.3898528497444715
COC(=O)C1S->[Ir]<-N(=Cc2ccsc2)CC1S,1.9368,9.81783308963551
CS1->[Ir]<-NC2(c3ccccn3)C=CC=CC12,2.0932,6.26506460075368
Clc1ccccc1C1n2cccn2->[Ir]<-n2cccn21,2.8282,17.958231631442672
CCN1->[Ir]<-NC(C)C(C)(N)C1,-0.3394999999999989,6.639429347726054
Fc1ccncc1-c1ccn2->[Ir]<-n3ccccc3-c2c1,3.3447000000000022,18.63736018734469
Oc1cccc(CN2->[Ir]<-n3ccccc3N2)c1,1.9039,12.816261271606113
c1ccc(N2->[Ir]<-O=c3c=2ccc2ccccc32)cc1,3.6688000000000014,16.67379356941759
CN1NC2(CCCCC2)NC2=S->[Ir]<-S=C21,1.3411999999999995,3.8023449868634125
Oc1ccc(-c2cn3n(->[Ir]<-n4ccccc4-3)c2)cc1,2.6399,17.958231631442672
COc1ccccc1N1N->[Ir]<-n2ccccc21,2.102,10.72790640468822
CC(F)(F)S1->[Ir]<-S(C(F)(F)F)C2CCCCC21,4.896500000000002,8.38042459812183
CC(C)(C)S1->[Ir]<-NCc2ncccc21,2.4308999999999994,7.9790547206991995
CON1->[Ir]<-n2ccccc2C1c1cccnc1,1.717,14.450073758241816
CC1(N)CN->[Ir]<-N1=Cc1cc(O)cc(Cl)c1,1.0981,13.280613798547913
c1cncc(-c2ccc3n(->[Ir]<-n4ccccc4-3)c2)c1,3.2056000000000022,18.63736018734469
BrC1C=N->[Ir]<-N1Cc1ccc2ccccc2c1,3.299970000000002,8.10384296968999
Oc1cccc(CN2->[Ir]<-Nc3cccnc32)c1,1.9815,6.3898528497444715
CN(C)CCS1->[Ir]<-n2ccccc2C1,1.8764,15.334168196444441
N#Cc1nnc(N2c3ccccn3->[Ir]<-n3ccccc32)nn1,1.3980799999999995,17.958231631442672
Cc1c(-c2ccccc2)[nH]n2->[Ir]<-NN(C)c12,1.6950200000000002,10.38834212673721
OC12N=CC=CC1N->[Ir]<-Nc1ccccc1O2,0.2615999999999999,4.42628623181737
OC12CC(c3ccncc3)CC1N->[Ir]<-N2,-0.0664,4.551074480808161
ClC(c1ccccc1)N1->[Ir]<-n2ccccc2C1,3.1088000000000013,13.49538982750813
NC1c2ccccn2->[Ir]<-NC2C=CC=NC21,0.4178999999999996,9.693044840644719
Cc1ccc2n(->[Ir]<-n3cc(C)cc(C)c3-2)c1,3.0688600000000017,18.63736018734469
Brc1ccccc1N1->[Ir]<-N=c2cnc3ccccc3c2=1,4.305570000000001,16.67379356941759
Oc1cccc(C2n3cccn3->[Ir]<-n3cccn32)n1,1.2754,16.11945326250636
Nc1c(N2CCOCC2)ccc2c1=N->[Ir]<-N=2,0.0982400000000002,11.282246711599447
CC(=O)C1=CC2(C=N->[Ir]<-N2)c2ccccc2C1=O,1.2018700000000002,6.015488102772097
c1ccn2->[Ir]<-n3nc(-c4ccncc4)cn3Cc2c1,1.7833999999999994,17.83344338245188
C=CCC1c2ccccn2->[Ir]<-N1CC,2.3083,13.49538982750813
Cc1cccc(C)c1-n1c2c(n(C)c1=S)=S->[Ir]<-S=2,2.994940000000001,3.6775567378726213
CCC1(S)CS(C(C)(C)C)->[Ir]<-S1,3.4840000000000035,6.015488102772097
Cn12->[Ir]<-n3ccc4ccccc4c3SCc1nnn2,2.0506,16.029465482536935
CCN1(CC)->[Ir]<-N(O)=C2C=CC=CC21,1.6529999999999998,12.98566013627788
Cc1ccc([S+]2([O-])->[Ir]<-[S+](C)([O-])C23CC3)cc1,1.97122,10.137999080148154
NC1(CO)CN2->[Ir]<-N1(CCO)CC2,-2.4687999999999977,10.316986085598675
CC(C)OC(=O)n1cc2n(->[Ir]<-n3ccccc3-2)n1,1.7331999999999996,17.833443382451883
Nc1[nH]cc2n1->[Ir]<-N(c1cccc3ccccc13)=N2,3.560500000000001,18.993093195486175
CC1=S->[Ir]<-n2ccc3ccccc3c2C(N)=NN1,1.7919999999999998,11.157458462608655
Fc1ccccc1N1->[Ir]<-N=c2cnc3ccccc3c2=1,3.682170000000001,16.79858181840838
[Be]1->[Ir]<-n2ccccc2N2C=1NCN2c1ccccc1,1.86659,13.726334586658822
C=CP1(c2ccccc2)->[Ir]<-Nc2ccncc21,2.24,7.604689973726825
C1=CC2(CCC1)C1CS3->[Ir]<-S2CC1C3,3.191300000000002,8.10384296968999
ClCCc1ccn2->[Ir]<-n3ccc(CCl)cc3-c2c1,3.663700000000003,18.63736018734469
Nc1cn2->[Ir]<-n3csc(C=Nc4ccccc4)c3-c2s1,3.599400000000001,22.819121602167453
CCn1ccn2->[Ir]<-N(C)(C)C(C)c12,1.5255999999999998,15.368968665465808
Cc1c(N2->[Ir]<-n3ccccc3N=2)cccc1C(F)(F)F,4.824220000000001,17.958231631442672
CN1(C)->[Ir]<-NCC12CNCCN2,-1.6041999999999974,10.441774334589466
CC(c1ccccc1)N1->[Ir]<-n2ccccc2N=1,3.9265000000000025,17.958231631442672
NC1=CN2C(=[Be]->[Ir]<-NC3CCCCC32)N1,-0.0846099999999997,10.977482902669802
CCN1CCN(CC)C2=S->[Ir]<-S=C2C1,1.3411,3.802344986863413
C=C(NC1=O->[Ir]<-n2ccccc21)c1ccccc1,2.4823000000000004,14.620239171521058
CSCC1(CSC)CN(C)->[Ir]<-N1,0.6293,6.514641098735263
Cc1ccccc1C=N1->[Ir]<-Nc2ccncc21,2.72282,11.53182320958103
CC(=O)C1CN2->[Ir]<-N=CC3(CN=C(C(=O)O)O3)C=2O1,-0.7256300000000004,12.736083638296297
CC(O)C(C)N1->[Ir]<-n2ccccc2C1,0.9404999999999996,13.49538982750813
C1=N->[Ir]<-N(c2ccccc2)C12CCNC2,1.4801699999999998,9.693044840644719
SC1NCc2ccccn2->[Ir]<-n2ccccc21,2.1948,18.63736018734469
Cc1cccn2->[Ir]<-N3(CNc4ccccc43)c12,2.9111200000000013,16.583805789448164
O=[N+]([O-])c1ccc(-n2cc3n(->[Ir]<-n4ccccc4-3)n2)cc1,2.2375,17.833443382451883
Cc1cncc2c1S(C(C)(C)C)->[Ir]<-N2,2.862820000000001,5.765911604790515
C=CNN1->[Ir]<-n2ccccc2C=1c1ccccn1,1.9621,18.29779590939368
Cc1cc(O)cc(C=N2->[Ir]<-NCC2N)c1,0.3630199999999998,11.566623678602394
CC(CO)CN1->[Ir]<-n2ccccc2C1,0.7996,13.620178076498922
c1ccc(N2CCN3->[Ir]<-n4ccccc4C=32)nc1,1.7433999999999998,18.422584158384474
Fc1cc(-c2ccccc2)n2->[Ir]<-n3ccccc3-c2n1,3.3447000000000022,20.011786029339202
NCc1ccn2->[Ir]<-n3ccc(CS)cc3-c2c1,2.0321,18.63736018734469
CCOC(=O)Cn12->[Ir]<-n3ccccc3-c1cnn2,0.9032,18.083019880433465
C1=CC2(C=N->[Ir]<-S2Cc2cccnc2)CN=C1,2.34377,7.9790547206991995
CC1(C)OPN(O)C12S->[Ir]<-SC2(C)C,2.3294,4.176709733835787
C1=CCC2(C=N->[Ir]<-S2Cc2ccccn2)N=C1,2.691370000000001,7.854266471708408
FC(F)(F)c1ccn2->[Ir]<-n3ccc(C(F)(F)C(F)(F)F)cc3-c2c1,4.816500000000001,18.63736018734469
C=CCn1ccn2->[Ir]<-NC(C)(C)Nc12,1.1757999999999995,10.852694653679011
COc1ccccc1N1->[Ir]<-Nc2ccncc21,2.416,5.890699853781306
Cc1sccc1C=N1->[Ir]<-NCc2ncccc21,2.66082,11.65661145857182
CN1C2=[Be]->[Ir]<-[Be]=CN3CNC(N)=C3N2c2ccccc21,0.4326799999999998,10.138765628755628
CC1=C(C)OC2(C=N->[Ir]<-N2)COCC1,1.02177,6.015488102772097
CCN(C)C1=O->[Ir]<-S=C(c2ccccc2)N1,2.0234,6.800773168834016
Brc1cccc(-c2cnn3(->[Ir]<-NCCN3)c2)c1,1.8148,13.190626018578486
C1#Cc2ccccc2C#Cc2cnccn2->[Ir]<-NC1,1.1866,13.49538982750813
NC1(CO)CN2(CCO)->[Ir]<-N1CC2,-2.468799999999998,10.316986085598675
ClCc1c2n(->[Ir]<-NC2)nn1Cc1ccccc1,1.5238999999999994,9.0139162847427
Brc1cccc(C2n3cccn3->[Ir]<-n3cccn32)c1,2.9373000000000005,17.958231631442672
c1ccc(N2->[Ir]<-N=c3c=2ccc2cccnc32)cc1,3.2489700000000017,16.67379356941759
c1ccc(-c2ccn3->[Ir]<-n4cccn4Cn23)cc1,2.2524,17.958231631442672
Cc1ccnc(CN2->[Ir]<-n3ccccc3C=2)c1,2.4041200000000007,17.048158316389962
Oc1ccc(C2=O->[Ir]<-N(=Cc3ccncc3)N2)cc1,1.5511,12.56668477362453
C=CCN1(CC)->[Ir]<-n2ccccc2C1,2.0895,15.583744694426024
Brc1cnccc1Cn12->[Ir]<-n3ccccc3-c1cnn2,2.5459,18.083019880433465
CN1(C)->[Ir]<-N(=Cc2ccc(Cl)c(F)c2)CC1,2.4596,14.24411932145288
CC1=N->[Ir]<-n2c(ccn(C)c2=O)C1(C)C,1.09757,15.699711351245536
Oc1cccc(-n23->[Ir]<-n4ccccc4-c2ccn3)c1,2.6399,18.17300766040289
Cc1cccc(CN2->[Ir]<-n3ccccc3C=2)n1,2.40412,17.048158316389962
Cc1nccc2c1N->[Ir]<-N2=Cc1ccccc1Cl,3.376220000000001,11.407034960590238
c1ccc(S2->[Ir]<-NC3CCCNC32)nc1,1.2105,6.015488102772097
C1=CCC2(N=C1)OC=CN->[Ir]<-n1ccccc12,1.7116,11.53182320958103
CC(C)(C)c1ccn2n1->[Ir]<-NCC2,1.1393,13.03103730056633
O=C(O)c1ccc(CN2->[Ir]<-n3ccccc3C=2)cn1,1.7938999999999998,17.048158316389962
CC1N=CC=CC12NN->[Ir]<-n1(cccn1)N2,-0.3846999999999994,14.315475362591414
Cc1cc(N2->[Ir]<-N3(O)C=CC=CC3(C)C=2)no1,2.21872,12.39651936034529
CCN1CNC23C=CC=CC12P->[Ir]<-P3,1.1377999999999997,4.176709733835787
c1ccc(N2->[Ir]<-N=c3c=2cnc2ccccc32)cc1,3.543070000000002,16.798581818408383
O=S(=O)(C=N1->[Ir]<-Nc2ccncc21)c1ccccc1,1.7975,9.568256591653928
C1=CCC2(CC1)C1CS3->[Ir]<-S2CC1C3,3.191300000000002,8.10384296968999
Cc1ccc(N2C=[Be]->[Ir]<-n3cc(N)[nH]c32)cc1C,2.29243,10.603118155697429
Oc1ccccc1-c1cc2n(->[Ir]<-n3ccccc3-2)[nH]1,2.8443000000000014,18.29779590939368
CO1->[Ir]<-P(C)(C(C)(C)C)CC1,2.543000000000001,12.155764454534985
CC1CCCC1=N1->[Ir]<-N(C)(C)[SiH2]1,0.8078,19.561281642814432
c1ccc2c(c1)NCC21N->[Ir]<-n2ccccc21,1.7094,11.407034960590238
O=[N+]([O-])c1ccccc1-n12->[Ir]<-n3ccccc3-c1nnc2,2.2375,17.833443382451883
C1=N->[Ir]<-N(Cc2ccccc2)c2ccncc21,2.691370000000001,9.942621338626301
CP1(C)->[Ir]<-n2ccccc2-c2ccccc21,3.115400000000001,15.583744694426024
OCc1ccccc1N1->[Ir]<-n2ccccc2C1,2.186,15.20937994745365
c1ccc(-c2ccn3->[Ir]<-n4ccccc4-c3c2)cc1,3.810600000000002,18.63736018734469
C1=CCC2(C=N->[Ir]<-S2Cc2ccccc2)N=C1,3.2963700000000022,9.35348056269371
OCc1ccc(N2->[Ir]<-n3ccccc3C2)cc1,2.186,13.37060157851734
Oc1ccc(C2n3cccn3->[Ir]<-n3cccn32)cc1,1.8804,16.11945326250636
Nc1cccc(-c2nncc3n2->[Ir]<-n2ccccc2-3)c1,2.1828000000000003,20.011786029339202
CCN1(CC)->[Ir]<-N=CC12C=CC=NC2,1.35717,11.906187956553403
Oc1cc(-c2cccnc2)c2n(->[Ir]<-n3ccccc3-2)c1,2.911200000000001,18.63736018734469
Cc1ccc2n(->[Ir]<-[O-][N+](C(C)(C)C)=C2)c1,2.1177200000000003,10.942682433648438
c1ccc(N2->[Ir]<-N=c3c=2ccc2ccccc32)cc1,3.853970000000002,16.798581818408383
OC(O)c1cccn2->[Ir]<-n3cccc(C(O)O)c3-c12,0.1099999999999998,18.63736018734469
Cc1cccn2->[Ir]<-S=C(Nc3ccccc3)Nc12,3.198920000000001,10.942682433648438
Cc1cc(C)c(N2->[Ir]<-n3ccccc3N=2)c(O)c1,3.819440000000002,17.958231631442672
Cc1c(O)cccc1N1->[Ir]<-n2ccccc2C1,2.70772,13.49538982750813
COc1cccc(C=N2->[Ir]<-n3ccccc3N2)c1,2.5362,16.244241511497155
CC1(C)C=COC2=N(c3ccccc3)->[Ir]<-N=C21,3.306470000000001,16.28885212717813
CCN1(CC)->[Ir]<-N(C)(C)CC1,0.8897999999999999,14.618484068425253
Oc1cccc(CN2->[Ir]<-n3ccccc3C2)c1,2.077,13.620178076498922
Cc1ccccc1N1->[Ir]<-N(c2ccccc2)=NC=1,4.438720000000004,17.83344338245188
OC(O)c1ccn2->[Ir]<-n3cccc(C(O)O)c3-c2c1,0.1099999999999998,18.63736018734469
Clc1ccc(-c2ccn3->[Ir]<-n4ccccc4-c3c2)cc1,4.464000000000003,18.63736018734469
C(#Cc1ccccc1)CN1->[Ir]<-Nc2cccnc21,2.1274,6.26506460075368
COc1ccccc1C=N1->[Ir]<-n2ccccc2N1,2.5362,16.244241511497155
c1cncc(CNN2->[Ir]<-n3ccccc3C2)c1,1.271,16.958170536420536
O=C(NN1->[Ir]<-n2ccccc2C1)c1ccccc1,1.5161999999999998,13.155825549557122
Clc1ccn2->[Ir]<-N(=Cc3ccccc3)CCc2c1,3.396600000000001,15.20937994745365
c1ccc(NC2=S->[Ir]<-S=C2Nc2ccccc2)cc1,3.865400000000001,7.3551134757452425
Nc1ccccc1-c1cnn2->[Ir]<-n3ccccc3-c2n1,2.1827999999999994,17.833443382451883
COc1ccccc1N1->[Ir]<-n2ccccc2C1,2.702300000000001,13.37060157851734
CC(C)C1=NCC2(C=N->[Ir]<-S2C(C)O)O1,1.48847,5.890699853781306
CC1=N(Cc2ccccc2)->[Ir]<-n2ccccc21,3.090800000000001,18.762148436335483
COc1cccc(C2P->[Ir]<-n3ccccc32)c1,3.054700000000002,11.53182320958103
Cc1cccc(S2->[Ir]<-Nc3cnccc32)c1C,3.431840000000001,5.890699853781306
Cc1ccccc1-n1cc2n(->[Ir]<-n3ccccc3-2)n1,2.6377200000000007,17.833443382451883
C1=N(c2cc(-c3ccccc3)on2)->[Ir]<-n2ccccc21,3.4872000000000014,18.29779590939368
Clc1cccc(-c2cccn3->[Ir]<-n4ccccc4-c23)c1,4.464000000000003,18.63736018734469
Cc1cc(C)cc(NC2=O->[Ir]<-O=CC2C)c1,2.07694,9.228692313702918
CCN1(C)->[Ir]<-[Se](c2ccccc2)CC1,1.3860999999999997,10.316986085598675
Brc1cccn2->[Ir]<-NC3(C=c4ccccc4=NC3)c12,1.112,13.37060157851734
CC(C)C1=NCC2(N->[Ir]<-n3ccccc32)O1,1.2778,12.611295389305505
CN1CCN2(->[Ir]<-n3ccccc3C2)CC1=O,0.3555999999999999,15.583744694426024
CC(C)C1COC2=N1->[Ir]<-N(C)(C)C2,1.0013,17.03758162112288
c1ccc(-c2nc3c(o2)=N->[Ir]<-N=3c2ccccc2)cc1,3.1708700000000016,15.699711351245536
Cc1nc2n(->[Ir]<-n3ccccc3-2)n1-c1ccccc1,2.6377200000000007,19.672221751388193
Nc1cccc(CN2->[Ir]<-Nc3ccncc32)c1,1.8581,6.26506460075368
NCc1ccc2n(->[Ir]<-n3cccc(CN)c3-2)c1,1.0609999999999995,18.63736018734469
Cc1cc(C)cc(N2->[Ir]<-Oc3cccnc32)c1,3.147640000000001,5.890699853781306
CC(C)c1ccc(C(C)C)c2c1=O->[Ir]<-O=2,2.303,11.282246711599447
Cn1ccn2->[Ir]<-n3c([nH]c4ccccc43)CC(=O)c12,1.7217999999999998,19.67222175138819
NC12NC=CN1->[Ir]<-[Be]=C1C=CC3C=CC=CC3N12,0.24179,16.11945326250636
N=C1C2C=CC=CC2=N->[Ir]<-N1=Cc1ccc(Cl)cc1,3.498140000000002,14.620239171521058
C1=CCC2(N=C1)NC=CN->[Ir]<-n1ccccc12,1.2846,11.53182320958103
COc1cccc(N2->[Ir]<-n3ccccc3C2)c1,2.702300000000001,13.37060157851734
CC(C)C1=NCC2(C=N->[Ir]<-N2(C)C)O1,0.97857,12.030976205544194
CN1(C)->[Ir]<-N(=Cc2ccc(O)cc2)CC1,1.3726999999999998,12.40534095251657
COc1ccccc1C1P->[Ir]<-n2ccccc21,3.054700000000002,11.65661145857182
Oc1ccc(CN2->[Ir]<-n3ccccc3C2)cc1,2.077,13.620178076498922
CC(C)NC(=S)SC1N->[Ir]<-n2ccccc21,2.055,11.53182320958103
O=C(Nc1ccccc1)C1=CC2=N->[Ir]<-N=C2CC1,2.38484,11.282246711599447
CCN1->[Ir]<-NC2Nc3ccccc3NC21,0.7444,6.3898528497444715
CN1C=NC23C=CC=CC12N(C)(C)->[Ir]<-[Be]=CN3,0.1754899999999999,9.852633558656875
Oc1cccnc1Cn12->[Ir]<-n3ccccc3-c1cnn2,1.489,19.921798249369775
CC1(C)CN2->[Ir]<-N3=C(OC(C)(C)C3)C=2O1,1.401,17.61790080488419
C1=N2->[Ir]<-n3ccccc3C2CN=C1c1ccncc1,2.0914,18.762148436335483
CN12->[Ir]<-n3cc(N)ccc3C1CNCC2,0.2398999999999994,19.261301432298648
Cc1ccc2n(->[Ir]<-N(Cc3ccccc3)=C2)c1,3.009120000000001,17.048158316389966
Cc1ccccc1S1->[Ir]<-Nc2c(C)cncc21,3.431840000000001,5.765911604790515
O=C(NN1->[Ir]<-n2ccccc2C1)c1ccc[nH]c1=O,0.2044999999999997,13.155825549557122
Cc1ccc(N2->[Ir]<-Oc3cccnc32)c(C)c1,3.147640000000001,5.890699853781306
CN1(C)->[Ir]<-S(Cc2ccccc2)CC1,2.4814000000000007,12.53012920150736
C1=CC2(CN=C1)CN->[Ir]<-Nc1ccncc1O2,0.3806999999999997,4.551074480808161
Cc1ccn2->[Ir]<-N(Cc3ccccc3)=Cc2c1,3.009120000000002,17.048158316389966
Cc1cc(O)c(C)c(N2->[Ir]<-n3ccccc3N=2)c1,3.819440000000003,17.958231631442672
Brc1c(-c2ccccc2)ccn2->[Ir]<-n3ccccc3-c12,4.573100000000004,18.63736018734469
COP1(OC)->[Ir]<-N(C)(C)c2ccccc21,1.9826,10.512363827120527
CCOP1(OCC)=O->[Ir]<-N=C2C=CN=CC21Cl,2.805470000000001,10.897359723632649
CC(C)N1->[Ir]<-NC2C=1Cc1ccccc12,2.0919000000000003,13.49538982750813
CC(C)[S+]1([O-])->[Ir]<-[S+]([O-])(C(C)C)CC1,1.3005999999999998,10.512363827120527
COc1ccc2n(->[Ir]<-N(c3ccccc3N)=C2)c1,2.423,18.63736018734469
C=CC1=O->[Ir]<-O=C(OCC)C2(C=CC=CC2)O1,1.5336,10.013210831157362
CC(C)Cn12->[Ir]<-n3ccccc3-c1cnc2,2.6011000000000006,18.422584158384474
Clc1ccccc1N1CCN2->[Ir]<-n3ccccc3C=21,3.0018,18.422584158384474
NC(=O)c1cccc(N2->[Ir]<-n3ccccc3C2)c1,1.7926,15.20937994745365
CC(C)P1(C(C)C)=O->[Ir]<-OC(Cl)C1,2.7235000000000014,7.344591234750819
COC(C)c1ccn2->[Ir]<-n3ccccc3-c2c1,2.851000000000001,18.63736018734469
Nc1ccc(-c2cc3n(->[Ir]<-n4ccccc4-3)[nH]2)cc1,2.7209000000000003,18.29779590939368
CC1=N(O)->[Ir]<-N(C)(Cc2ccc(F)cc2)C1,2.1076,13.235236634259463
Cc1cccc(-c2cc3n(->[Ir]<-n4ccccc4-3)[nH]2)n1,2.8421200000000013,18.29779590939368
SC1CN(c2ccccc2)C(S)CS->[Ir]<-S1,2.8644000000000016,4.42628623181737
CC(C)N1C=C2N(C=[Be]->[Ir]<-NC23CN=CO3)C1,0.07039,12.18174333138507
CC1=N(c2ccccc2C)->[Ir]<-n2cc(N)[nH]c21,2.44102,20.13657427832999
O=C(CO)c1ccn2->[Ir]<-n3ccc(CO)cc3-c2c1,0.8109,18.63736018734469
Clc1cccc(-c2ccn3->[Ir]<-n4ccccc4-c3c2)c1,4.464000000000003,18.63736018734469
CC(=O)NCCCN1->[Ir]<-n2ccccc2C=1,1.0267,17.048158316389962
CCOC(=O)Cn1ccn2->[Ir]<-n3ccccc3-c12,1.5082,18.29779590939368
CN(C)C12C=CC=CN1->[Ir]<-[Be]=C1C=CC=CN12,1.2991899999999998,14.530251391551632
COC1NCc2ccccn2->[Ir]<-n2c[nH]cc21,1.2394999999999998,16.583805789448164
SC1CN(c2ccccc2)CC(S)S->[Ir]<-S1,2.8644000000000016,4.176709733835787
NC1=CNC2(N1)C(O)NC=[Be]->[Ir]<-[Be]=CN1C=CNC12N,-3.37882,5.211571297879288
CC(C)N1->[Ir]<-NCC12CCNC2,-0.3247999999999988,8.10384296968999
O=C(Nc1ccccc1)c1ccn2->[Ir]<-NCc2c1,1.7926,11.65661145857182
CS1->[Ir]<-SCC1(S)c1cccc2ccccc12,4.215200000000002,6.3898528497444715
Cc1ccc(CN2->[Ir]<-n3ccccc3C=2)cc1,3.009120000000001,17.048158316389962
N#Cc1nc2c(N3->[Ir]<-n4ccccc4C3)cccc2[nH]1,2.44168,15.20937994745365
C1=N(c2ccccc2)->[Ir]<-n2c(sc3ccccc32)C1,4.2413000000000025,23.361620199169742
Brc1ccccc1-c1ccc2n(->[Ir]<-n3ccccc3-2)c1,4.573100000000003,18.63736018734469
COc1ccccc1N1->[Ir]<-NC(OC)C1,1.0383,6.26506460075368
CC1N->[Ir]<-N(C)C(C)(C)C1C,0.9677,10.316986085598675
CC1(c2cccnc2)CN->[Ir]<-N1(C)C,0.8170999999999998,8.727784214643947
CC1=N(Cc2ccc(Br)cc2)->[Ir]<-n2ccccc21,3.853300000000004,18.762148436335483
[Be]1->[Ir]<-NCCN2C=CN(Cc3ccccc3)C=12,1.23039,16.064265951558298
Cc1ccc2n(->[Ir]<-N(c3ccccc3C)=C2)c1,3.449040000000002,18.762148436335483
C1=CCC2(C=C1)C=CC1=O->[Ir]<-N(c3ccccn3)=C12,2.7955000000000005,16.209441042475788
Cc1ccc(-n2cc3n(->[Ir]<-n4ccccc4-3)n2)cc1,2.63772,17.833443382451883
C#CC1NCCCC12N->[Ir]<-n1ccccc12,0.6207999999999997,11.65661145857182
C1=CCC2(C=N->[Ir]<-N2)C(c2ccccn2)C1,1.8622700000000003,8.228631218680782
COC(=O)CN1->[Ir]<-N(CC(=O)O)CCC1,-1.186699999999998,10.441774334589466
c1ccn2->[Ir]<-N3=C(NC4CCCCC43)c2c1,1.7426,20.13657427832999
COC(=O)C1CC[Se](c2ccccc2)->[Ir]<-N1,0.3248,6.26506460075368
Cc1ncc2c(c1C)N->[Ir]<-S2c1ccccc1,3.431840000000001,5.765911604790515
CCC(C)OC(=O)c1nccc2c1N->[Ir]<-N2,1.2012999999999998,4.176709733835787
Oc1c(-c2cccnc2)ccn2->[Ir]<-n3ccccc3-c12,2.911200000000001,18.63736018734469
CC1CC(O)P2(->[Ir]<-Nc3ccccc32)C1,1.7342,7.854266471708408
O=[N+]([O-])c1ccccc1-n12->[Ir]<-n3ccccc3-c1ccn2,2.8425,18.17300766040289
COC(=O)C(C)n12->[Ir]<-n3ccccc3-c1ccn2,1.6790999999999998,18.29779590939368
CC(C)OC1=O->[Ir]<-N(Cc2ccccc2)=C1,2.209,12.736083638296298
Cc1ccnc(-c2c[nH]n3->[Ir]<-n4ccccc4-c23)c1,2.8421200000000004,18.29779590939368
Oc1cncc(Cn23->[Ir]<-n4ccccc4-c2cnn3)c1,1.489,18.083019880433465
Cc1cccn2->[Ir]<-n3cc(C(O)O)cc(N)c3-c12,1.01742,18.63736018734469
COC1(c2ccncc2)C=N->[Ir]<-n2c(N)c[nH]c21,0.92647,14.28067489357005
NCc1cccn2->[Ir]<-n3cccc(CN)c3-c12,1.0609999999999995,18.63736018734469
CN1->[Ir]<-N(=Cc2c[nH]c3ccccc23)CC1,1.8062,13.994542823471297
Cc1cc(O)cc(C=N2->[Ir]<-Nc3ccncc32)c1,2.428419999999999,11.53182320958103
CC1CCCC2(C=N->[Ir]<-O2N)C1C,1.72117,7.6394904427481904
CC1(c2ccc3ccccc3c2)CN->[Ir]<-O1,2.006,4.42628623181737
Cn1c(-c2ccc(Cl)cc2)nn2->[Ir]<-n3ccccc3-c12,3.1975000000000016,17.833443382451883
NC12Nc3ccccc3N1C=[Be]->[Ir]<-S2c1ccccc1,2.826390000000001,7.140337446785025
C1=CCC2(C=C1)C=N->[Ir]<-N=C2c1ccccc1,3.206540000000002,9.693044840644719
CC1(C)CN2->[Ir]<-N3=COC(C)(C)C3C=2O1,1.3994,17.61790080488419
CC1(C)O->[Ir]<-n2(C(C)(C)C)nncc21,1.2605,12.56668477362453
CN(C)c1ccc(-c2nn3->[Ir]<-NCc3o2)cc1,1.2613,10.557740991408977
SC1S->[Ir]<-SCCN(c2ccccc2)C1S,2.8644000000000016,4.301497982826578
COP1(c2ccccc2)->[Ir]<-Nc2ccccc21,2.2629,6.970172033505782
Brc1ccc(-c2ccn3->[Ir]<-n4ccccc4-c3c2)cc1,4.573100000000004,18.63736018734469
CC(C)(C)N1->[Ir]<-N=CC12CC=CC=N2,1.75107,10.72790640468822
Cc1cc(C)cc(S2->[Ir]<-Nc3ccncc32)c1,3.431840000000001,5.765911604790515
FC(F)c1ccc(-n2cc3n(->[Ir]<-n4ccccc4-3)n2)cc1,3.266900000000001,17.833443382451883
CS1->[Ir]<-[Be]=CNC12NC=CN2Cc1ccccc1,1.6724899999999998,9.138704533733492
CC(C)(C)c1c[nH]n2->[Ir]<-n3ccccc3-c12,2.7692000000000005,18.29779590939368
CCc1ccccc1NC1=O->[Ir]<-O=C(C)C1,2.1666,10.942682433648438
C(c1ccncc1)=N1->[Ir]<-S=C(Nc2ccccc2)N1,2.4021,9.228692313702918
Cc1cc(C)n(CN2->[Ir]<-n3ccccc3C=2)n1,1.97154,16.708594038438953
Cc1ccc(N2->[Ir]<-O(C)CC2)c(C)c1,2.36174,8.353419467671573
c1ccc([Se]2->[Ir]<-NCC23CCNC3)cc1,0.1267999999999996,6.015488102772097
Clc1ccc2n(->[Ir]<-N(C3CCCCC3)=C2)c1,3.486600000000002,18.762148436335483
COC(=O)c1ccc2n(->[Ir]<-N(c3ccccc3Cl)=C2)c1,3.2722000000000016,18.63736018734469
CC(C)C(C)OC1=S->[Ir]<-S(C)(C)=C1,2.7056000000000004,12.030976205544194
Cc1cnn2(->[Ir]<-S=C([Se]c3ccccc3)N2)c1C,1.3580399999999997,10.478329906706637
C=CP1(c2ccccc2)->[Ir]<-Nc2ccccc21,2.845,7.729478222717616
SC1CN(c2ccccc2)C([SeH])CS->[Ir]<-S1,1.8354,4.42628623181737
Brc1ccccc1N1CCN2->[Ir]<-n3ccccc3C=21,3.110900000000001,18.422584158384474
c1ccc(Cn23->[Ir]<-n4ccccc4-c2cnn3)cc1,2.3884000000000007,18.083019880433465
CCS1->[Ir]<-SC(C)(S)C1c1ccccc1,4.056600000000003,6.140276351762889
c1ccc2c(c1)ccc1ncn3->[Ir]<-n4cccnc4-c3c12,3.240000000000002,17.958231631442672
Brc1ccc(C2CN3->[Ir]<-n4ccccc4C=3N2)cc1,2.9352,18.422584158384474
CON1->[Ir]<-n2ccccc2C1c1ccccc1,2.322,14.450073758241816
O=C(c1ccccc1)N1CN(CCO)C2=S->[Ir]<-S=C21,1.0490000000000002,3.6775567378726213
CSCc1ccn2->[Ir]<-n3ccc(C)cc3-c2c1,3.3150200000000014,18.63736018734469
CCN1C=CN2Cc3cn(CC)nn3->[Ir]<-[Be]=C12,0.90299,17.02952657755907
c1ccc(CN2->[Ir]<-NNc3ncccc32)cc1,1.9793,7.889066940729773
NC1=CNC2=[Be]->[Ir]<-n3cc(-c4ccccc4)ccc3N21,1.91209,15.77988898455535
CC1NCC2C3CNC(C)N2->[Ir]<-N13,-1.1987999999999983,8.353419467671573
C1=CC23N=CNC2(C=C1)S(c1ccccc1)->[Ir]<-N3,1.8875,7.604689973726825
Cc1ccc(C=N2->[Ir]<-n3ccccc3C2)cc1,3.009120000000001,17.048158316389962
Cc1ccc2n(->[Ir]<-n3(-c4ccccc4)nncc3-2)c1,2.6377200000000007,17.83344338245188
COc1ccc(C=N2->[Ir]<-N=C(C)N2)c(C)c1,1.92429,12.56668477362453
Cc1cccc(NC2=S->[Ir]<-n3ccccc3N2)c1,3.19892,10.942682433648438
Cn1nnc2n1->[Ir]<-NC21C=CC=C2C=CC=CC21,0.6025000000000003,12.10233224668273
Cc1cccc2n1->[Ir]<-PC1C=CC=CC21N,1.9137200000000003,11.407034960590238
COc1ccc(C2P->[Ir]<-n3ccccc32)cc1,3.0547000000000013,9.693044840644719
N#Cc1cc(F)cc(Cn2cc3n(->[Ir]<-n4ccccc4-3)n2)n1,1.7941799999999992,17.833443382451883
NC1=CNC2=[Be]->[Ir]<-[Be]=C3NC=C(N)N3c3ccccc3N21,0.0135799999999998,13.601546337668031
Nc1c[nH]c2n1->[Ir]<-N=CC21OC=Cc2cc(F)ccc21,2.02507,14.28067489357005
NC1=CNC2(NC=S->[Ir]<-S=CN3C=CNC32N)N1,-1.9164999999999983,3.927133235854204
Brc1ccc(Cn2cc3n(->[Ir]<-n4ccccc4-3)n2)cc1,3.150900000000001,17.833443382451883
CCN1->[Ir]<-N(CC)C(C)C1C,0.9823999999999996,12.030976205544194
CCOC(=O)c1c(C)[nH]n2->[Ir]<-n3ccccc3-c12,1.95682,18.29779590939368
COC(=O)C1=N(c2ccc(Cl)cc2)->[Ir]<-n2ccccc21,3.0288000000000013,20.35135030729021
CCN1(C)->[Ir]<-[Be]=C2N(CCO)C=CN2C1,-0.0270100000000001,16.743394507460316
CCN1(C)->[Ir]<-N(CC)(CC)C1,1.2373999999999996,12.654917450498152
C=Cc1ccccc1N1->[Ir]<-N=CC1(C)C,3.169670000000001,7.854266471708408
c1ccc(S2->[Ir]<-NCC23CCNC3)cc1,1.4694999999999998,6.140276351762889
c1ccc2nc3n(->[Ir]<-n4cnc5ccccc5c4-3)cc2c1,3.240000000000001,17.958231631442672
CCOC(=O)CN1C=CN2C1=[Be]->[Ir]<-n1cc(Br)ccc12,1.99669,15.65510073556456
C(=Cc1ccccc1)CN1->[Ir]<-n2ccccc2N=1,3.878700000000003,16.369029760487944
CC1=N->[Ir]<-N(c2ccccc2)=CC1(C)C,3.4547700000000017,14.959803449472068
N#Cc1ccccc1[S+]1C[S+](c2ccccc2)[O-]->[Ir]<-[O-]1,2.4311800000000003,9.822884770622483
CC1=N(C)->[Ir]<-N(c2ccccc2C(C)O)=N1,2.8718000000000017,16.24424151149715
CCN12->[Ir]<-N=C(C)C1(C(C)=O)C=CC=C2,1.75927,11.53182320958103
Cc1[nH]n2->[Ir]<-n3cc(N)[nH]c3C(C)c2c1C,1.48364,16.11945326250636
Clc1cccn2->[Ir]<-NC3(C=c4ccccc4=NC3)c12,1.0029,11.53182320958103
CN1(C)->[Ir]<-N(=Cc2cc(O)cc(Cl)c2)CC1,2.0261,14.24411932145288
Nc1c[nH]cc1-c1cc(Cl)cn2->[Ir]<-n3cc(Cl)ccc3-c12,4.027700000000001,18.63736018734469
Oc1cc(-c2cccnc2)cn2->[Ir]<-n3ccccc3-c12,2.911200000000001,18.63736018734469
CCN1->[Ir]<-N(=Cc2cccc(O)c2)CC1,1.4206,12.030976205544194
CC1=N(c2ccc3nc[nH]c3c2)->[Ir]<-N2=C1NCC2,1.6569999999999998,20.136574278329995
c1ccc(N2CCN3->[Ir]<-n4ccccc4C=32)cc1,2.3484,18.422584158384474
NC1NCc2ccccn2->[Ir]<-n2ccccc21,1.2236999999999991,18.886936685326276
CC(N)C(C)N1->[Ir]<-n2ccccc2C1,0.9068999999999994,13.49538982750813
CC=N1->[Ir]<-Nc2ccccc2-c2ccccc21,3.658000000000002,11.407034960590238
COC(=O)c1cccc(Cl)c1N1->[Ir]<-n2ccccc2C=1,3.2722000000000024,19.84162061605996
c1ccn2->[Ir]<-NC3(CCNCN3)Cc2c1,-0.1805000000000002,13.03103730056633
O=C(O)c1ccccc1NC1=S->[Ir]<-n2ccccc2N1,2.5887,10.817894184657646
c1cc2n(->[Ir]<-n3cc(N4CCCC4)cnc3-2)cn1,1.5338,17.958231631442672
CCn12->[Ir]<-n3c(ccc4ccccc43)-c1cnc2,3.1182000000000016,20.26136252732078
Cc1cc(-c2ccccc2)n2n1->[Ir]<-n1cccnc1-2,2.63772,17.493879104500873
CC(c1ccc(Cl)cc1)=N1->[Ir]<-n2ccccc2C1,3.744200000000003,18.886936685326273
Nc1c[nH]c(-c2ccn3->[Ir]<-n4ccccc4-c3c2)c1,2.720900000000001,18.63736018734469
CC(CN1->[Ir]<-n2ccccc2C1)C(O)O,0.118,13.620178076498922
Cc1cccc(C)c1N1->[Ir]<-Oc2cccnc21,3.1476400000000013,5.765911604790515
Cc1ccccc1N1->[Ir]<-N=CC(C)(C)C=1,3.3730900000000013,13.245813329526548
Cc1ccc(S2->[Ir]<-N=CC23CC=CC=N3)cc1,3.463690000000001,7.604689973726825
Clc1cc2c(c3ccccc13)=N(c1ccccc1)->[Ir]<-N=2,4.420470000000003,16.798581818408383
CC1CN2(->[Ir]<-N1)CCNCC2C,-0.3726999999999991,8.353419467671573
O=P(O)(O)c1ccc2n(->[Ir]<-n3cc(P(=O)(O)O)ccc3-2)c1,-0.2504000000000003,18.63736018734469
O=C1c2ccccn2->[Ir]<-N1=CC=Cc1ccccc1,3.006000000000001,18.00284224712365
Fc1ccc(Cn23->[Ir]<-n4ccccc4-c2cnn3)cc1,2.5275000000000007,18.083019880433465
NC12N=CC=CC1N->[Ir]<-Nc1ccncc1N2,-0.3438999999999998,4.551074480808161
c1ccc(CS2->[Ir]<-NC3CCNC32)cc1,1.5665,6.3898528497444715
CC(C)CN1->[Ir]<-NC2CNCC21,-0.4688999999999982,6.514641098735263
Brc1ccccc1-c1ccn2->[Ir]<-n3ccccc3-c2c1,4.573100000000003,18.63736018734469
CC(C)C1=NCC2(C=N->[Ir]<-N3=C2OCC3)O1,0.8881699999999999,12.736083638296297
O=C(O)c1ccc(CN2->[Ir]<-n3ccccc3C=2)cc1,2.3989000000000003,17.172946565380755
CC(C)N1->[Ir]<-n2cc(N)ccc2C1C,1.7228,13.37060157851734
COP1(OC)->[Ir]<-N(C)(C)c2ccc(Cl)cc21,2.636000000000001,10.512363827120527
Nc1ncn2c1C=N->[Ir]<-N(c1cccc(Br)c1)=CC2,2.627970000000001,13.245813329526548
Nc1cc(NN2->[Ir]<-n3ccccc3C=2)ccc1[N+](=O)[O-],2.018,16.583805789448164
CC1(C)N=CC=CC12N->[Ir]<-n1ccccc12,1.6548,11.53182320958103
c1cncc(S2->[Ir]<-NC3(CNCCO3)C2)c1,0.4484999999999997,7.3445367804781565
COc1ccc(C=N2->[Ir]<-N(C)CC2)cc1,1.3335,12.155764454534985
Oc1cccc(-c2cccn3->[Ir]<-n4ccncc4-c23)c1,2.911200000000001,18.63736018734469
Cc1cccc(C)c1N1->[Ir]<-O(C)CC1,2.36174,12.030976205544194
CN1->[Ir]<-O=C(c2ccc(F)cc2)C=1c1ccccc1,3.1275000000000013,13.37060157851734
Brc1cccn2->[Ir]<-n3(Cc4ccccc4)nncc3-c12,3.150900000000001,19.921798249369775
Oc1cccc(N2->[Ir]<-N=c3c=2ncc2ccccc32)c1,2.9227700000000008,16.459017540457374
Cn1cccc1-c1cncc2n1->[Ir]<-n1ccccc1-2,2.5441000000000003,20.35135030729021
Cc1pc2c(c(-c3ccccc3)c1P)N->[Ir]<-N2,2.9069200000000004,4.176709733835787
CS1->[Ir]<-n2ccc(-c3ccc(N)cc3)cc2C1,3.1938000000000004,13.620178076498922
NC1NCCN2->[Ir]<-N(C(N)C2)C1N,-3.3767999999999985,8.353419467671573
CN1->[Ir]<-n2ccccc2S=1(=O)C(C)(C)C,2.3368,15.746353530175833
Oc1cc(Cl)cc(CN2->[Ir]<-n3ccccc3C2)c1,2.7304000000000004,13.620178076498922
C1=N2->[Ir]<-n3ccccc3C2C(c2ccccc2)N1,2.4955,18.422584158384474
CC(O)c1ccc2n(->[Ir]<-n3cc(C(=O)O)ccc3-2)c1,1.8951,18.63736018734469
FC1(F)CS(c2ccccc2)->[Ir]<-S1c1ccccc1,5.163800000000003,7.604689973726825
N#Cc1ccc(CN2->[Ir]<-n3ccccc3C2)cc1,2.24308,15.458956445435232
Cc1sccc1-c1nn2->[Ir]<-n3ccccc3-c2n1C,2.9140200000000016,17.833443382451883
NCc1ccn2->[Ir]<-n3ccc(CN)cc3-c2c1,1.061,18.63736018734469
C1=O->[Ir]<-Nc2ccncc2N1Cc1ccccc1,1.8268,5.551135575830297
CCP1(C(C)C)=O->[Ir]<-O(C)CC1,2.424200000000001,9.557734350659503
O=C(C=Cc1ccccc1)N1->[Ir]<-n2ccccc2C=1,2.740500000000001,18.12763049611444
CC1CC=CC(C)(C)C12C=N->[Ir]<-N2,1.95567,4.176709733835787
CCN1(Cc2ccncc2)->[Ir]<-NCC1,0.8621999999999995,10.441774334589466
CC(c1cccnc1)N1->[Ir]<-Nc2ccncc21,2.2319,7.854266471708408
CCOC(=O)Cn12->[Ir]<-n3ccccc3-c1ccn2,1.5081999999999998,18.422584158384474
Cc1cc(C)cc(N2->[Ir]<-Oc3ccncc32)c1,3.147640000000001,7.729478222717616
OC1c2ccccc2CN1C1=O->[Ir]<-n2ccccc21,1.7285,14.620239171521058
C#Cc1cccc(CN2->[Ir]<-n3ccccc3C2)n1,1.7477,13.620178076498922
COc1cccc2c1C(=O)CC1(C=N->[Ir]<-N1)C2,1.17117,6.015488102772097
CN12->[Ir]<-S=C3Sc4ccccc4N3C1CCC2,3.6564900000000025,11.906187956553403
Fc1cc2c(c3ccccc13)=N(c1ccccc1)->[Ir]<-N=2,4.151170000000002,16.67379356941759
c1ccc(-c2cccn3->[Ir]<-n4ccccc4-c23)cc1,3.810600000000002,18.63736018734469
CCP1(CC)->[Ir]<-NCCC1C,2.2454,8.478207716662364
COC(=O)c1ccccc1N1->[Ir]<-Oc2cnccc21,2.317400000000001,5.765911604790515
FC(F)(F)COCc1ccn2->[Ir]<-n3ccccc3-c2c1,3.222500000000001,18.63736018734469
CSCC1=O->[Ir]<-NC(C)(C)CN1C,0.5451,7.389913944766607
O=C1C=N(N=Cc2ccccc2O)->[Ir]<-n2ccccc21,2.0748,16.583805789448164
Cc1ccc2n(->[Ir]<-S=C(Nc3ccccc3)N2)c1,3.19892,10.942682433648438
CN(C)C(=O)c1cccn2->[Ir]<-n3ccccc3-c12,1.8454,18.63736018734469
CN1CCN2->[Ir]<-n3c(N)cccc3C2C1,0.2398999999999994,16.708594038438953
Clc1cccc(-c2cccc3n2->[Ir]<-n2ccccc2-3)c1,4.464000000000003,20.35135030729021
Cn1nc2n(->[Ir]<-NC23C=Cc2ccccc2C3)n1,0.6335999999999999,10.38834212673721
c1ccc(Cn23->[Ir]<-n4cnccc4-c2ccn3)cc1,2.3884000000000007,18.083019880433465
Cc1ccc(O)c(C=N2->[Ir]<-S(C)CC2)c1O,2.18812,12.030976205544194
c1cncc(CN2->[Ir]<-NCc3cnccc32)c1,1.5474,6.3898528497444715
CCC1(CC)CC=CC12C=N->[Ir]<-N2,2.09977,6.26506460075368
O=C(NC=N1->[Ir]<-Nc2ccncc21)c1ccc(Cl)cc1,2.407,11.067470682639229
C=CCS1->[Ir]<-S(Cc2ccccc2)CC1,3.839000000000002,8.353419467671573
Brc1ccccc1Cn12->[Ir]<-n3ccccc3-c1cnn2,3.150900000000001,18.083019880433465
COC(=O)C1S->[Ir]<-N(C)C(C(=O)OC)C1S,-0.4828000000000001,18.968379333277937
C1=NCC2(N->[Ir]<-n3ccccc32)c2ccccc21,1.7164000000000004,13.37060157851734
CC(C)C1CN2->[Ir]<-N(C)(C)CC=2O1,1.0013,15.323591501177356
COC(C)c1ccc2n(->[Ir]<-n3ccccc3-2)c1,2.851000000000001,18.63736018734469
O=[N+]([O-])c1cccc(-n23->[Ir]<-n4ccccc4-c2ccn3)c1,2.8425,18.17300766040289
Cc1cccn2->[Ir]<-N(C)C(C)(C)Nc12,1.7574199999999995,13.155825549557122
c1ccc(-n2cnc(C3=O->[Ir]<-n4ccccc43)c2)cc1,2.4983000000000004,14.835015200481276
NC12C=CC=CC1NC1c3ccccn3->[Ir]<-N12,0.4225999999999997,16.583805789448164
CC(C)c1ccn2->[Ir]<-n3ccccc3-c2c1O,2.972600000000002,18.63736018734469
Oc1cccc(CN2->[Ir]<-O=CNc3cccnc32)n1,1.3625999999999998,7.6394904427481904
N#CC#CC1CCC(N2->[Ir]<-n3ccccc3C2)O1,1.20328,14.6996502562234
Cc1cc(-c2ccn3->[Ir]<-n4ccccc4-c3c2)[nH]n1,2.8421200000000004,18.63736018734469
CC(C)(C)OC(=O)c1cncc2c1N->[Ir]<-N2,1.2012999999999998,4.176709733835787
CC(C)c1ccc2c(c1C(C)C)=O->[Ir]<-O=2,2.303,11.282246711599447
C[S+]([O-])c1cccc(C=C2[O-]->[Ir]<-n3ccccc32)c1,1.6773999999999998,11.157458462608655
Cc1cn2n(->[Ir]<-n3nc4ccccc4n3C2)c1C,1.7504399999999998,19.20786922444639
Cc1cccc(N2->[Ir]<-N(c3ccccc3)=NC=2)c1,4.438720000000004,17.83344338245188
c1ccc(C2=O->[Ir]<-N3c4ccccc4CC23)cc1,2.906100000000001,13.245813329526548
CC(C)CN1->[Ir]<-N(C)(C)CC1,0.7935999999999999,12.654917450498152
c1ccc(C2=NCCN3->[Ir]<-n4ccccc4C=32)nc1,1.7686,18.762148436335483
O=[N+]([O-])c1ccc(-c2cc3n(->[Ir]<-n4ccccc4-3)[nH]2)cc1,3.046900000000001,18.29779590939368
C#Cc1ccnc(CN2->[Ir]<-n3ccccc3C2)c1,1.7476999999999998,13.620178076498922
Brc1ccc(N2CCN3->[Ir]<-n4ccccc4C=32)cc1,3.110900000000001,18.422584158384474
CN1->[Ir]<-S(C)CCC1c1ccccc1,2.7002000000000006,8.727784214643947
CC(C)(C)c1cc2n(->[Ir]<-S(CC=O)C2)[nH]1,2.1393,13.155825549557122
CC(C)CCn1cc2n(->[Ir]<-n3cccn3-2)n1,1.5098999999999998,17.154314826549864
Nc1ccccc1-c1nncc2n1->[Ir]<-n1ccccc1-2,2.1827999999999994,20.011786029339202
Cc1ccnc(-c2cc3n(->[Ir]<-n4ccccc4-3)[nH]2)c1,2.8421200000000004,18.29779590939368
COCc1ccc2n(->[Ir]<-n3cc(C)ccc3-2)c1,2.59842,18.63736018734469
Nc1c[nH]cc1-c1ccn2->[Ir]<-n3ccccc3-c2c1,2.720900000000001,18.63736018734469
Fc1cccc(Cn23->[Ir]<-n4ccccc4-c2cnn3)c1,2.5275000000000007,18.083019880433465
Cn1ccc(-c2ccn3->[Ir]<-n4ccccc4-c3c2)n1,2.5441000000000003,18.63736018734469
OC1(c2ccccc2)n2cccn2->[Ir]<-n2cccn21,1.2788,17.958231631442672
CC(=O)c1cccc(N2->[Ir]<-Nc3ccncc32)c1,2.6099999999999994,5.890699853781306
Cc1ccccc1CN1->[Ir]<-Nc2ccncc21,3.5630000000000024,6.140276351762889
C1=COP(c2ccccc2)(c2ccccc2)->[Ir]<-N1,0.6425899999999993,12.736083638296298
NC1(c2ccncc2)CN->[Ir]<-N1c1cncnc1,2.5325000000000006,8.10384296968999
Brc1ccccc1-c1cnn2(->[Ir]<-n3ccccc3C2)c1,3.1458000000000013,18.547372407375263
CN1(C)->[Ir]<-N(Cc2ccccc2)CC1,1.3377999999999994,10.940927330552633
CC(C)S1->[Ir]<-[Be]=C2Nc3ccccc3N2CC1,3.0563900000000013,10.977482902669802
c1ccc(Cn23->[Ir]<-n4ccccc4-c2ccn3)cc1,2.993400000000001,18.422584158384474
CN(C)Cc1ccn2->[Ir]<-n3ccccc3-c2c1,2.2052,18.63736018734469
O=[N+]([O-])c1ccccc1N1->[Ir]<-N=c2cnc3ccccc3c2=1,3.451270000000002,16.923370067399173
CC(C)N1->[Ir]<-n2cc3ccccc3cc2C1,2.732800000000001,13.49538982750813
CC(C)N1CC(=S)N(C(C)C)C2=S->[Ir]<-S=C21,2.4030000000000005,3.927133235854204
CC(C)P1(C(C)C)=O->[Ir]<-OCC1O,1.4769999999999996,7.46937948374161
NC1(c2cccn3->[Ir]<-NC([SeH])c23)CCNC1,-0.9129999999999998,11.53182320958103
Cc1cc(C)cc(N2->[Ir]<-OC(O)C2C)c1,1.4145399999999997,9.81783308963551
CC1(C)N->[Ir]<-NC23C=CN=CC12C=NC=C3,0.6038,9.942621338626301
CN1(C)->[Ir]<-[Be]=CN2C=CC=CC21c1ccccc1,2.33209,13.405402047538704
CC(C)Nc1cccc2n1->[Ir]<-n1ccccc1-2,2.9639000000000006,20.011786029339202
O=C(CS1->[Ir]<-Nc2ccncc21)Nc1ccccc1,2.3946000000000005,6.015488102772097
BrCc1ccc(-n2ccc3n2->[Ir]<-n2ccccc2-3)cc1,3.829200000000003,20.011786029339202
Oc1ccc(-c2ccn3->[Ir]<-n4ccccc4-c3c2)cc1,3.516200000000002,18.63736018734469
O=C(c1cccnc1)c1ccn2->[Ir]<-n3ccccc3-c2c1,2.7696000000000005,18.63736018734469
C1=NC(c2ccccc2)C2(N->[Ir]<-n3ccccc32)O1,1.9929,12.611295389305505
CC(C)OC(=O)CN1->[Ir]<-n2ccccc2C1,1.1228,13.620178076498922
Fc1cccc2nc3c(nc12)C1(C=N->[Ir]<-N1)CCC3,1.90877,6.015488102772097
COc1ccc(N2->[Ir]<-N=c3cc(C)ccc3=2)cc1,3.303570000000001,16.67379356941759
COP1(c2ccccc2)->[Ir]<-SCC1(C)C,3.063600000000001,7.094960282496573
O=C1N=C2C=CC=CC2N2->[Ir]<-n3c(oc4ccccc43)C12,1.9343,16.288852127178128
Nc1cncc(-c2ccc3n(->[Ir]<-n4ccccc4-3)c2)c1,2.7878000000000007,18.63736018734469
C(#Cc1ccccc1)CN12->[Ir]<-N(CC1)CC2,0.9433,12.40534095251657
Cc1ccc(-c2ccn3n2->[Ir]<-n2ccccc2-3)cc1,3.242720000000001,19.672221751388193
Cc1ccn2->[Ir]<-N(=Cc3cc(F)ccc3O)Cc2c1,2.8538200000000016,17.048158316389966
OC1C=O->[Ir]<-O=P1(c1ccccc1)c1ccccc1,1.5177999999999998,8.933793105705547
C1=CC2N->[Ir]<-N3=COC(c4ccccc4)C23C=C1,1.9783,12.98566013627788
CCN1(CC)->[Ir]<-N=CC12C=CC=CC2,2.23267,11.906187956553403
Cc1cnc(N2C=CNC23NC=[Be]->[Ir]<-S3C)nc1C,1.08373,7.6394904427481904
C1=S->[Ir]<-N(=Cc2c3ccccc3cc3ccccc23)N1,3.873700000000002,5.551135575830297
CN1->[Ir]<-O=C(c2ccccc2O)C=1c1ccccc1,2.694000000000001,14.574862007232609
Cn1c(-c2ccc(O)cc2)nn2->[Ir]<-n3ccccc3-c12,2.2497,17.833443382451883
C1=CC2=PC=CC3(Oc4ccccn4->[Ir]<-P3)C2C=C1,3.419900000000001,10.772517020369195
Cn1ccc(-c2ccn3->[Ir]<-n4ccccc4-c3c2)c1,3.1491000000000016,18.63736018734469
C=CCN1C=C2CN(C)(C)->[Ir]<-PN2C1,0.9406,8.263431687702147
CCN1->[Ir]<-n2ccccc2C1C(C)C,2.3882000000000003,15.334168196444441
O=C(CN1->[Ir]<-n2ccccc2C1)c1ccccc1,2.0541,13.620178076498922
Cc1cccc2c1C=N->[Ir]<-n1c-2[nH]c2ccccc21,3.535990000000001,10.942682433648438
CC1c2ccccn2->[Ir]<-N2C=CC=CC12C,2.6169,15.20937994745365
O=C(O)c1ccccc1NN1->[Ir]<-n2ccccc2C1,1.8965,13.280613798547913
CC(C)N1->[Ir]<-N(C)(C)C(C)(C)C=1,1.8058,15.833321192407608
NC1NC(=N2->[Ir]<-N=CC23CC=CC=N3)NC1N,-1.518629999999999,15.904677233546142
CC(C)N1->[Ir]<-n2ccccc2C1(C)C,2.3147,17.048158316389962
c1ccn2->[Ir]<-N(N3CCCCC3)Cc2c1,1.5721,16.708594038438957
Oc1c(-c2ccccc2)ccn2->[Ir]<-n3ccccc3-c12,3.516200000000002,18.63736018734469
c1ccc(-c2ccn3->[Ir]<-Nc4ccccc4-n23)cc1,3.121500000000001,11.067470682639229
O=[N+]([O-])c1c(F)cccc1CN1->[Ir]<-n2ccccc2C1,2.4187000000000003,13.744966325489713
C=C(C)N1C=CNC12NP->[Ir]<-n1ccccc12,1.4815999999999996,11.19225893163002
Fc1ccccc1N1->[Ir]<-N(c2ccccc2F)=C(C(F)F)C=1,4.704900000000002,20.351350307290208
c1ccn2->[Ir]<-n3cc(N4CCCC4)cnc3-c2c1,2.1388,18.29779590939368
CC(C)P1(C(C)C)=O->[Ir]<-OC(O)C1,1.477,9.753112092181357
CN1->[Ir]<-N2=C(C(O)O)OCC2c2ccccc2C=1,0.5157999999999998,12.860871887287088
COc1ccc(CN2->[Ir]<-n3ccccc3C=2)cc1,2.7093000000000007,17.048158316389962
COC(=O)C1NCCC12N->[Ir]<-n1ccccc12,-0.2294999999999993,11.53182320958103
Cn1c(-c2ccccc2)cn2->[Ir]<-n3ccccc3-c12,3.1491000000000016,18.29779590939368
CC1(C)C=CCC2=N(c3ccccc3)->[Ir]<-O=C21,3.314300000000002,16.67379356941759
Cc1ccc(-c2cc3n(->[Ir]<-n4ccccc4-3)[nH]2)cc1,3.4471200000000017,18.29779590939368
CC(c1ccccc1)=N1->[Ir]<-S=CN1C(C)C,3.0782000000000016,12.781460802584748
c1ccc(S2->[Ir]<-Nc3ccc4ccccc4c32)cc1,4.573200000000003,5.890699853781306
Nc1cc(-c2cccnc2)cn2->[Ir]<-n3ccccc3-c12,2.7878000000000007,18.63736018734469
Cc1cnn2(-c3ccccc3)->[Ir]<-n3ccccc3-c12,3.242720000000002,18.17300766040289
FC(C1=N->[Ir]<-N2=C(CCC2)C1)c1ccccc1,3.341870000000002,15.20937994745365
c1ccc2cc(-c3nccc4c3N->[Ir]<-N4)ccc2c1,3.0662000000000003,4.301497982826578
SC(S)c1cccc(N2->[Ir]<-n3ccccc3C2)c1,3.5519000000000016,13.37060157851734
CC(c1ccccc1)N1->[Ir]<-Nc2ccncc21,2.836900000000001,7.854266471708408
Brc1ccc(-c2ccn3->[Ir]<-Nc4ccccc4-n23)cc1,3.884000000000002,11.067470682639229
CCS1->[Ir]<-S(C(C)(C)C)CC1C,3.6597000000000026,7.9790547206991995
Cc1cccc(C)c1N1->[Ir]<-n2ccn(C)c2C=1,2.787540000000001,18.29779590939368
CC(C)C12NC(N)=CN1C([SeH])=[Be]->[Ir]<-SC2C,0.21689,12.789365049701178
c1ccn2->[Ir]<-PN(C3CCCCC3)c2c1,3.0108000000000006,10.852694653679011
OC1=Cc2ccccc2C2S3->[Ir]<-S4CC(C3)C12C4,3.7364000000000033,10.067409587617092
Cc1cc(=O)n2->[Ir]<-NCCNc2n1CCO,-1.0853799999999991,12.05695508239428
Oc1ccccc1Cn1cc2n(->[Ir]<-n3ccccc3-2)n1,2.0939999999999994,17.833443382451883
CN1(Cc2ccccc2)->[Ir]<-Nc2cnccc21,2.3002,8.228631218680782
Cc1ccc2c(c1C)N->[Ir]<-Nc1ccncc1-2,2.52984,4.176709733835787
Cc1ccc2n(->[Ir]<-n3cc(C)ccc3N2C)c1,2.861340000000001,17.958231631442672
Cc1cncc(-c2cncc3n2->[Ir]<-n2ccccc2-3)c1,2.909020000000001,20.35135030729021
Oc1cc2n(->[Ir]<-n3ccccc3-2)cc1-c1ccccc1,3.516200000000002,18.63736018734469
c1ccc(Cn2ccn3->[Ir]<-n4ccccc4-c23)cc1,2.993400000000001,18.29779590939368
CC(O)S1->[Ir]<-SC(S)C12CCCCC2,2.946500000000001,7.219748531487366
Nc1cccn2->[Ir]<-NC3(NCCNC3N)c12,-1.7470999999999988,13.155825549557122
Cc1ccc(O)c(C=N2->[Ir]<-n3ccccc3C2)c1,2.7147200000000007,17.048158316389962
Cc1ccc(O)c(C=N2->[Ir]<-N(C)CC2)c1O,1.04452,12.155764454534985
NC1NC(=N2->[Ir]<-N=CC23CC=CC=N3)C(N)N1,-1.518629999999999,16.369029760487948
O=C1CN(Cc2ccccc2)->[Ir]<-n2ccccc21,2.0541,13.620178076498922
Oc1cc(-c2ccccc2)c2n(->[Ir]<-n3ccccc3-2)c1,3.516200000000002,18.63736018734469
CC(C)N1->[Ir]<-n2ccccc2-c2cccnc21,2.9639000000000006,13.245813329526548
CCSC1=S->[Ir]<-NN1C(C)c1ccccc1,2.9613000000000014,3.712357206893986
SC1C(c2ccccc2)S->[Ir]<-S1c1ccccc1,4.705700000000003,5.890699853781306
COP(=O)(OC)c1ccn2->[Ir]<-n3ccccc3-c2c1,2.2548000000000004,18.63736018734469
Cc1c[nH]n2->[Ir]<-N=CC(C)(c3ccccc3)c12,2.673690000000001,11.067470682639229
COP1(OC)=O->[Ir]<-n2c(ccc3ccccc32)C1,3.2207000000000017,16.16411833246
C1=CC2(C=N->[Ir]<-N2)CCC1c1ccccc1,2.467270000000001,6.26506460075368
CC1(C)C2(CCCCC2)N->[Ir]<-[N+]1(=O)[O-],1.7033,12.226353947066047
Oc1ccn2->[Ir]<-n3ccccc3-c2c1-c1ccccc1,3.516200000000002,18.63736018734469
CC1=N(Nc2ccccc2Cl)->[Ir]<-n2ccnc(C)c21,3.2745200000000017,18.422584158384474
CC(=C(F)F)S1->[Ir]<-SC(S)C12CCCCC2,4.736200000000002,5.890699853781306
N#Cc1c(-c2ccccc2F)ccn2->[Ir]<-n3ccccc3-c12,3.821380000000002,20.476138556281
CC(C)(C)S1->[Ir]<-n2nn3c(c2C1)CCC3,2.256,10.603118155697429
CN1->[Ir]<-O=P(c2ccccc2)(c2ccccc2Cl)C=1Cl,3.8785000000000025,9.18336960368713
CC(C)(C)CN1->[Ir]<-n2ccccc2C1,2.2173,13.620178076498922
CC(=O)c1cccc(F)c1N1->[Ir]<-n2ccccc2C1,3.035400000000001,13.37060157851734
COC(=O)c1ccc(NC2=O->[Ir]<-n3ccccc32)cc1,2.1205,14.620239171521058
COP1(c2ccccc2)->[Ir]<-SC(C)(C)C1,3.063600000000001,7.219748531487366
CC1c2ccccn2->[Ir]<-N1C1C=CC=CC1,2.616900000000001,15.334168196444441
CN1(C)->[Ir]<-N=CC12COC(c1ccccc1)=N2,1.3708699999999994,12.030976205544194
Clc1ccc(-c2ccn3->[Ir]<-S=C4C=CC=CN4c3c2)cc1,4.922190000000003,10.817894184657646
N#Cc1ccccc1-c1ccc2n(->[Ir]<-n3ccccc3-2)c1,3.682280000000003,18.63736018734469
c1ccc([Se]2->[Ir]<-NCC23CNCCO3)cc1,-0.7090999999999996,6.015488102772097
C1=CC2(C=N->[Ir]<-N2)CC1=NCc1ccccc1,1.93457,6.015488102772097
OCc1cc(O)cc(C=N2->[Ir]<-n3ccccc3N2)c1,1.7255,16.244241511497155
C1=N->[Ir]<-NC12CCCNc1ccccc1N2,1.6087699999999998,6.015488102772097
CC1(C)OC=CCC12N->[Ir]<-n1ccccc12,1.9482,11.53182320958103
CCOC1(Cc2ccccc2)CN->[Ir]<-O1,0.9128999999999996,4.551074480808161
c1ccc(CN2CP->[Ir]<-n3ccccc32)cc1,2.9208000000000007,11.317047180620811
COC(=O)c1ccc(C=N2->[Ir]<-O=C3C=CC=CN32)cc1,1.5171,14.28067489357005
C=C1SC=C(c2ccn3->[Ir]<-n4ccc(C)cc4-c3c2)S1,4.701620000000003,18.63736018734469
CC(c1ccccc1)N1->[Ir]<-NCCC1,1.6859999999999995,6.514641098735263
CC(C)N1->[Ir]<-N(O)C(C)C1(C)C,1.1303,9.43289164739605
CC(C)(C)C1(N)c2ccccn2->[Ir]<-N1O,1.2180000000000002,12.611295389305507
Cc1ccc(N=C2C=CC3(C=N->[Ir]<-N3)C2)cc1,2.3744900000000007,6.015488102772097
c1ccc(P2(c3ccccc3)->[Ir]<-n3cc[nH]c32)cc1,2.1678999999999995,12.656672553593957
CC(C)=N1->[Ir]<-n2ccccc2CCC1N,1.7798,20.386150776311577
c1ccc(-c2cnn3->[Ir]<-N4=C(COCC4)c3c2)cc1,1.9629,19.50205633810895
O=[N+]([O-])c1ccc(C2n3cccn3->[Ir]<-n3cccn32)cc1,2.083,17.958231631442672
CC(C)C1=N2->[Ir]<-N=CC(C)(C)C2CO1,2.11547,14.450073758241818
Cc1ccc(NC2=O->[Ir]<-n3ccccc32)cc1C,2.950740000000001,14.620239171521058
O=[N+]([O-])c1cccc(CN2->[Ir]<-n3ccccc3C2)c1,2.2796000000000003,13.620178076498922
Cc1cccc(CN2->[Ir]<-n3ccccc3C2)n1,2.07482,13.620178076498922
C=C(O)c1ccccc1N1->[Ir]<-n2ccccc2C1,3.2224000000000013,13.37060157851734
CCOC(=O)C12C=CC=CC1(P)[SeH]->[Ir]<-NC2,0.0928000000000001,4.42628623181737
Cc1ccn2->[Ir]<-S(Cc3ccccc3)Cc2c1,3.823420000000002,13.49538982750813
Cc1ccc2n(->[Ir]<-NC2(N)c2ccccc2)c1,1.50852,11.53182320958103
C=Cc1ccccc1CC1(C)C=N->[Ir]<-N=C1,3.1775400000000005,8.10384296968999
C#CC=C(C)C#Cc1ccn2->[Ir]<-n3ccccc3-c2c1,3.074600000000001,18.63736018734469
N#Cc1c(-c2ccccc2)ccn2->[Ir]<-n3ccccc3-c12,3.682280000000002,18.63736018734469
Cc1cc(C)cc(NC2=O->[Ir]<-n3ccccc32)c1,2.9507400000000006,14.620239171521058
C1=N->[Ir]<-NC12C=C(c1ccccc1)CCC2,2.600970000000001,6.015488102772097
Clc1cccc(CN2->[Ir]<-NCc3cnccc32)c1,2.8058000000000014,8.228631218680782
CC(C)c1ccccc1N1->[Ir]<-PC(P)C=1,3.588600000000003,11.53182320958103
Cc1ccc2n(->[Ir]<-S(Cc3ccccc3)C2)c1,3.823420000000002,13.49538982750813
N#Cc1ccccc1Cn1cc2n(->[Ir]<-n3ccccc3-2)n1,2.2600799999999994,17.833443382451883
c1ccc(C2=NC3(CO2)N->[Ir]<-n2ccccc23)cc1,1.6701,12.90624905157554
C1=CC23N=COC2(C=C1)N->[Ir]<-Nc1ccncc1N3,0.6114999999999999,5.925500322802671
COc1ccn2->[Ir]<-N(c3ccccc3)=Cc2c1C,3.149220000000001,18.63736018734469
CC(O)P1(CO)->[Ir]<-P(CO)(CO)CC1,0.1378999999999999,12.155764454534985
Cc1ccccc1N=C1C=CC2(C=N->[Ir]<-N2)C1,2.3744900000000007,6.015488102772097
Cc1cccc(N2->[Ir]<-O(C)C(C)C=2)c1C,3.0406400000000016,13.620178076498922
C1=CCC2(C=C1)C=CC1=N(c3ccccc3)->[Ir]<-O=C12,3.400500000000002,16.549005320426797
CC1CC2(C=CC13C=N->[Ir]<-N3)CN=CC=N2,0.8234699999999999,6.140276351762889
CCOC(=O)C(C)=N1->[Ir]<-N(C)(C)CC1,0.5720000000000001,16.082897690389192
N#Cc1cc(Cl)cc(-c2ccc3n(->[Ir]<-n4ccccc4-3)c2)c1,4.335680000000003,18.63736018734469
CCc1cccc(N2->[Ir]<-Nc3ccncc32)c1,2.9698,5.890699853781306
N#Cc1ccc2n(->[Ir]<-n3c(-c4ccccc4)cccc3-2)c1,3.682280000000002,20.351350307290208
Clc1ccc(Cn2ccc3n2->[Ir]<-[Be]=C2C=CC=CN23)cc1,3.513490000000002,15.994665013515569
c1ccc(S2->[Ir]<-NCC23CNCCO3)cc1,1.0535,6.015488102772097
Cc1ccn2->[Ir]<-n3[nH]c(-c4ccc(F)cc4)cc3-c2c1,3.5862200000000017,18.29779590939368
CC(C)CN12->[Ir]<-NCC1CCC2,1.0655,12.155764454534985
Cc1cccc(NC2=S->[Ir]<-S=C2SC(C)C)c1,4.203320000000003,3.802344986863413
CN(C)Cc1ccc2n(->[Ir]<-n3ccccc3-2)c1,2.2052,18.63736018734469
C1=O->[Ir]<-[O-]c2sc3ccccc3c2C12C=[S+]c1ccccc12,2.717200000000001,7.604689973726825
Clc1ccc2c(c1)OC=N1->[Ir]<-N=C3c4ccccc4N=CC321,3.739970000000002,16.28885212717813
CC1(c2ccccn2)n2cccn2->[Ir]<-n2cccn21,1.7439,16.11945326250636
c1ccc(N2->[Ir]<-N=NC23CCCCN3)cc1,2.55677,8.88912803575191
N#Cc1ccc2n(->[Ir]<-n3cccc(-c4ccccc4)c3-2)c1,3.682280000000002,18.63736018734469
Cc1cccc(N2->[Ir]<-OC(O)C2C)c1C,1.4145399999999997,7.3445367804781565
c1ccc(CN2->[Ir]<-NC3CNCC32)cc1,0.0753000000000005,8.228631218680782
c1ccc(N2CCS3->[Ir]<-S(CC2)CC3)nc1,2.3680000000000003,8.353419467671573
C=C(C)N1C=CNC12NC=[Be]->[Ir]<-S2c1ccccc1,2.4351900000000004,8.764339786761118
CCC(=O)N1->[Ir]<-n2ccccc2C=1c1ccccn1,2.2506000000000004,19.716832367069166
Oc1cccc(C=N2->[Ir]<-n3cc4ccccn4c3N2)c1,2.4859,15.904677233546142
CN1(C)->[Ir]<-NCC12CNCC(N)N2,-2.319399999999997,11.94098842557477
CNC(=O)N1CC(C)(C(=O)O)N2->[Ir]<-S(C)CC=21,0.2461999999999997,16.833382287429753
CN1(C)->[Ir]<-NC2(CNc3ccccc32)C1,0.8276999999999994,10.441774334589466
CC1=N(c2ccccc2C(N)=S)->[Ir]<-n2ccccc21,2.8565000000000005,20.35135030729021
Clc1ccccc1CN1->[Ir]<-NCc2ncccc21,2.8058000000000014,8.478207716662364
c1ccc(C2CN->[Ir]<-S2c2ccccc2)cc1,3.4787000000000026,6.26506460075368
COC1Nc2cnccc2N->[Ir]<-n2ccccc21,1.8159,9.568256591653928
Brc1cccc2nc3c(nc12)C1(C=N->[Ir]<-N1)CCC3,2.5321700000000007,6.140276351762889
CC1(C)C=N->[Ir]<-N1c1cccc(CN)c1,1.98537,9.942621338626301
CN1C2=[Be]->[Ir]<-[Be]=C3N(C)C(Cl)=C(Cl)N3CCCN2C=C1Cl,2.505780000000001,13.351969839686449
CN1C=CN2C1=[Be]->[Ir]<-n1cc(-c3ccccc3)ccc12,2.967890000000001,19.33265747343718
C1=CC2(CN=C1)CN->[Ir]<-Nc1ccncc1N2,0.4137999999999994,4.42628623181737
Nc1ccccc1C1n2cccn2->[Ir]<-n2cccn21,1.757,17.958231631442672
Cc1ccc2n(->[Ir]<-Nc3c(C)cncc3C2)c1,2.26644,11.407034960590238
c1ccc(Cn2cc3n(->[Ir]<-n4cccn4C3)n2)cc1,1.5711999999999997,17.493879104500873
CN1(C)->[Ir]<-[Be]=CNC2(CCCCC2)C1,1.3860899999999994,10.22699830562925
CN(C)c1cccc(C2=O->[Ir]<-n3ccccc32)c1,2.3786000000000005,14.959803449472068
CC(C)C=N1->[Ir]<-S(c2ccccc2)CC1,3.5055000000000023,9.942621338626301
CC(C)(C)S1->[Ir]<-n2nc(CO)cn2CC1,1.3020999999999998,12.441896524633739
CC(C)CN1->[Ir]<-N=c2c=1cnc1ccccc21,2.867370000000001,15.20937994745365
Nc1ccc2n(->[Ir]<-NC23NCCNC3N)c1,-1.747099999999998,11.407034960590238
O=C(NN=C1C=CC2(C=N->[Ir]<-N2)C1)c1ccccn1,0.4743699999999993,6.015488102772097
C(c1ccsc1)=N1->[Ir]<-N(=Cc2ccsc2)CCC1,3.737700000000003,15.458956445435232
CCn1c2c(n(C(C)c3ccccn3)c1=S)=S->[Ir]<-S=2,2.719800000000001,3.6775567378726213
Cn1cccc1-c1ccn2->[Ir]<-n3ccccc3-c2c1,3.1491000000000016,18.63736018734469
CC1c2ccccn2->[Ir]<-N1c1ccc(P)cc1,2.7551000000000005,13.245813329526548
C1=CCC2(C=N->[Ir]<-N2)C(c2ccccc2)C1,2.467270000000001,6.140276351762889
CN(C)c1ccc(C2=O->[Ir]<-n3ccccc32)cc1,2.3786000000000005,14.959803449472068
CCOC1=O->[Ir]<-O=CC(S(C)=O)C1OCC,-0.0994000000000001,8.684162153451302
CNC(=O)CN1->[Ir]<-n2ccc(C(C)O)cc2C=1,0.2997999999999994,17.048158316389962
Cc1ccccc1-n1ccn2->[Ir]<-n3ccccc3-c12,3.242720000000002,18.29779590939368
CCN1->[Ir]<-n2ccccc2C1c1ccncc1,2.1754999999999995,13.49538982750813
C1=O->[Ir]<-[O-]c2c(sc3ccccc23)C12[S+]=Cc1ccccc12,2.663900000000001,5.641123355799723
O=C(O)c1ccccc1-n1cc2n(->[Ir]<-n3ccccc3-2)c1,2.6325000000000003,18.29779590939368
FC1=C(F)SC(=C2Cc3ccccn3->[Ir]<-n3ccccc32)S1,4.933500000000003,18.63736018734469
OCCN1->[Ir]<-S(c2ccccc2)CCC1,1.7507,8.228631218680782
CC(C)Cn1c2c(n(C(C)C)c1=S)=S->[Ir]<-S=2,2.608100000000001,3.6775567378726213
Cc1ccc(-n23->[Ir]<-n4ccccc4-c2ccn3)cc1,3.242720000000001,18.17300766040289
CP1(c2ccccc2)->[Ir]<-N=CC12CC=CC=N2,2.8001700000000014,9.81783308963551
CCN1->[Ir]<-n2ccccc2C1c1cccnc1,2.1754999999999995,13.49538982750813
CCOc1ccc(N2->[Ir]<-n3ccccc3C=2)cc1,3.230900000000002,18.63736018734469
Cc1sccc1CN1C=CN2C1=[Be]->[Ir]<-n1ccccc12,3.241210000000001,17.49387910450087
CS1->[Ir]<-[Be]=CNC12NC=CN2c1cccc(CO)c1,1.16919,5.80071207381188
CN1(C)->[Ir]<-NCC12NCCNC2N,-2.319399999999997,10.102210056638457
CC1(CCl)N->[Ir]<-NC23N=CC=CC12C=CC=N3,0.8227000000000001,5.80071207381188
CC(OCC(F)(F)F)S1->[Ir]<-SCC1(S)COC(F)(F)F,3.736800000000001,7.219748531487365
FC(F)(F)c1ccc(-n2cc3n(->[Ir]<-n4ccccc4-3)c2)cc1,3.9531000000000014,18.29779590939368
FC(F)(F)P1(C(F)(F)F)->[Ir]<-N=CC12CCCCNC2,3.6697700000000015,9.443468342663136
Clc1ccccc1C=N1->[Ir]<-S=C(Nc2ccccc2)N1,3.6605000000000016,7.265125695775816
Oc1cc(-c2ccccc2)cn2->[Ir]<-n3ccccc3-c12,3.516200000000002,18.63736018734469
CC1=C(C)C2S3->[Ir]<-S=P2(c2ccccc2)C1C3,3.582900000000002,9.18336960368713
CCN(CC)C(C1=S->[Ir]<-[S-]1)c1ccccc1,2.9438000000000013,3.6775567378726213
CC1=N(N=Cc2ccccc2C#N)->[Ir]<-n2ccccc21,2.796380000000001,18.29779590939368
FC(F)(F)c1ccc(-n2ccn3->[Ir]<-n4ccccc4-c23)cc1,3.9531000000000014,18.29779590939368
Cc1on2->[Ir]<-N=C(SCc3ccccc3)c2c1C,3.5502100000000016,12.361718891323925
C1=CC2(C=N->[Ir]<-N2)CC(c2ccccc2)C1,2.467270000000001,6.015488102772097
c1ccc(C2=N->[Ir]<-N=C(c3ccccc3)C2)cc1,3.512640000000002,11.53182320958103
OCc1ccc(-c2ccn3n2->[Ir]<-n2cccnc2-3)cc1,1.8216,19.332657473437184
Cc1ccc2n(->[Ir]<-N(C(C)C)C2C)c1,2.449020000000001,13.49538982750813
Cn1ccn2->[Ir]<-n3[nH]c(-c4ccccc4)cc3C(=O)c12,2.0412,14.28067489357005
CC(C)N1(C)->[Ir]<-N2CCCC2C1,1.0786,14.119331072462089
CN12->[Ir]<-N(CC1)CC(N)NC(N)C2,-2.319399999999997,14.368907570443671
Cc1ccn2->[Ir]<-NC3(OCC(C)(C)O3)c2c1,1.28442,13.815555818020776
Oc1c(-c2ccccc2)ccc2n1->[Ir]<-n1ccccc1-2,3.516200000000002,19.716832367069166
Cc1ccc(-c2c[nH]n3->[Ir]<-n4ccccc4-c23)cc1,3.447120000000001,18.29779590939368
CCC1N->[Ir]<-n2ccccc2C1CC,2.3125,11.65661145857182
Cc1sccc1-c1[nH]n2->[Ir]<-n3ccccc3-c2c1C,3.817040000000002,18.29779590939368
CC(C)(C)P1(C)->[Ir]<-n2cc(N)[nH]c2C1,2.4021,13.155825549557122
O=CSC1NCc2ccccn2->[Ir]<-n2ccccc21,2.1884,16.79858181840838
CN1->[Ir]<-n2ccccc2C1C(C)(C)C,2.3882000000000003,13.744966325489713
CSCCCN1->[Ir]<-N(C)(C)CC1,0.8906999999999998,12.654917450498152
Cc1cccc(CO)c1N1->[Ir]<-n2ccccc2C=1,2.6329200000000004,18.63736018734469
CC(C)C12NC3=[Be]->[Ir]<-n4ccccc4N3C1N=CO2,1.22439,14.28067489357005
Cc1cnccc1CN1->[Ir]<-n2ccccc2C1,2.07482,15.458956445435232
CC(=O)NCCN1->[Ir]<-NC2CCNC21,-1.6411999999999969,6.3898528497444715
COc1cc(C)cn2->[Ir]<-N(c3ccccc3)=Cc12,3.149220000000001,18.63736018734469
O=C(c1cccs1)N1c2ccccn2->[Ir]<-n2ccccc21,3.516600000000002,17.958231631442672
Cc1cccc(C)c1N1->[Ir]<-OC(C)C1O,1.41454,7.854266471708408
Cc1cccc(C)c1N1->[Ir]<-OC(O)C1C,1.41454,11.022093518350777
Cc1cn2->[Ir]<-S=C(SCc3ccccc3)n2c1C,3.566340000000002,10.817894184657646
Cc1ccn2->[Ir]<-n3nn(C(C)(C)C)nc3-c2c1,1.79852,17.49387910450087
CN(C)c1ccccc1N1->[Ir]<-n2c(Cl)cccc2N=1,4.216400000000003,17.70865513346109
N#Cc1ccc(-c2ccn3->[Ir]<-n4ccccc4-c3c2)cc1,3.682280000000002,18.63736018734469
Oc1cccc(Cn23->[Ir]<-n4ccccc4-c2cnn3)c1,2.0939999999999994,18.083019880433465
Cc1ccc(S2->[Ir]<-n3ccc(C)cc3C2)cc1,3.9907400000000015,13.245813329526548
CCCN12->[Ir]<-n3ccccc3C1NCC2,1.3954,17.297734814371545
CC(C)n1c2c(n(C(C)(C)C)c1=S)=S->[Ir]<-S=2,2.7506000000000013,3.6775567378726213
CC(C)N1->[Ir]<-n2ccccc2-c2ncccc21,2.9639000000000006,13.245813329526548
Cc1nc(N2->[Ir]<-n3ccccc3C=2)c2ccccc2n1,3.083820000000001,18.422584158384474
N#Cc1ccn2->[Ir]<-n3ccc(-c4ccccc4)cc3-c2c1,3.682280000000002,18.63736018734469
CP1(C)->[Ir]<-P(C)(C)c2ccccc2C1,3.294900000000002,12.779705699488943
Cc1cnc2c(c1)N->[Ir]<-n1cc(C)ccc1C2,2.26644,11.407034960590238
CC1c2ccccn2->[Ir]<-N1Cc1ccncc1,2.3274,13.49538982750813
OCc1cc(-c2ccccc2)n2->[Ir]<-n3cc(Br)cnc3-n12,2.5841000000000003,19.332657473437184
COc1ccc2n(->[Ir]<-N(c3ccccc3C(=O)O)=C2)c1,2.539,18.63736018734469
CCC1=N(c2ccccc2)->[Ir]<-[Be]=C2N(C)C=CN21,2.841490000000001,21.17143584237349
CON=Cc1cccc2n1->[Ir]<-n1[nH]c(C)c(C)c1-2,2.06884,20.011786029339202
c1cncc(N2CCS3->[Ir]<-S(CC2)CC3)c1,2.3680000000000003,8.478207716662364
[Be]1->[Ir]<-Nc2c(nnn2Cc2cccnc2)N2C=CC=CC=12,1.23229,17.064327046580438
Cn1cccc1-c1cccc2n1->[Ir]<-n1ccccc1-2,3.1491000000000016,20.35135030729021
CN1(C)->[Ir]<-N(C)(c2ccc(Cl)cc2)CC1,2.3378,14.493695819434462
Oc1cc(O)cc(-c2cccn3->[Ir]<-N4=C(SCC4)c23)c1,2.6532,21.772418328215018
CCN1C=CN2Nc3ccccc3S(C)->[Ir]<-[Be]=C12,2.840390000000001,14.065898864609832
COc1cccc(-c2nc3n(->[Ir]<-n4ccccc4-3)[nH]2)c1,2.542299999999999,17.958231631442672
Oc1ccccc1-c1cccc2n1->[Ir]<-n1ccccc1-2,3.516200000000002,20.35135030729021
COc1ccn2->[Ir]<-N(c3ccccc3C(=O)O)=Cc2c1,2.5390000000000006,19.84162061605996
O=C(CN1->[Ir]<-NCC1)OCc1ccccc1,0.2781000000000002,6.639429347726054
CCO1->[Ir]<-PC(=O)CC1N1CCCC1,1.2366,7.764278691738982
CC(=O)NN1->[Ir]<-N=CC12C=c1ccccc1=NC2,-0.8706299999999985,9.603057060675292
NC1=CNC2=[Be]->[Ir]<-n3(Cc4ccccc4)nccc3N21,1.0948899999999997,17.743455602482456
Oc1ccc2n(->[Ir]<-NC23C=c2ccccc2=NC3)c1,0.0550999999999999,11.53182320958103
COC(=O)c1cccn2->[Ir]<-n3ccc(C(=O)NO)cc3-c12,1.0492,18.63736018734469
CCOC(=O)C1CN2->[Ir]<-N=CC(C)(C)C=2O1,1.02257,11.022093518350777
CC1(C)N->[Ir]<-NC23C=CC=NC12N=CC=C3,0.3986999999999997,6.140276351762889
CC(C)(C)c1cncn2->[Ir]<-[Be]=C3NC=C(N)N3c12,0.9375899999999996,17.279103075540654
CC1=C(N)C2C=O->[Ir]<-N2(c2ccccc2)N1C,1.1111,12.781460802584748
Nc1c(-c2ccccc2)ncn2->[Ir]<-n3ccccc3-c12,2.7878000000000007,18.29779590939368
Cc1ccc(-c2nn3->[Ir]<-NC(C)(C)c3o2)cc1,2.2388200000000005,10.308164493427395
CN(C)P1(c2ccccc2)->[Ir]<-[Be]=C2C=CC=CN21,2.6096900000000005,11.977543997691939
c1ccc(N2->[Ir]<-N=NC23CCNCC3)cc1,2.2091700000000003,8.88912803575191
CC1N->[Ir]<-N(C)C1Cc1ccc(Cl)cc1,1.8177,6.639429347726054
Cc1ccc(C)c(N2->[Ir]<-OC(O)C2C)c1,1.4145399999999997,7.3445367804781565
Cc1cccc(CNN2->[Ir]<-n3ccccc3C=2)n1,1.90872,16.583805789448164
c1ccc(-c2ccn3n2->[Ir]<-Nc2ccccc2-3)cc1,3.121500000000001,10.942682433648438
Oc1ccc2ccccc2c1N1->[Ir]<-n2ccccc2C=1,3.6910000000000025,18.762148436335483
C1=N(c2ccccc2-c2cc[nH]n2)->[Ir]<-n2ccccc21,3.222300000000001,18.63736018734469
SC1CS->[Ir]<-S(c2ccccc2)c2ccccc21,4.738500000000002,6.015488102772097
Cc1ccc([S+]2C[S+](C(C)C)[O-]->[Ir]<-[O-]2)cc1,2.21722,9.822884770622483
CN1(C)->[Ir]<-N(=Cc2ccccc2Cl)NCC1,1.8250999999999995,13.77976679451108
CS1->[Ir]<-n2nc(-c3ccccc3)cn2-c2ncccc21,3.0512000000000006,12.56668477362453
Cc1ccccc1-c1cc2n(->[Ir]<-n3ccccc3-2)[nH]1,3.4471200000000017,18.29779590939368
CCCN12->[Ir]<-N(CC1)CC2(N)CO,-1.051099999999998,10.441774334589466
CC1(c2ccccc2)C=N(O)->[Ir]<-n2cc(N)[nH]c21,1.7578999999999998,14.2352977292816
C=C(C)CN1->[Ir]<-NCC12CCNC2,-0.157099999999999,10.192197836607884
Cc1c(O)cccc1N1->[Ir]<-N(c2ccccc2)=NC=1,4.144320000000002,17.958231631442672
Cc1cc(O)c(O)c(C=N2->[Ir]<-N(C)CC2)c1,1.04452,13.994542823471297
CC(C)CN1->[Ir]<-N=CC12CCNC2,0.6136699999999998,7.9790547206991995
Cc1cc2n(->[Ir]<-n3ccn(C)c3C2(C)C)[nH]1,1.7775199999999998,16.11945326250636
Cn1ccn2->[Ir]<-N(c3ccccc3)=C(C(F)F)Cc12,3.0004000000000017,18.29779590939368
CC(Cl)N1->[Ir]<-NC(c2ccccc2)C1C,2.2493000000000007,8.10384296968999
CN1(C)->[Ir]<-NCC12CNc1ccccc12,0.8276999999999994,10.441774334589466
CCC(Cc1ccccc1)N1->[Ir]<-S=C(C)N=1,3.807200000000004,10.817894184657646
CN1(C)->[Ir]<-P(C)(C)c2ccccc2C1,2.115,12.779705699488943
C1=NC2(N->[Ir]<-n3ccccc32)C(c2ccccc2)O1,1.9929,13.03103730056633
COC(C)Cn12->[Ir]<-n3ccccc3-c1ccn2,1.98,18.422584158384474
COC(=O)c1ccccc1NC1=O->[Ir]<-n2ccccc21,2.1205,14.620239171521058
COP(=O)(OC)c1cccn2->[Ir]<-n3ccccc3-c12,2.2548000000000004,18.63736018734469
Nc1ccn2->[Ir]<-NC3(NCCNC3N)c2c1,-1.747099999999998,11.407034960590238
NCCN1->[Ir]<-n2ccccc2C=1c1ccncc1,1.2726999999999995,18.762148436335483
Cc1cncc(N2->[Ir]<-n3ccccc3C2)c1C,2.705540000000001,13.49538982750813
CC1S->[Ir]<-N(C)C(c2ccccc2)C1S,2.563800000000001,6.3898528497444715
C1=N->[Ir]<-NC12CCC=C(c1ccccc1)C2,2.600970000000001,6.514641098735263
CC(=O)OCc1ccc2n(->[Ir]<-N3=C2OC(C(=O)O)C3)c1,0.3746999999999997,18.127630496114442
CC1NCN2->[Ir]<-N3C(CO)NCC2C13,-2.2263999999999973,8.228631218680782
COC(=O)c1ccn2->[Ir]<-n3ccc(C(O)O)cc3-c2c1,0.9133999999999998,18.63736018734469
CC(O)c1ccc2n(->[Ir]<-n3c-2[nH]c2ccccc23)c1,2.6782000000000004,20.0117860293392
Cc1cnc2c(C)cn3->[Ir]<-n4ccccc4-c3c2c1,3.3086400000000014,18.63736018734469
OC1CCCCC1N1->[Ir]<-n2ccccc2C=1,1.804,18.886936685326273
CCP1(CC)->[Ir]<-Nc2ccccc2C1,3.290500000000001,8.353419467671573
CC1(c2ccccc2)CN->[Ir]<-N1(C)C,1.4221,10.566562583580259
COC(=O)c1cccn2->[Ir]<-n3c(C(=O)OC)cccc3-c12,3.3105400000000014,20.351350307290208
COc1cccc(N2->[Ir]<-N=c3c=2cnc2ccncc32)c1,2.2845000000000004,16.798581818408383
CC(C)(C)n1nc2n(->[Ir]<-n3c-2[nH]c2ccccc23)n1,1.9714,18.868304946495382
c1ccc(CN23->[Ir]<-NCC2CCC3)cc1,1.6096999999999992,12.155764454534985
Nc1ccc(-c2ccn3->[Ir]<-n4ccccc4-c3c2)cc1,3.392800000000002,18.63736018734469
Cc1nc(-c2ccccc2)cn2->[Ir]<-n3ccccc3-c12,3.514020000000002,18.63736018734469
Cn1c2n(->[Ir]<-n3c(N)cccc3C2)c2ccccc21,2.1413,19.5474335023974
NCc1ccc(CN2->[Ir]<-n3ccccc3C=2)cc1,2.1594,17.048158316389962
CC1c2ccccn2->[Ir]<-N1Cc1ccccc1,2.932400000000001,13.49538982750813
CC(=O)NN1->[Ir]<-n2ccccc2C1c1cccnc1,1.2067,13.03103730056633
Cc1cccc(CN2->[Ir]<-n3ccccc3C2)c1,2.679820000000001,13.620178076498922
COC(=O)c1ccn2->[Ir]<-n3cc(C(=O)OC)ccc3-c2c1,1.7168,18.63736018734469
CC1CN(=CC2NC=CC2(C)C)->[Ir]<-N1,0.9160999999999996,10.316986085598675
CCN1->[Ir]<-n2ccccc2C1c1ccccc1,2.780500000000001,13.49538982750813
Nc1cccn2->[Ir]<-NC3(C=c4ccccc4=NC3)c12,-0.0683000000000002,11.53182320958103
CN1->[Ir]<-N(=Cc2cccc3ccccc23)CC1,2.4781000000000004,12.280552703525778
N#CC1CCCC(C#N)CS2->[Ir]<-S(C=C2)CC1,3.777560000000003,8.10384296968999
O=C(c1ccccc1)c1ccn2->[Ir]<-n3ccccc3-c2c1,3.374600000000002,18.63736018734469
N#Cc1c(-c2ccccc2O)ccn2->[Ir]<-n3ccccc3-c12,3.387880000000002,18.63736018734469
COc1ccc(-c2cc3n(->[Ir]<-n4ccccc4-3)[nH]2)cc1,3.1473000000000004,18.29779590939368
Cc1ccc(CN2->[Ir]<-n3ccccc3C2)cc1,2.679820000000001,13.620178076498922
CN(C)c1cccc2n1->[Ir]<-N1CCOCC21,0.8084999999999998,14.86981566950264
O=C(O)c1ccccc1CN1->[Ir]<-n2ccccc2C1,2.0696,15.458956445435232
Cc1ccccc1C1Nc2ccc(O)cn2->[Ir]<-N1,2.16502,11.317047180620811
CC(=O)C1=N->[Ir]<-n2(-c3ccc(C)cc3)cnc(N)c21,1.7197900000000002,14.74502742051185
Cc1ccnc(NC2=S->[Ir]<-n3cccc(C)c3N2)c1,2.902340000000001,12.317108275642948
Cc1[nH]nc2c1NN->[Ir]<-PC2(C)C(C)(O)O,-0.2051800000000002,3.9619337048755687
CN1(C)->[Ir]<-n2(Cc3ccccc3)nncc2C1,1.3879999999999997,15.278980885496381
CN1(C)->[Ir]<-n2ccccc2C1c1ccccc1,2.7326000000000006,17.547311312353127
O=C1C=CC(=O)N1c1ccc(N2->[Ir]<-n3ccccc3C=2)cc1,2.2616000000000005,18.63736018734469
CC(C)C1=O->[Ir]<-[Be]=C2N(C)c3ccccc3N2C1,2.1641900000000005,14.28067489357005
CC1c2ccccn2->[Ir]<-N1Cc1cccc(Br)c1,3.6949000000000014,15.334168196444441
Cc1ccc(N2->[Ir]<-n3ccccc3C2)c(C)c1,3.3105400000000014,13.37060157851734
COc1ccc(-c2cn3n(->[Ir]<-n4ccccc4-3)c2)cc1,2.9429000000000007,17.958231631442672
COCC(=O)CN1->[Ir]<-NCCNCC1,-1.660199999999997,8.977360712625531
Cn1ccc(-c2cccn3->[Ir]<-n4cc(C#N)ccc4-c23)c1,3.020780000000001,18.63736018734469
CN1(C)->[Ir]<-N(=Cc2cccc(F)c2)CCC1,2.1963,14.24411932145288
Cc1[nH]c(=N2->[Ir]<-n3ccccc3C2)n(C)c1C,1.46594,18.083019880433465
Cc1ccccc1N1->[Ir]<-N=c2c=1cnc1ccccc21,3.8514900000000014,16.923370067399173
c1ccn2->[Ir]<-N(c3ccc4ccccc4c3)Cc2c1,3.8469000000000015,13.37060157851734
NC1=N2->[Ir]<-n3ccccc3C2C(c2ccccc2)N1,1.7818999999999998,19.797010000378982
Nc1cc2n(->[Ir]<-n3ccccc3-2)cc1-c1ccccc1,3.392800000000002,18.63736018734469
c1ccc(N23->[Ir]<-n4ccccc4C2CNC3)cc1,2.1899999999999995,18.547372407375263
NC(=O)c1ccc(-n23->[Ir]<-n4ccccc4-c2ccn3)cc1,2.0332,18.17300766040289
c1ccc(C2=NCC3(N2)N->[Ir]<-n2ccccc23)cc1,1.2431,11.407034960590238
OCC12CNCN3->[Ir]<-N1CNCC32CO,-3.2507999999999964,8.10384296968999
CC(C)S1->[Ir]<-S(c2ccccc2)CCC1,4.310400000000003,8.10384296968999
CC1N->[Ir]<-N2C=CC=CC23C=CN=CC13C,1.3499,7.9790547206991995
Clc1nc2ccccc2nc1-n12->[Ir]<-n3ccccc3-c1ccn2,3.5309000000000017,18.17300766040289
Cc1ccccc1[S+]1C[S+](c2ccccc2F)[O-]->[Ir]<-[O-]1,3.0070200000000016,9.698096521631692
c1ccc(C2=N->[Ir]<-O=C2N2CCCCC2)cc1,2.0669700000000004,11.317047180620811
c1ccc(C2=N3->[Ir]<-Nc4ccccc4C3CO2)cc1,2.786900000000001,12.611295389305507
c1ccc(CN2CCN3->[Ir]<-n4ccccc4C=32)nc1,1.739,18.422584158384474
CC(C)OC(=O)c1ccc2n(->[Ir]<-n3ccccc3-2)c1,2.7088,18.63736018734469
COC(=O)c1cccc(N2->[Ir]<-n3ccccc3C2)c1,2.4803000000000006,13.37060157851734
Cc1cccc(NC2=S->[Ir]<-n3cccc(C)c3N2)n1,2.9023400000000006,10.942682433648438
NC1=NC23C=CC=CC2(N1)P1->[Ir]<-S(CCC1)C3,1.2808,8.10384296968999
CC(C)c1ccc(NC2=S->[Ir]<-NN2C)cc1,2.3123000000000005,3.7123572068939863
Cc1sccc1-c1ccn2(->[Ir]<-NNc3cccnc3-2)n1,2.58982,10.852694653679011
c1ccn2->[Ir]<-N(Cc3ccc4c(c3)OCO4)Cc2c1,2.1001,13.744966325489713
Cc1cc(O)cc(C(=O)NN2->[Ir]<-n3ccccc3C=2)c1,1.85952,16.583805789448164
CC(C)Cc1ccn2->[Ir]<-n3ccccc3-c2c1,3.342100000000002,18.63736018734469
CC(O)N=C1CN(C)(C)->[Ir]<-n2ccccc21,0.7706,15.833321192407608
C=CP1(c2ccccc2)->[Ir]<-N(c2ccccn2)=CN1,3.196900000000001,13.94111061561904
c1ccc(Cn2c(-c3ccccc3)nc3c2=S->[Ir]<-S=3)cc1,3.6038000000000014,3.6775567378726213
CCNC(=O)c1cncc2c1N->[Ir]<-N2=C(C)C,1.5258,14.325285509251025
CC1Oc2cccnc2N->[Ir]<-Pc2ccccc21,2.3042000000000007,4.176709733835787
C(c1ccnc2ccccc12)=N1->[Ir]<-n2ccccc2C1,3.2489000000000017,17.048158316389962
CC(C)c1cccn2->[Ir]<-n3cccc(C(=O)O)c3-c12,2.9652000000000003,18.63736018734469
NC12NC=CN1C=[Be]->[Ir]<-n1(Cc3ccccc3)nncc12,0.3173899999999998,12.227120495673521
C(#Cc1ccn2->[Ir]<-n3ccccc3-c2c1)c1ccccc1,3.543400000000002,18.63736018734469
Cc1ccccc1S1->[Ir]<-N2CCOCC2C1,2.07552,8.228631218680782
O=C(Cn1cc2n(->[Ir]<-n3ccccc3-2)n1)c1ccccc1,2.223,17.833443382451883
CCN(C)C1=S->[Ir]<-N(=Cc2ccc([N+](=O)[O-])cc2)N1,1.7549,9.228692313702918
CC(C)(F)c1cccn2->[Ir]<-n3cccc(C(=O)O)c3-c12,3.046400000000001,18.63736018734469
CN1(C)->[Ir]<-n2ccccc2C1c1c(F)cc(F)cc1F,3.149900000000001,17.547311312353127
CNC(=O)NCCCN1->[Ir]<-n2ccccc2C=1,0.8195999999999994,17.172946565380755
Cc1cnn(-c2cncn3->[Ir]<-n4ccccc4-c23)c1C,2.34114,18.29779590939368
CCN1CC(C)(C)N2->[Ir]<-n3ccccc3C=21,1.9423,21.850564398275512
COc1ccc(CN2N->[Ir]<-n3ccccc32)cc1,1.9705,10.72790640468822
Cc1ccc2n(->[Ir]<-N(c3ccccc3C)C2)c1,3.3105400000000014,13.49538982750813
COCc1ccc2n(->[Ir]<-n3cc(C(O)O)ccc3-2)c1,1.2731999999999997,18.63736018734469
CN1c2ccccc2CN2->[Ir]<-n3ccccc3C12,2.3198,15.334168196444441
CC(OCC(F)F)S1->[Ir]<-SCC1(S)C(O)(O)C(F)F,1.8492000000000008,7.219748531487366
CCn12->[Ir]<-[Be]=C3C=C4C=CC=CC4CN3c1ccn2,2.43039,18.083019880433465
C1=NCC2c3ccccn3->[Ir]<-N12Cc1cccnc1,2.0618,18.67216065636606
NC1=CCC2(C=N->[Ir]<-N2)C2(C=CC=CC2)C1,1.4723700000000004,6.140276351762889
c1ccc(-n2cc3n(->[Ir]<-S(c4ccccc4)C3)n2)cc1,3.559600000000001,12.441896524633739
CCN1(C)->[Ir]<-N(=Cc2cccc(Cl)c2)CC1,2.710600000000001,14.119331072462089
Cc1ccc2n(->[Ir]<-SC2(S)Cc2ccccc2)c1,3.645120000000003,11.282246711599447
Cc1ccccc1N1->[Ir]<-N=c2c=1ccc1ccncc21,3.5573900000000016,16.923370067399173
Cc1ccccc1N1->[Ir]<-n2ccccc2C1C,3.5631200000000014,13.245813329526548
COC(=O)c1ccc2n(->[Ir]<-n3cccc(C(=O)OC)c3-2)c1,1.7168,18.63736018734469
CC1(C)COC2(CS3->[Ir]<-S2CCCC3)O1,2.7258000000000013,8.10384296968999
CC1=NNC23C=CC=CC12P(CO)(CO)->[Ir]<-P3,0.7831999999999997,8.10384296968999
CN1(C)->[Ir]<-N(O)CC12CCCCC2,1.2296999999999996,11.646034763304735
CC(P1->[Ir]<-n2ccccc2C=1)[Si](C)(C)C,3.4440000000000026,13.245813329526548
Brc1ccc(C=N2->[Ir]<-O=C(Cc3ccccc3)N2)cc1,3.141900000000001,12.441896524633739
CN(C)C1=S->[Ir]<-N(=Cc2ccnc3ccccc23)N1,2.0048000000000004,9.103904064712127
CN1(C)->[Ir]<-N(=Cc2ccccc2)CCC1,2.0572,14.24411932145288
CCN(CC)C1=O->[Ir]<-S=C(c2ccccc2)N1,2.413500000000001,6.800773168834016
O=C(c1ccccc1)N1CCN->[Ir]<-NCC1,0.0462000000000004,4.800650978789744
O=C(O)c1cccc(C2n3cccn3->[Ir]<-n3cccn32)c1,1.873,17.958231631442672
COc1ccccc1-c1ccn2n1->[Ir]<-n1ccccc1-2,2.9429000000000007,19.672221751388193
Cc1cccc(N2->[Ir]<-n3ccc(C)cc3C2)c1,3.3105400000000014,13.37060157851734
CC1(C)OC2CS3->[Ir]<-S(CCCC3)C2O1,2.7242000000000006,8.228631218680782
CCN1->[Ir]<-Nc2cnccc2Nc2cnccc21,2.2341999999999995,6.514641098735263
CC(C)S1->[Ir]<-N2=C(C=CC(C)(C)C2)C1,3.165000000000002,13.49538982750813
Cc1cccn2->[Ir]<-S=C3NC4C=CC=CC4(N)N3c12,1.23412,10.817894184657646
c1cncc(S2->[Ir]<-NCC23CCCNC3)c1,1.2546,7.854266471708408
CN(C)Cc1cncc2c1N(C)(C)->[Ir]<-N2,0.7914000000000002,8.353419467671573
CC(c1ccccc1)N1->[Ir]<-n2cc(C=O)ccc2C=1,3.074200000000001,18.762148436335483
Cc1cncc(C=N2->[Ir]<-n3ccccc3C2C)c1,2.965120000000001,18.762148436335483
c1ccc(CS2->[Ir]<-NC3CCCNC32)nc1,1.3515999999999997,12.030976205544194
c1ccn2->[Ir]<-n3nc(-c4cccc5ccccc45)oc3-c2c1,3.951800000000002,17.538489720181847
Cc1cncc(-c2cccn3->[Ir]<-n4ccccc4-c23)c1,3.5140200000000013,18.63736018734469
O=c1cccc(N2c3ccccn3->[Ir]<-n3ccccc32)[nH]1,2.6347,17.958231631442672
CCN1(C)->[Ir]<-N(=Cc2ccccc2)CC1,2.0572,15.958109441398399
Cc1ccc(O)c(-c2cc3n(->[Ir]<-n4ccccc4-3)[nH]2)c1,3.1527200000000013,18.29779590939368
CCC1=O->[Ir]<-O=C2OCC(C)(c3ccccc3)N12,2.2906000000000004,9.843811966485594
Cc1ccnc(NC2=S->[Ir]<-n3ccc(C)cc3N2)c1,2.9023400000000006,10.817894184657646
FC(F)(F)c1nnn2(Cc3cccnc3)->[Ir]<-n3ccccc3-c12,2.802200000000001,18.083019880433465
COC(=O)CN1(C)->[Ir]<-N(O)c2ccc(C(=O)O)cc21,0.7950999999999995,9.432891647396051
C(#Cc1ccccc1)C=N1->[Ir]<-n2ccccc2CC1,2.746600000000001,17.048158316389962
Cc1ccccc1C1n2cccn2->[Ir]<-n2cccn21,2.48322,17.958231631442672
OC(O)c1nn2->[Ir]<-n3ccccc3-c2n1-c1ccccc1,1.3124999999999998,17.833443382451883
CCOC1(OCC)C=O->[Ir]<-O=CC1(C)C,1.1797,7.604689973726825
CN(C)C=C1c2ccccn2->[Ir]<-n2ccccc21,2.4274000000000004,18.63736018734469
CN1->[Ir]<-P(c2ccccc2)(c2ccccc2)NC=1,2.282,10.852694653679011
Oc1cccc(Cn23->[Ir]<-n4ccccc4-c2cnc3)c1,2.699,18.547372407375263
COc1cccc(-c2cn3n(->[Ir]<-n4ccccc4-3)c2)c1,2.9429000000000007,17.958231631442672
Cc1ccc(-c2cn3n(->[Ir]<-Nc4ccncc4-3)n2)cc1,2.2199199999999992,10.603118155697429
CCc1ccccc1N1->[Ir]<-n2ccccc2C1,3.256100000000001,13.37060157851734
Oc1cccn2->[Ir]<-n3ccc(-c4ccccc4)c(O)c3-c12,3.2218000000000013,18.63736018734469
CC1(C)COC2(CCCS3->[Ir]<-S2CC3)O1,2.7258000000000013,8.10384296968999
COC(=O)c1ccn2->[Ir]<-n3cccc(C(=O)OC)c3-c2c1,1.7168,18.63736018734469
CC1(C)COC2(CCS3->[Ir]<-S(CC3)C2)O1,2.3782000000000005,8.478207716662364
COC(=O)C12NCC(N)C1(C(=O)OC)N->[Ir]<-N2,-3.384599999999997,4.176709733835787
CCN1(CC)->[Ir]<-N=C(c2ccccc2)C1,2.3962700000000003,11.906187956553403
Cc1ccc(C2n3cccn3->[Ir]<-n3cccn32)cc1,2.48322,17.958231631442672
NC1CNCC2(N1)N->[Ir]<-N=C2c1cccnc1,-1.4179299999999984,7.854266471708408
CCc1cccc(N2->[Ir]<-n3ccccc3C2)c1,3.256100000000001,13.37060157851734
C(c1ccc2c(c1)OCO2)=N1->[Ir]<-O=C(c2ccccc2)N1,2.1792,12.56668477362453
Clc1ccc(CN2->[Ir]<-n3ccccc3CC2)cc1,3.067300000000001,11.781399707562612
Cc1cccc(N2->[Ir]<-n3cc(C)ccc3C2)c1,3.3105400000000014,13.37060157851734
CC(=C(F)F)S1->[Ir]<-S(CC(=O)n2cc(C(F)(F)F)cn2)CC1,4.136500000000002,8.10384296968999
CC1=N(CCC(C)C)->[Ir]<-n2ccccc21,2.936700000000001,18.762148436335483
CC(C)CCn1cc2n(->[Ir]<-n3ccccc3-2)n1,2.3862,17.833443382451883
c1cncc(CS2->[Ir]<-NCC23CCNC3)c1,1.0055999999999998,6.26506460075368
Cc1sccc1C=N1->[Ir]<-O=C(Cc2ccccc2)N1,2.749320000000001,12.441896524633739
c1ccc(-n2ccn3->[Ir]<-n4c([nH]c5ccccc54)-c23)cc1,3.4156000000000013,19.67222175138819
C=C(C)CN1(CC(=O)O)->[Ir]<-n2cc(F)ccc2C1,1.6834,15.583744694426024
Cc1ccc2c(c1)N->[Ir]<-Nc1cc(C)ccc1-2,3.1348400000000005,4.176709733835787
c1ccc(-c2cncc3c2-c2ccccn2->[Ir]<-N3)cc1,3.392800000000002,11.407034960590238
CC1(C2CCCC2)N->[Ir]<-n2ccccc21,2.4457000000000004,11.53182320958103
O=C(c1ccccc1)c1cccn2->[Ir]<-n3ccccc3-c12,3.374600000000002,18.63736018734469
CCC(C)c1ccc2n(->[Ir]<-n3ccccc3-2)c1,3.6571000000000025,18.63736018734469
COc1ccc(C=N2->[Ir]<-O=CN2C(C)C)cc1,1.8959,12.441896524633739
C(c1cccc2c1OCO2)=N1->[Ir]<-O=C(c2ccccc2)N1,2.1792,12.56668477362453
Cc1cc(C)cc(N2->[Ir]<-N=CC2(C)C)c1,3.143510000000001,9.693044840644719
CC1SC=C(CS(=O)(=O)C2N->[Ir]<-n3ccccc32)S1,2.1211,11.53182320958103
C1CCN2(->[Ir]<-N3CCCCC32)CC1,1.5719,13.994542823471297
C1CCC2(C1)CP1(->[Ir]<-P2)CCCC1,3.450000000000002,8.10384296968999
C1=N->[Ir]<-n2ccccc2C12COC(c1ccccc1)=N2,2.4034700000000004,13.37060157851734
C(c1ccccc1)=N1->[Ir]<-S=C(Cc2ccccc2)N1,3.180200000000001,9.103904064712127
CC1(c2ccccc2)Cc2ccccn2->[Ir]<-N1,2.4982000000000006,13.245813329526548
CC1CN2->[Ir]<-n3cc(C4=NC(=O)C(C)O4)ccc3C=2O1,0.9388,18.12763049611444
Nc1ccccc1-c1nccn1C1=O->[Ir]<-n2ccccc21,2.2158,14.620239171521058
CCOP(=O)(OCC)C1CN->[Ir]<-SC1S,1.7655000000000003,4.42628623181737
CC1(C)C=N->[Ir]<-N2=C1OC(c1ccccc1)C2,2.8321700000000014,12.736083638296297
CCC1=O->[Ir]<-O=C2N1COC2(C)c1ccccc1,1.6547,10.353541657715846
CS1->[Ir]<-S(CCn2cnc3ccccc32)CC1,3.132500000000002,8.478207716662364
CC1OC=N2->[Ir]<-n3ccccc3C12c1ccccc1,2.7722000000000007,19.96640886505075
Clc1cccc(C2=NCC3(N2)N->[Ir]<-n2ccccc23)c1,1.8965000000000003,12.90624905157554
COC(C)CN1->[Ir]<-N2CCCC2C1,0.3628999999999998,10.441774334589466
Cc1ccn2->[Ir]<-n3ccc(-c4ccncc4)cc3-c2c1,3.5140200000000013,18.63736018734469
CCN12->[Ir]<-n3ccccc3C1Nc1ccccc12,3.0322000000000005,18.547372407375263
c1ccn2->[Ir]<-N3=C(c2c1)N(Cc1ccncc1)CC3,1.739,18.422584158384474
CC1(C)C=COC2=N->[Ir]<-N(C3C=CC=CC3)=C21,2.859470000000001,16.28885212717813
CN1c2ccccc2N2->[Ir]<-n3c(oc4ccccc43)C12,3.388300000000001,17.663277969172636
Nc1ccc(-c2nccn2C2=O->[Ir]<-n3ccccc32)cc1,2.2158,14.620239171521058
CC(C)C1=N(C(C)C)->[Ir]<-n2ccccc21,2.935100000000001,20.476138556281
NC(=O)N1C=S->[Ir]<-n2cc(NC(=O)c3ccccc3)cnc21,1.5712000000000002,10.603118155697429
Cc1cccn2->[Ir]<-S=C(NC(=O)c3ccccc3)Nc12,2.51682,10.817894184657646
N#Cc1ccc(Cn23->[Ir]<-n4ccccc4-c2ccn3)cc1,2.8650800000000007,18.422584158384474
NC1C(=S)CNC1=N1->[Ir]<-NCC12CCNC2,-1.6238999999999986,14.86981566950264
CN1(C)->[Ir]<-OC2(c3ccccc3)CCOC21,1.1821999999999997,9.807256394368425
Cc1cccc(C)c1N1->[Ir]<-N(O)=C2C=CC=NC21,2.5122400000000003,12.736083638296297
NC12NCCCC13CN1->[Ir]<-N2CC(C1)O3,-1.6872999999999971,9.852633558656875
OCc1c(-c2ccccc2)[nH]n2->[Ir]<-n3ccccc3-c12,2.631000000000001,18.29779590939368
COCc1ccn2->[Ir]<-n3ccc(C(O)O)cc3-c2c1,1.2731999999999997,18.63736018734469
Nc1cc(-c2ccccc2)c2n(->[Ir]<-n3ccccc3-2)c1,3.392800000000002,18.63736018734469
CC(=O)NN1->[Ir]<-n2ccccc2C1c1ccncc1,1.2067,14.86981566950264
CCCCS1->[Ir]<-S(CCCO)CC1,2.6353000000000013,8.602995965653156
FC(F)(F)c1ccn2->[Ir]<-n3ccc(C(F)(F)C(F)(F)C(F)(F)F)cc3-c2c1,5.451800000000002,18.63736018734469
CC(C)C(O)CN1->[Ir]<-n2ccccc2C1,1.1881000000000002,13.620178076498922
CN(C)c1cccc(S2->[Ir]<-Nc3ccncc32)c1,2.881,5.765911604790515
Cc1ccc2n(->[Ir]<-S=C(NC(=O)c3ccccc3)N2)c1,2.516820000000001,12.022154613372916
CN1(C)->[Ir]<-N(=Cc2cc(F)cc(Cl)c2)CCC1,2.849700000000001,14.24411932145288
CC(C)c1cc2n(->[Ir]<-S(c3ccccc3)C2)[nH]1,3.825400000000003,11.067470682639229
O=C(c1cc[nH]c(=O)c1)c1cccn2->[Ir]<-n3ccccc3-c12,2.0629,18.63736018734469
c1ccn2->[Ir]<-n3nc(-c4ccc5ccccc5c4)oc3-c2c1,3.951800000000002,17.538489720181847
Cc1cccc(C)c1N1->[Ir]<-N(C)(C)CC=1,2.5673400000000006,15.958109441398399
CC(C)(C)c1cn2->[Ir]<-S=C3NC=C(N)N3c2cn1,2.20459,10.817894184657646
Cc1ccnc(Cn2cc3n(->[Ir]<-n4ccccc4-3)n2)c1,2.09182,17.833443382451883
CN1C(=N2->[Ir]<-N=CC23C=CC=NC3)CNC1N,-0.8088299999999988,16.708594038438957
CC1C(=O)CC23c4ccccc4NC2(O)N->[Ir]<-N13,-0.1369,11.19225893163002
c1cc(S2->[Ir]<-NCC23CCNCC3)ccn1,1.2546,6.015488102772097
COc1ccn2->[Ir]<-N(c3ccccc3CS)=Cc2c1,3.2706000000000017,18.63736018734469
CC1=N->[Ir]<-N(C2CCCCC2)C1C,2.33687,9.693044840644719
Oc1ccccc1Cn1cc2n(->[Ir]<-n3ccccc3-2)c1,2.6990000000000007,18.29779590939368
Brc1cccc(CN2CCN->[Ir]<-NCC2)n1,0.5635000000000002,5.050227476771326
Cc1ccn2->[Ir]<-N3=C(OC(c4ccccc4)C3)c2c1,2.908120000000001,18.127630496114442
c1ccc(P2(c3ccccc3)->[Ir]<-Oc3cscc32)cc1,3.211900000000001,7.479901724736034
Cc1ccc2n(->[Ir]<-N3=C2OC(c2ccccc2)C3)c1,2.908120000000001,18.127630496114442
Cc1ccc(-n2ccn3->[Ir]<-n4[nH]ccc4-c23)cc1C,2.87924,17.958231631442672
CC1(c2cccnc2)C=N->[Ir]<-N1c1ccccc1,3.0584700000000016,7.854266471708408
c1ccc(CN2->[Ir]<-n3ccccc3CC2)cc1,2.413900000000001,11.781399707562612
c1ccn2->[Ir]<-n3ccc(-c4nc5ccccc5o4)cc3-c2c1,3.951800000000003,18.63736018734469
C1=CC2c3ccccn3->[Ir]<-n3ccccc3C2C=C1,3.470000000000001,18.762148436335483
COc1ccc(-c2ccn3n2->[Ir]<-n2ccccc2-3)cc1,2.9429000000000007,19.672221751388193
N#Cc1ccccc1Cn12->[Ir]<-n3ccccc3-c1ccn2,2.8650800000000007,18.422584158384474
Cc1ccn2->[Ir]<-N(Cc3ccccc3)Cc2c1,2.679820000000001,13.620178076498922
Nc1ccc(C=N2->[Ir]<-S=C3Cc4ccccc4N32)cc1,2.9928000000000017,8.979115815721336
OC1(c2ccccc2)c2ccccn2->[Ir]<-n2c[nH]cc21,2.0889,16.45901754045737
CCCOCCN1->[Ir]<-n2ccccc2C1,1.5978,13.620178076498922
NCc1ccc2n(->[Ir]<-n3ccc(CO)c(CCl)c3-2)c1,1.8334,18.63736018734469
C1=CC2(CN=C1)N->[Ir]<-N1=C2NN=C(c2ccncc2)N1,-0.4124000000000001,10.852694653679011
Cc1cccc(C2n3cccn3->[Ir]<-n3cccn32)c1,2.48322,17.958231631442672
CCC1=O->[Ir]<-O=C2COC(C)(c3ccccc3)N12,1.6547,10.353541657715846
Nc1cc(-c2ccccc2)cn2->[Ir]<-n3ccccc3-c12,3.392800000000002,18.63736018734469
CC(O)S1->[Ir]<-n2[nH]cc(C(C)(C)C)c2C1,2.2787000000000006,13.03103730056633
Cc1cccc([S+]2C[S+](c3ccccc3)[O-]->[Ir]<-[O-]2)c1,2.8679200000000016,9.698096521631692
CC(C)(C)c1ccc2n(->[Ir]<-[Be]=C3NC=C(N)N32)c1,1.54259,17.618667353491663
N#CC1CCCCS2->[Ir]<-S(C=C2)CC(C#N)C1,3.777560000000003,7.9790547206991995
C1=CNC(=C2c3ccccn3->[Ir]<-n3ccccc32)C=C1,2.9091000000000014,18.63736018734469
Nc1cn2->[Ir]<-n3c[nH]c(N)c3P(c3ccccc3)c2[nH]1,0.0554,14.28067489357005
C1=O->[Ir]<-N(=Cc2ccccc2)N1Cc1ccccc1,2.679100000000001,12.441896524633739
CP1(c2ccccc2)->[Ir]<-Oc2cc(O)ccc2C1,3.035000000000001,8.10384296968999
Cc1cnc(NC2=S->[Ir]<-n3ccccc3N2)cc1C,2.902340000000001,10.817894184657646
Cc1ccccc1N1->[Ir]<-N=c2c=1ccc1cccnc21,3.5573900000000016,16.923370067399173
c1ccc(C2c3ccccn3->[Ir]<-n3ccccc32)nc1,3.0518,18.63736018734469
CC1(C)OCOC12OCC(=O)CC21CO->[Ir]<-O1,-0.8216000000000001,6.140276351762889
C=C(c1ccccc1)S1->[Ir]<-N=CC12C=CC=CC2,4.294970000000003,7.729478222717616
FC(F)c1cccc(C2n3cccn3->[Ir]<-n3cccn32)c1,3.1124,17.958231631442672
Cn1c(=N2->[Ir]<-n3ccccc3C2)[nH]c2ccccc21,2.0022999999999995,18.083019880433465
CCn1ccn2->[Ir]<-N3=Cc4ccccc4CC3c12,2.619300000000001,18.422584158384474
Cc1cccc(CN2->[Ir]<-N(C)CC2)c1O,1.0096199999999995,10.69135083257105
CC(C)P1(C(C)C)->[Ir]<-S(C)C(F)(F)C1,4.2409000000000034,9.942621338626301
COc1ccccc1-c1cc2n(->[Ir]<-n3ccccc3-2)[nH]1,3.1473000000000013,18.29779590939368
C1=NCC2(N->[Ir]<-n3ccccc32)N1c1ccccc1,1.7416000000000005,11.53182320958103
C(c1cccc2ncccc12)=N1->[Ir]<-n2ccccc2C1,3.2489000000000017,17.048158316389962
c1ccc(C2=NCC3(NN->[Ir]<-n4cccn43)N2)cc1,0.0066999999999999,10.852694653679011
[SeH]C1CP(c2ccccc2)(c2ccccc2)->[Ir]<-[SeH]1,1.6668999999999998,7.729478222717616
CC(C)n1cc2n(->[Ir]<-n3nn(C(C)C)cc3-2)n1,1.6984,17.02952657755907
NC1NC=N2->[Ir]<-n3ccccc3C12c1ccccc1,1.2415,20.261362527320784
OC(O)CN1->[Ir]<-S(c2ccccc2)CCC1,1.0691,8.228631218680782
c1ccn2->[Ir]<-NC(c3ccc4ccccc4c3)c2c1,3.282900000000001,11.53182320958103
Cc1ccccc1[S+]1C[S+](c2ccccc2)[O-]->[Ir]<-[O-]1,2.8679200000000016,9.822884770622483
C#Cc1ccc(CN2->[Ir]<-n3ccccc3C2)cc1O,2.0583000000000005,15.583744694426024
CC(F)(F)c1ccccc1N1->[Ir]<-n2ccccc2C1,3.8054000000000014,13.37060157851734
c1ccc(C2N->[Ir]<-n3ccc4ccccc4c32)cc1,3.282900000000001,13.37060157851734
Cc1cccc(S(=O)(=O)C2N->[Ir]<-n3ccccc32)c1,1.82122,11.53182320958103
CN12->[Ir]<-[Be]=Cn3nnc(-c4ccc(N)cc4)c3C1=CNC2,0.71189,14.440263611582205
Cc1ccccc1-n1c2c(n(C(C)C)c1=S)=S->[Ir]<-S=2,3.4651200000000024,3.6775567378726213
CN1(C)->[Ir]<-N(=Cc2ccccc2F)CCC1,2.1963,14.24411932145288
O=C(c1ccn2->[Ir]<-n3ccccc3-c2c1)c1cc[nH]c(=O)c1,2.0628999999999995,18.63736018734469
COC(C)(C)CN1->[Ir]<-n2ccccc2C1,1.5961999999999998,13.620178076498922
c1cncc(CS2->[Ir]<-NC3(CCNC3)C2)c1,1.0055999999999998,6.3898528497444715
Cc1ccc(N2->[Ir]<-n3ccccc3C2C)c(F)c1,3.7022200000000014,15.084591698462859
Nc1cccc(-c2cccn3->[Ir]<-n4ccccc4-c23)c1,3.392800000000002,18.63736018734469
C1=N2->[Ir]<-Nc3ccccc3C2(c2ccccc2)CO1,2.570900000000001,12.860871887287088
Cc1cccc(C=N2->[Ir]<-N(C)(C)CC2)c1,1.97552,12.53012920150736
c1ccc(CN=C2CN->[Ir]<-n3ccccc32)cc1,2.0296,11.65661145857182
Cc1ccc2n(->[Ir]<-N3=C2NC2C=CC=CC23C)c1,1.99312,20.261362527320784
CC1=N(O)->[Ir]<-N(CC(C)C)C1(C)C,1.8607,10.897305269359986
CC(C)c1ccn2(->[Ir]<-n3ccccc3C2C)n1,1.82937,18.29779590939368
Cc1cn2n(->[Ir]<-N(C)(C)c3ccccc3-2)c1C,2.116,16.958170536420546
CN(C)C1=N->[Ir]<-n2ccn(Cc3ccccc3)c21,1.81837,14.28067489357005
Cc1ccn2->[Ir]<-[Be]=C3N(Cc4ccncc4)C=CN3c2c1,3.4825000000000017,17.49387910450087
CC1c2ccccn2->[Ir]<-N1NC(=O)c1ccccc1,2.0771999999999995,13.03103730056633
CN(C)c1cccc(N=N2->[Ir]<-n3ccccc3C2=O)c1,3.0717000000000008,17.538489720181847
CC(=O)NN1->[Ir]<-n2ccccc2C1c1ccccc1,1.8117,14.86981566950264
Oc1cccc(Nc2cccn3->[Ir]<-n4ccccc4-c23)c1,3.5928000000000013,18.63736018734469
c1ccc(CN2N->[Ir]<-S=C2Nc2ccccc2)cc1,2.7593000000000005,3.7123572068939863
ON=C(c1ccc(F)c(F)c1F)c1cccn2->[Ir]<-n3ccncc3-c12,3.182500000000001,18.63736018734469
c1ccc(S2->[Ir]<-Nc3nnn(Cc4cccnc4)c32)cc1,2.4548,5.765911604790515
CC(C)(C)C1=NCC2(NC=[Be]->[Ir]<-n3cc(N)[nH]c32)O1,0.7546899999999992,10.72790640468822
CCN1(CC)->[Ir]<-N(C)(C)C(C)C1,1.2782999999999998,16.332474188370778
O=C(c1ccccc1)N1->[Ir]<-O=C2C=CC3(C=CC=CC3)C=12,2.909200000000001,14.075709011269442
Oc1cccc(CN2CCN3->[Ir]<-n4ccccc4C=32)n1,1.4446,18.422584158384474
NC(=O)c1ccccc1CN1->[Ir]<-n2ccccc2C1,1.4703000000000002,13.744966325489713
c1ccc(-c2ccn3->[Ir]<-n4ccccc4Cc3c2)cc1,3.7344000000000017,18.63736018734469
c1ccc(-n23->[Ir]<-n4c(ccc5ccncc54)-c2cnc3)cc1,3.4825000000000017,20.0117860293392
Oc1cccc(O)c1C=N1->[Ir]<-S=C(Nc2ccccc2)N1,2.4183000000000003,10.852694653679011
Cc1ccc(C=N2->[Ir]<-N(C)(C)CC2)c(O)c1,1.68112,14.368907570443671
CCOC1(c2ccncc2)C=N->[Ir]<-n2cc(N)[nH]c21,1.3165699999999998,13.03103730056633
Cc1ccc(N=C2C=CC3(C=N->[Ir]<-N3)CC2=O)cc1,1.94359,6.26506460075368
Cc1ccn2->[Ir]<-N(C(C)c3ccccc3)=Cc2c1,3.570120000000002,18.762148436335483
CC1=N(c2cccc3ccccc23)->[Ir]<-n2ccccc21,4.375500000000003,20.476138556281
c1ccc(P2(c3ccccc3)->[Ir]<-n3[nH]ccc3N2)cc1,2.8695000000000013,13.94111061561904
c1ccc(S2->[Ir]<-NCC23CCCNC3)cc1,1.8596,6.015488102772097
c1cncc(CN2->[Ir]<-NCC23CCNC3)c1,-0.1380000000000007,8.228631218680782
CC1=CNC2(N)N1C=S->[Ir]<-S=CNC21NC=C(N)N1,-1.5263999999999982,3.927133235854204
C1=O->[Ir]<-O=C(Nc2ccccc2)C1Nc1ccccc1,2.3047000000000004,11.067470682639229
CC(C)(C)c1[nH]n2->[Ir]<-n3ccccc3-c2c1C(=O)O,2.4674000000000005,18.29779590939368
COC(=O)c1ccc(CN2->[Ir]<-n3ccccc3C=2)cc1,2.4873000000000003,17.172946565380755
c1ccc(P2(c3ccccn3)->[Ir]<-n3cccn3C2)cc1,2.3685,14.620239171521058
CC(C)N1C=CNC12NC=[Be]->[Ir]<-S2c1ccccc1,2.30999,5.4263473268395055
Oc1cccc(C=N2->[Ir]<-O=C(Cc3ccccc3)N2)c1,2.085,10.603118155697429
COc1cccc(N2->[Ir]<-n3ccc(C)cc3C2)c1,3.010720000000001,13.37060157851734
CCN1(Cc2cccnc2)->[Ir]<-Nc2cnccc21,2.0853,8.10384296968999
CC(C)P1(C(C)C)->[Ir]<-Nc2ccncc21,2.5878000000000005,7.854266471708408
CCn1ccc(-c2ccn3->[Ir]<-n4ccccc4-c3c2)n1,3.027000000000001,18.63736018734469
CC(C)(C)Oc1cccn2->[Ir]<-[Be]=C3NC=C(N)N3c12,1.4223899999999998,17.618667353491663
Cc1cccc(C)c1N1->[Ir]<-N=CC(C)(C)C=1,3.681510000000002,13.245813329526548
CCC1=NC(c2ccccc2)C2(CP->[Ir]<-P2)O1,3.012900000000002,4.42628623181737
c1ccn2->[Ir]<-NC(c3ccncc3)(n3cccc3)c2c1,1.9862,11.53182320958103
c1ccc(P2(c3ccccc3)->[Ir]<-Pc3n[nH]cc32)cc1,1.6683,7.604689973726825
c1ccc(S2->[Ir]<-N(Cc3ccccn3)CC2)cc1,2.9635000000000016,10.067409587617092
CCC1=NCC2(C=N->[Ir]<-N3=C2OC(C)(C)C3)O1,1.42077,12.736083638296297
Clc1cc2c(cc1-c1ccccc1)=N(c1ccccc1)->[Ir]<-O=2,4.5481000000000025,16.549005320426797
CN1CCN2(->[Ir]<-N(C)(C)CC2)CC1,-0.204599999999999,12.779705699488943
CC(C)(C)C1=NCC2(N->[Ir]<-n3ccccc32)O1,1.6679,11.53182320958103
CCC1=NC2C=N->[Ir]<-n3c([nH]c4ccccc43)C2N1,2.03387,12.781460802584748
O=C(O)c1ccc2n(->[Ir]<-n3ccc4c([nH]c5ccccc54)c3-2)c1,3.476300000000001,18.63736018734469
CCOP(=O)(OCC)C1N->[Ir]<-n2ccccc21,2.3050000000000006,11.53182320958103
Cc1cc(C)cc(N2->[Ir]<-O(C)C(C)C2)c1,2.7502400000000007,11.906187956553403
Cc1ccc2n(->[Ir]<-NC2(N)C2C=CC=CC2)c1,1.5925200000000004,13.03103730056633
Oc1c(N2->[Ir]<-n3ccccc3C2)ccc2ccccc12,3.552500000000002,13.37060157851734
COc1cccc(CN2->[Ir]<-n3ccccc3C2)c1,2.38,13.744966325489713
c1ccn2->[Ir]<-n34ccccc3nc(-c3ccncc3)c4-c2c1,3.4583000000000013,16.45901754045737
c1ccc(S2->[Ir]<-S(c3ccccc3)c3ncccc32)cc1,5.384000000000003,7.3551134757452425
C1CNC23NCCCC2(C1)CN->[Ir]<-N3,-0.6891999999999983,8.013855189720564
Cc1cc(C)c(C=N2->[Ir]<-n3ccccc3N2)c(O)c1,2.850040000000001,14.40546314256084
Cc1ccc(-c2ccn3->[Ir]<-n4ccccc4-c3c2)cc1,4.119020000000004,18.63736018734469
Oc1ccccc1CN1->[Ir]<-N2CCCC2C1,1.2338,10.316986085598675
Cc1ccn2->[Ir]<-N(c3c(C)cccc3C)=Cc2c1,3.757460000000002,18.762148436335483
COc1cccc(Nc2cc3n(->[Ir]<-n4ccccc4-3)[nH]2)n1,2.618899999999999,18.29779590939368
COc1ccccc1N1->[Ir]<-N=c2cnc3ccccc3c2=1,3.551670000000001,16.67379356941759
CC(C)C(=O)Nc1ccn2->[Ir]<-n3ccccc3-c2c1,2.738100000000001,18.63736018734469
Cc1cnn(-c2ccn3->[Ir]<-n4ccccc4-c3c2)c1C,2.9461400000000006,18.63736018734469
CCOC(=O)CN1C=C2c3ccccn3->[Ir]<-N2=CC1,1.3295,18.63736018734469
CCC(CC)N1->[Ir]<-NC2(C=1)CC=CC=N2,1.9315,13.155825549557122
Oc1cc(O)cc(C=N2->[Ir]<-S=C(Nc3ccccc3)N2)c1,2.4183000000000003,9.228692313702918
C(=CC1n2cccn2->[Ir]<-n2cccn21)c1ccccc1,2.839900000000001,16.11945326250636
Cc1ccn2->[Ir]<-n3ccc(-c4cnccc4O)cc3-c2c1,3.2196200000000017,18.63736018734469
COc1ccccc1N1->[Ir]<-N(O)=C2C=CC=NC21C,2.2941,12.486507140314716
CCN1(CC)->[Ir]<-n2ccc(C(O)O)cc2C1,0.9066,15.583744694426024
C1=NC2S->[Ir]<-P(c3ccccc3)(c3ccccc3)C2O1,2.759800000000001,7.604689973726825
Brc1cccc(CN2C=C3c4ccccn4->[Ir]<-N3C2)c1,3.205400000000001,16.708594038438957
CC(C)C1=N(c2ccccc2)->[Ir]<-n2ccccc21,3.858400000000003,20.476138556281
Cc1ccc(Cn2cc3n(->[Ir]<-n4ccccc4-3)n2)cc1,2.6968200000000007,17.833443382451883
CC1=[Be]->[Ir]<-n2cc(N)[nH]c2N1c1cc(C)cc(C)c1,2.80553,14.530251391551632
Cc1cn2->[Ir]<-Nc3ccncc3-n2c1-c1ccccc1,2.8249200000000005,11.067470682639229
CC(=O)c1nc2c(nc1C)S->[Ir]<-S2Cc1ccccc1,3.568620000000002,6.015488102772097
OCC1C(c2ccccc2)OC2=N1->[Ir]<-n1ccccc12,1.9606,19.84162061605996
CC(=O)C1=CC2=[Be]->[Ir]<-n3ccn(-c4ccccc4)c3N2C=C1,2.760190000000001,16.11945326250636
OCP1(CO)->[Ir]<-PC2(C=CCc3ccccc32)O1,2.1399,7.469325029468949
Cn1c2n(->[Ir]<-N(c3ccccc3)C2)c2ccccc21,3.1854000000000013,14.74502742051185
FC(F)(c1ccccc1)c1ccc2n(->[Ir]<-n3ccccc3-2)c1,4.283700000000002,18.63736018734469
Brc1ccc(CN2CCN3->[Ir]<-n4ccccc4C=32)cc1,3.1065000000000014,18.422584158384474
O=C(Nc1nccc2n1->[Ir]<-n1ccccc1-2)c1ccccc1,2.7909000000000006,19.672221751388193
COC(=O)c1cccc(C)c1N1->[Ir]<-n2ccccc2C=1,2.927220000000001,19.96640886505075
Cc1cc(O)cc(N2->[Ir]<-n3ccccc3C2C)c1,3.268720000000001,15.084591698462859
c1ccc(CN2CCN3->[Ir]<-n4ccccc4C=32)cc1,2.3440000000000003,18.422584158384474
CCOC(=O)CN1C=CN2C1=[Be]->[Ir]<-n1cc(C)ccc12,1.54261,19.33265747343718
Oc1cc(C=N2->[Ir]<-n3ccccc3N2)cc2ccccc12,3.386400000000001,16.244241511497155
CC#Cc1ccc(CN2->[Ir]<-n3ccccc3C2)nc1,2.1378000000000004,13.620178076498922
CN1(C)->[Ir]<-N(=Cc2ccc(CO)cc2)CC1,1.1594,14.24411932145288
COc1cnccc1Cn12->[Ir]<-n3ccccc3-c1cnn2,1.7919999999999998,18.083019880433465
Cc1cncc(N2C=S->[Ir]<-N2Cc2ccccc2)c1,2.858420000000001,5.925500322802671
COc1ccc(CN2->[Ir]<-n3ccccc3C2)cc1,2.380000000000001,13.620178076498922
FC(F)(F)P1(c2ccccc2)->[Ir]<-N(c2ccccc2)=CC1,4.716100000000004,15.084591698462859
C1=CCC2(C=C1)CCC1=O->[Ir]<-N(c3ccccc3)=C12,3.624500000000002,14.710226951490485
OCc1ccc(CN2->[Ir]<-POc3cnccc32)cc1,2.3549000000000007,5.505758411541846
CC1=N->[Ir]<-N(c2ccc(Cl)cc2)=CC12C=CC=CC2,4.584470000000002,14.959803449472068
CN(C)N1->[Ir]<-n2ccccc2C1c1ccccn1,1.6322,18.422584158384474
OCc1ccc(CN2->[Ir]<-n3ccccc3C2)cc1,1.8637,13.620178076498922
COC(C)c1ccn2->[Ir]<-n3cccc(C)c3-c2c1,3.1594200000000017,18.63736018734469
CC1(C)N->[Ir]<-NC12CNc1ccccc1N2,0.9162999999999994,4.42628623181737
CC1(N)CN(C)(C)->[Ir]<-Nc2ccccc21,1.0043,8.85257246363474
Cc1c(-c2ccccc2)ccn2->[Ir]<-n3ccccc3-c12,4.119020000000003,18.63736018734469
C=CCn1ccn2->[Ir]<-N(C3CCCCC3=O)=Nc12,2.664500000000001,17.618667353491663
CC1(C)CN2->[Ir]<-N=CC3(N=COC3(C)C)C=2O1,1.41917,12.985660136277879
CCn1ccn2->[Ir]<-N(c3c(C)cccc3C)=Nc12,3.935240000000003,17.618667353491663
Cc1cccc(-n2cc3n(->[Ir]<-n4ccccc4-3)n2)c1C,2.9461400000000006,17.833443382451883
Cc1cccc(-c2cn3n(->[Ir]<-Nc4ccncc4-3)c2)c1,2.82492,11.067470682639229
c1cncc(N2CNC3(C2)N->[Ir]<-n2ccccc23)c1,0.6554000000000002,11.53182320958103
O=[N+]([O-])c1cccc(Cn23->[Ir]<-n4ccccc4-c2ccn3)c1,2.901600000000001,18.422584158384474
CON1->[Ir]<-N(OC)C2(CCCCC2)C1,0.991299999999999,12.101565698075255
[Be]1->[Ir]<-N(Cc2ccccc2)CCN2CCCC=12,1.91079,14.779827889533214
CC(C)Cc1ccn2->[Ir]<-N3=C(CCC3)c2c1,2.8630000000000013,18.762148436335483
Cc1cccc(N2->[Ir]<-OC(C)C2C)c1C,2.4846400000000006,7.9790547206991995
CC1(c2cccnc2)CN->[Ir]<-S1c1ccccc1,3.0478000000000014,6.140276351762889
Cc1cccc(C)c1-n1cc2n(->[Ir]<-n3ccccc3-2)n1,2.946140000000001,17.833443382451883
CCP1(CC)->[Ir]<-S(c2ccccc2)CC1,4.300400000000003,9.81783308963551
CC(C)C1=NCC2(C=N->[Ir]<-N(C)(C)C2)O1,1.02107,10.566562583580259
CC(C)C1=NCC2(C=N->[Ir]<-N=CC23COC=N3)O1,0.90634,7.9790547206991995
c1ccc2c(c1)CCC1(C2)N->[Ir]<-n2ccccc21,2.424500000000001,11.407034960590238
Cc1ccc(-n2cc3n(->[Ir]<-n4ccccc4-3)n2)cc1C,2.9461400000000006,17.833443382451883
CC1=N->[Ir]<-N(c2ccccc2)=CC12C=CC=CC2,3.9310700000000014,15.084591698462859
CC(C)N1->[Ir]<-n2cc(-c3ccccc3)ccc2C=1,3.5759000000000016,18.762148436335483
Nc1c[nH]c2n1->[Ir]<-N(c1ccccc1-c1ccccc1)=N2,4.074300000000002,18.868304946495382
Clc1ccc(CN2CCN3->[Ir]<-n4ccccc4C=32)cc1,2.9974000000000007,18.422584158384474
CC(C)(C)N1->[Ir]<-N=C2Cc3ccccc3C21,2.691670000000001,9.568256591653928
Cc1ccc2n(->[Ir]<-PC23C=c2ccccc2=NC3)c1,1.5743199999999995,11.407034960590238
CC1=C(c2cccn3->[Ir]<-n4ccccc4-c23)SC(C)S1,4.658100000000003,18.63736018734469
Oc1ccc(C=N2->[Ir]<-O=C(Cc3ccccc3)N2)cc1,2.085,12.441896524633739
CC1=N(c2ccccc2)->[Ir]<-N=CC12C=CC=CC2,3.9310700000000014,15.084591698462859
COc1cccc(N2->[Ir]<-n3cc(C)ccc3C2)c1,3.010720000000001,13.37060157851734
CC(c1ccccc1)N1C=C(Cl)N2CCN->[Ir]<-[Be]=C21,2.3578900000000003,9.138704533733492
BrCCn1c(-c2ccccc2)nn2->[Ir]<-n3ccccc3-c12,3.402000000000001,17.833443382451883
CSc1ccc(C2n3cccn3->[Ir]<-n3cccn32)cc1,2.896700000000001,16.11945326250636
c1ccc(CS2->[Ir]<-NCC23CCNC3)cc1,1.6105999999999998,6.26506460075368
COC(C)c1ccn2->[Ir]<-n3ccc(C)cc3-c2c1,3.1594200000000017,18.63736018734469
Cc1cccc([Se]2->[Ir]<-N(C)(C)CCC2)c1,1.69452,10.816139081561841
CC1=N(c2ccc(C)cc2C)->[Ir]<-n2ccccc21,3.839140000000003,20.476138556281
CC1=N(c2ccccc2C(F)(F)F)->[Ir]<-n2cc(C(F)F)ccc21,5.178700000000003,20.35135030729021
O=C1COCc2cccc(N3->[Ir]<-n4ccccc4C3)c21,2.4066,13.37060157851734
COc1cccc(C2n3cccn3->[Ir]<-n3cccn32)c1,2.1834,17.958231631442672
COc1ccc(C2n3cccn3->[Ir]<-n3cccn32)cc1,2.1834,17.958231631442672
Cc1cccn2->[Ir]<-n3ccc(-c4ccccc4)cc3-c12,4.119020000000004,18.63736018734469
COc1ccc(C=N2->[Ir]<-N(C)(C)CC2)cc1,1.6757000000000002,14.24411932145288
CC1=N(c2cc(C)cc(C)c2)->[Ir]<-n2ccccc21,3.839140000000002,20.35135030729021
Clc1cccc(N2->[Ir]<-O=C3CCC4(C=CC=CC4)C=23)c1,4.277900000000003,14.835015200481276
c1ccc(P2(c3ccccc3)->[Ir]<-Clc3cccnc32)cc1,3.4932000000000016,7.3551134757452425
COC(=O)c1cccc(O)c1N1->[Ir]<-n2ccccc2C1,2.1859,13.37060157851734
Brc1ccc(N=Cc2ccn3->[Ir]<-n4ccccc4-c3c2)cc1,4.656700000000003,18.63736018734469
CC(C)Cn12->[Ir]<-N(c3ccccc3)=Nc1cnc2,3.954500000000002,18.08301988043346
COc1ccccc1N1->[Ir]<-n2cc(C)ccc2C1,3.010720000000001,15.20937994745365
CC1(c2ccccc2O)n2cccn2->[Ir]<-n2cccn21,2.0545,18.083019880433465
Cc1ccc2c(c1)C=COC21C=N->[Ir]<-n2cc(N)[nH]c21,2.1943900000000003,11.067470682639229
Fc1cccc(N2->[Ir]<-O=C3CCC4(C=CC=CC4)C=23)c1,3.763600000000003,16.549005320426797
CC(C)OP1(c2ccccc2)->[Ir]<-Pc2n[nH]cc21,1.6828,6.970172033505782
Cc1cnn(-c2ccc3n(->[Ir]<-n4ccccc4-3)c2)c1C,2.9461400000000006,18.63736018734469
C1=CC2NC3=S->[Ir]<-S=C3N(Cc3ccccc3)C2C=C1,2.609800000000001,3.6775567378726213
C=C(C)N1->[Ir]<-n2ccccc2C1c1ccccc1,3.294200000000002,18.762148436335483
CN(C)c1ccccc1-c1ccc2n(->[Ir]<-NN2)c1,2.100199999999999,10.852694653679011
CCn1ccn2->[Ir]<-n3ccn(CC)c3C(F)(F)C(=O)c12,2.0941,17.958231631442672
c1ccn2->[Ir]<-N3Cc4cc5c(cc4CC3c2c1)OCO5,2.1973000000000003,15.334168196444441
C1=N->[Ir]<-N2=COC(c3ccccc3)(c3ccccc3)C12,3.006870000000002,12.736083638296297
c1ccc(-c2c[nH]n3->[Ir]<-S(Cc4cn[nH]c4)Cc23)cc1,3.233200000000001,13.155825549557122
CCOC(=O)CN1->[Ir]<-N(CC(=O)OC)CC1,-1.0982999999999978,10.441774334589466
O=C1C=CC(=O)N1c1ccccc1NC1=S->[Ir]<-n2ccccc21,2.2985999999999995,14.620239171521058
CCOc1ccc(C=N2->[Ir]<-n3ccccc3N2)cc1,2.926300000000001,16.244241511497155
CCOC(=O)NN1->[Ir]<-n2cc3c(Br)cccc3cc2C1,2.748000000000001,13.155825549557122
O=C(OCc1ccc2n(->[Ir]<-n3cscc3-2)c1)c1ccccc1,3.562100000000002,21.647630079224225
Nc1cn2->[Ir]<-N3CNCC4(N)C=CC=CC34c2[nH]1,-0.8389999999999995,14.86981566950264
CCn12->[Ir]<-N(c3ccc4ccccc4c3)=Nc1cnc2,4.471600000000003,18.08301988043346
CC1=N(c2ccccc2C)->[Ir]<-n2cc(C)ccc21,3.839140000000003,20.476138556281
CSCc1ccccc1C1=NCC2(C=N->[Ir]<-N2)N1,1.2039699999999998,6.015488102772097
Cc1c(F)ccn2->[Ir]<-n3ccc(-c4ccccc4)c(F)c3-c12,4.397220000000003,18.63736018734469
CC1c2ccccn2->[Ir]<-N1c1ccc(CO)cc1,2.7470000000000008,13.245813329526548
Cc1cc(C)cc(-n2cc3n(->[Ir]<-n4ccccc4-3)n2)c1,2.9461400000000006,17.833443382451883
FC(c1ccccc1)c1cccn2->[Ir]<-n3ccccc3-c12,4.202500000000003,18.63736018734469
CN1->[Ir]<-N(=Cc2c(O)ccc3ccccc23)CC1,2.1837,12.280552703525778
Brc1cccc(CN2CCN->[Ir]<-NCC2)c1,1.1685,4.800650978789744
Cc1ccc2n(->[Ir]<-N(C(C)c3ccccc3)=C2)c1,3.570120000000002,18.762148436335483
CCSCc1ccn2->[Ir]<-n3ccc(C)cc3-c2c1,3.7051200000000017,18.63736018734469
Cc1cc2n(->[Ir]<-n3ccccc3-2)cc1-c1ccccc1,4.119020000000003,18.63736018734469
FC(F)(F)CN1->[Ir]<-n2ccccc2CNc2ccncc21,3.062900000000001,13.620178076498922
Clc1ccc(N2->[Ir]<-O=CC=2c2cccc3ccccc23)cc1,4.812900000000003,14.835015200481276
C1=N2->[Ir]<-n3ccccc3C2CN1Cc1ccccc1,2.666800000000001,18.422584158384474
ClP1(c2ccccc2)->[Ir]<-P(n2cccc2)(n2cccc2)O1,4.805700000000004,10.486644655263138
c1ccc(CN2->[Ir]<-S=C(Nc3ccccc3)N2)cc1,2.6778000000000004,5.80071207381188
CN1(C)->[Ir]<-NCC12CNc1ccccc1N2,0.7405999999999999,11.94098842557477
O=C(Nc1ccncc1)c1ccn2->[Ir]<-n3ccccc3-c2c1,2.7909000000000006,18.63736018734469
Cc1cn2->[Ir]<-N(C)(C)c3ccccc3-n2c1C,2.5551400000000006,15.244180416475015
CN1C(=O)NCC1c1ccn2->[Ir]<-n3ccccc3-c2c1,1.8397,18.63736018734469
CN(C)N1->[Ir]<-n2ccccc2C1c1cccnc1,1.6321999999999997,18.422584158384474
CC(C)C1=NCC2(C=N->[Ir]<-NC2(C)C)O1,1.19677,6.140276351762889
ON1->[Ir]<-N2(c3ccc4ccccc4c3)C=CC=CC2C=1,3.558300000000002,10.897305269359986
c1ccc(-c2ccn3->[Ir]<-n4cscc4-c3c2-c2cncs2)cc1,4.995600000000002,21.647630079224225
OCc1c(-c2cccnc2)ccc2n1->[Ir]<-n1ccccc1-2,2.6979000000000006,20.35135030729021
Cc1cccc(-c2ccc3n(->[Ir]<-n4ccccc4-3)c2)c1,4.119020000000004,18.63736018734469
CC(O)N1->[Ir]<-n2ccccc2C1c1ccccc1,2.0988999999999995,13.37060157851734
Cc1cc(C)c2n(->[Ir]<-N(Cc3ccccc3)=C2)c1,3.317540000000002,17.048158316389966
O=C(Nc1cccnc1)c1cccn2->[Ir]<-n3ccccc3-c12,2.7909000000000006,18.63736018734469
COC(=O)c1ccc2n(->[Ir]<-n3cc(C(Cl)OC)ccc3-2)c1,2.814000000000001,18.63736018734469
FC(c1ccccc1)c1ccn2->[Ir]<-n3ccccc3-c2c1,4.202500000000003,18.63736018734469
Cc1cccc(Cn23->[Ir]<-n4ccccc4-c2cnn3)c1,2.6968200000000007,19.921798249369775
Oc1ccc2ccccc2c1C=N1->[Ir]<-n2ccccc2N1,3.386400000000001,16.369029760487944
O=C1Cc2c(cccc2N2->[Ir]<-n3ccccc3C2)CO1,2.293,13.37060157851734
CCOC(=O)C1=N(c2ccc(Cl)cc2)->[Ir]<-n2ccccc21,3.4189000000000016,20.35135030729021
CCCS1->[Ir]<-Sc2ccn(C(C)(C)C)c21,4.033900000000003,5.890699853781306
CS1->[Ir]<-S(C)C(c2ccncc2)=C1c1ccccc1,4.633400000000004,8.228631218680782
Cc1ccc(CCN2->[Ir]<-n3ccccc3C=2)cc1,3.0516200000000016,17.048158316389962
CCOC(C)c1ccn2->[Ir]<-n3ccccc3-c2c1,3.241100000000002,18.63736018734469
Oc1cccnc1CN1CCN2->[Ir]<-n3ccccc3C=21,1.4446,18.422584158384474
Brc1ccccc1N1->[Ir]<-O=C2CCC3(C=CC=CC3)C=12,4.387000000000002,16.673793569417587
CCN12->[Ir]<-O=CC1N(C(=O)c1ccccc1)CC2,0.9893,13.530190296529495
O=C(Nc1ccccc1)c1nccn2->[Ir]<-n3ccccc3-c12,2.7909000000000006,18.63736018734469
CC1=N(c2ccccc2[N+](=O)[O-])->[Ir]<-N(c2ccccc2Cl)=C1,4.743100000000004,21.555610736005477
O=C(O)c1ccn2->[Ir]<-N(c3cccc4ccccc34)=Cc2c1,3.683600000000002,18.762148436335483
Clc1ccccc1CN1CCN2->[Ir]<-n3ccccc3C=21,2.9974000000000007,18.422584158384474
CC1(C)COC2=N1->[Ir]<-N(C)(C)C2(C)C,1.5338999999999998,18.501995243086814
COc1cccc(N2->[Ir]<-n3ccccc3C2C)c1,3.263300000000001,13.245813329526548
CN1(C)->[Ir]<-N(=Cc2ccccc2)c2ccccc21,3.5032000000000023,15.583744694426024
Oc1cccc(C=N2->[Ir]<-S=C(Nc3ccccc3)N2)c1O,2.418300000000001,10.603118155697429
Cc1nocc1CS1->[Ir]<-SCC1(S)c1ccccc1,3.928820000000002,6.140276351762889
CC1CC2N(->[Ir]<-NC23CC=CC=N3)C1C,1.0586,9.4782688116845
COc1cc(N2->[Ir]<-n3ccccc3C2)cc(C(F)(F)F)c1,3.7211000000000025,13.37060157851734
CN1(C)->[Ir]<-n2cn(-c3cccc(C(F)(F)F)c3F)cc2C1,3.091800000000001,15.493756914456599
Cc1cccn2->[Ir]<-n3c(-c4ccccc4)cccc3-c12,4.119020000000004,20.351350307290208
CC1CN2->[Ir]<-N3=C(OC(C)C3)C(C)(C)C=2O1,1.647,15.779122435947876
c1ccn2->[Ir]<-[O-]c3[o+]nn(-c4ccc5ccccc5c4)c3-c2c1,3.035200000000001,11.157458462608655
Cc1cc(-c2ccccc2)c2n(->[Ir]<-n3ccccc3-2)c1,4.119020000000003,18.63736018734469
CCOC(=O)c1ccccc1N1->[Ir]<-Nc2ccncc21,1.4800999999999993,7.854266471708408
C1=CCC2(C=C1)C=CC1=O->[Ir]<-N(Cc3ccccc3)=C12,3.2083000000000013,13.121025080535757
CN(C)C1=S->[Ir]<-N(=Cc2ccnc3c(Cl)cc(Cl)c(N)c23)N1,2.828900000000001,9.228692313702918
CS1->[Ir]<-P(c2ccccc2)(c2ccccc2)CC1(F)F,4.075100000000003,9.693044840644719
CCn1c(-c2ccccc2)cn2->[Ir]<-n3ccccc3-c12,3.6320000000000014,18.29779590939368
CCn12->[Ir]<-n3ccccc3-c1cc(-c1ccccc1)n2,3.6320000000000014,18.422584158384474
CN1(C)->[Ir]<-NC2c3ccccc3CNCC21,0.7197999999999993,8.85257246363474
COc1cc(-c2ccccc2)n2->[Ir]<-n3ccccc3-c2c1,3.819200000000003,20.35135030729021
Nc1[nH]ccc1-c1ccc2n(->[Ir]<-N(c3ccccc3Cl)=C2)c1,4.062900000000002,18.63736018734469
OC(O)C1C(c2ccccc2)OC2=N1->[Ir]<-n1ccccc12,1.279,19.84162061605996
CC1(C)C(P)=N->[Ir]<-N2=C1OC(c1ccccc1)C2,3.0349700000000013,12.736083638296297
O=C(Nc1ccccc1)c1ccc2n(->[Ir]<-n3ccccc3-2)c1,3.395900000000002,18.63736018734469
CN(C)c1cccc(-c2nn3->[Ir]<-n4ccccc4-c3o2)c1,2.864600000000001,17.538489720181847
ClCc1ccc(Cn23->[Ir]<-n4ccccc4-c2ccn3)cc1,3.7322000000000015,20.261362527320784
CC1(c2cccnc2)c2ccccn2->[Ir]<-N1(C)C,2.3017000000000003,15.833321192407608
C(c1cccc2c1OCO2)=N1->[Ir]<-S=C(Nc2ccccc2)N1,2.735800000000001,9.228692313702918
CN1CC(C)(C)CN2->[Ir]<-n3ccccc3C12,1.6414,14.994603918493432
c1ccc(-c2con3->[Ir]<-n4occ(-c5ccccc5)c4-c23)cc1,4.663600000000003,17.11874780892102
Cc1cccc(C)c1N1->[Ir]<-n2cc3ccccn3c2C=1,3.701740000000002,18.29779590939368
CN(C)c1ccccc1-c1nn2->[Ir]<-n3ccccc3-c2o1,2.864600000000001,17.538489720181847
CC(c1ccccc1)N1->[Ir]<-N(C)(C)CC1,1.8988,10.69135083257105
c1cc(CN2CCS3->[Ir]<-S(CC2)CC3)ccn1,2.3636,8.353419467671573
Cc1ccc(P2(c3ccccc3)=O->[Ir]<-n3ccsc32)cc1,3.090920000000001,10.772571474641857
COc1ccc(OC)c(C=N2->[Ir]<-n3ccccc3N2)c1,2.5448000000000004,16.244241511497155
COCCS1->[Ir]<-SC2OC=NC21C(C)(C)C,2.422800000000001,6.015488102772097
Cc1ccccc1N1->[Ir]<-O=C2C=CC3(C=CC=CC3)C=12,3.708920000000002,16.673793569417587
BrCc1ccccc1Cn12->[Ir]<-n3ccccc3-c1ccn2,3.8883000000000014,18.422584158384474
Cc1ccc(C)c(N2->[Ir]<-n3c([nH]c4ccccc43)C=2)c1,3.930340000000002,20.0117860293392
CC1(C)CN2->[Ir]<-P(c3ccccc3)(OCC2)O1,2.0388,8.548797209193426
CC(C)N1->[Ir]<-N(C)(C)C(c2ccncc2)C=1,2.1635,15.833321192407608
CSc1cccc(-c2cccn3->[Ir]<-n4ccccc4-c23)c1,4.532500000000003,18.63736018734469
CC1CCC(N2->[Ir]<-Nc3ccncc32)CC1,2.6544000000000008,7.854266471708408
CNC1=S->[Ir]<-N(=Cc2ccc(C)c(OC)c2C)N1,1.73984,9.103904064712127
NC12C=CC=CC13N(->[Ir]<-N=CC31C=CC=CC1)=CN2,1.28977,14.86981566950264
CSc1cc2n(->[Ir]<-n3ccccc3-2)cc1-c1ccccc1,4.532500000000003,18.63736018734469
N#Cc1cc(CO)cc(Cn2cc3n(->[Ir]<-n4ccccc4-3)n2)n1,1.1473799999999996,17.833443382451883
CCN1(CC)->[Ir]<-N(=Cc2cccnc2)CC1,1.8423,15.958109441398399
O=C(Nc1ccccc1)c1cccn2->[Ir]<-n3ccccc3-c12,3.395900000000002,18.63736018734469
Cc1cc(C)cc(N2->[Ir]<-N=CC23C=CC=NC3)c1,2.7443100000000005,9.693044840644719
CN(C)N1->[Ir]<-n2ccccc2C1c1ccccc1,2.2372,16.583805789448164
Cc1cncc(CN2->[Ir]<-n3ccccc3C2C)c1,2.6358200000000007,13.620178076498922
CS(=O)(=O)c1[nH]n2->[Ir]<-n3ccccc3-c2c1-c1ccccc1,2.5422,18.29779590939368
NC(N)c1ccc2n(->[Ir]<-N(Cc3ccccc3)=C2)c1,1.6167000000000002,17.048158316389966
CC1c2ccccn2->[Ir]<-N1c1cccc(CN)c1,2.713400000000001,13.245813329526548
OC1(c2ccccc2)c2ccccn2->[Ir]<-n2ccccc21,2.7608000000000006,16.79858181840838
Cc1cccc(-n23->[Ir]<-n4ccccc4-c2ccn3)c1C,3.551140000000002,18.17300766040289
CC1(c2ccccc2)C(N)CN2->[Ir]<-N1CC2,0.4219000000000008,8.478207716662364
Cc1ccc2n(->[Ir]<-N3=C2OC(C(C)(C)C)C3)c1,2.5815200000000003,18.127630496114442
CCN1->[Ir]<-N(CC2=C(Cl)CCC=C2O)CC1,1.9141000000000004,10.441774334589466
CC1c2ccccn2->[Ir]<-N1Cc1ccc([N+](=O)[O-])cc1,2.840600000000001,13.49538982750813
CCP1(c2ccccc2)->[Ir]<-N(C)(C)CC1,2.3753,12.40534095251657
Cc1cccc(C)c1N1->[Ir]<-N=C2CCC3CC231,3.2876100000000017,9.443468342663136
CC(=O)c1ccc(CN2->[Ir]<-n3ccccc3C2)cc1,2.5740000000000007,13.620178076498922
O=C(Nc1ccccc1)c1ccn2->[Ir]<-n3ccccc3-c2c1,3.395900000000002,18.63736018734469
CC1(C)N->[Ir]<-N=CC12CN=C(c1ccccc1)O2,1.5890699999999998,6.015488102772097
CNCc1cc(O)n2->[Ir]<-n3c(N)cc(C)cc3-c2c1,1.45922,21.091258209063675
Oc1ccccc1CN1CCN2->[Ir]<-n3ccccc3C=21,2.0496,18.422584158384474
C1=NC(Cc2ccccc2)C2(N->[Ir]<-n3ccccc32)O1,1.8629,12.611295389305505
Clc1cccc(C=N2->[Ir]<-N(=Cc3cccc(Cl)c3Cl)CC2)c1Cl,5.838200000000002,15.458956445435232
CC1C(c2ccccc2)N2->[Ir]<-n3ccncc3C12N,1.5686999999999998,15.084591698462859
CS1->[Ir]<-N(Cc2ccccc2)Cc2ccccc21,3.6983000000000015,8.353419467671573
COc1ccc2n(->[Ir]<-N(c3cccc4ccccc34)=C2)c1,3.9940000000000015,18.762148436335483
CCC12C(C)=O->[Ir]<-P3C(P)(C=CC31P)C2C,3.012600000000002,9.318680093672345
c1ccc2cc(CN3->[Ir]<-Nc4cnccc43)ccc2c1,3.429100000000002,6.3898528497444715
CN(C)c1ccc(-c2nn3->[Ir]<-n4ccccc4-c3o2)cc1,2.864600000000001,17.538489720181847
Cc1ccc(CO)c(S)c1C=N1->[Ir]<-n2ccccc2N1,2.617020000000001,16.244241511497155
CN1(C)->[Ir]<-N(C)(Cc2ccc(I)cc2)CC1,2.2846,16.582050686352364
Cc1ccc(C)c(N2->[Ir]<-n3ccn(C)c3C=2)c1C,3.0959600000000016,18.422584158384474
c1ccc2c(c1)SCC21S->[Ir]<-SC12CSc1ccccc12,4.848400000000003,4.051921484844995
NCc1cccc(CN2->[Ir]<-n3ccccc3C2)c1,1.8301,13.620178076498922
CC1CCC2(CC1)N->[Ir]<-Nc1ccncc12,2.0279,4.301497982826578
c1ccn2->[Ir]<-n3cnc(N4CCCCC4)cc3-c2c1,2.5289,18.29779590939368
CC(C)(C)N1c2ccccn2->[Ir]<-n2ccccc21,3.4132000000000016,17.958231631442672
Cc1[nH]n2->[Ir]<-n3ccn(C)c3C(C)(C)c2c1C,2.08594,14.28067489357005
CC(C)P1(C(C)C)->[Ir]<-Nc2ccccc21,3.192800000000001,7.854266471708408
Cc1cnc2c(C)cn3->[Ir]<-n4cccc(C)c4-c3c2c1,3.617060000000003,18.63736018734469
CN(C)Cc1ccn2->[Ir]<-n3ccc(CCl)cc3-c2c1,2.944000000000001,18.63736018734469
Cc1ccc(-n2c(C(C)(C)C)nc3c2=S->[Ir]<-S=3)cc1,3.9144200000000025,3.6775567378726213
CSc1c(-c2ccccc2)ccn2->[Ir]<-n3ccccc3-c12,4.532500000000003,18.63736018734469
Clc1ccc(C=N2->[Ir]<-N(=Cc3ccc(Br)cc3)CC2)cc1,4.640500000000003,13.744966325489713
CC(=O)c1ccccc1N1->[Ir]<-n2ccccc2C1C,3.457300000000002,13.245813329526548
Cc1ccc(C2n3cccn3->[Ir]<-n3cccn32)c(O)c1O,1.89442,18.083019880433465
Oc1ccc2ccccc2c1CN1->[Ir]<-n2ccccc2C=1,3.5595000000000026,15.20937994745365
CC1(c2ccccc2)CCN2->[Ir]<-N1C(N)C2,0.7695000000000001,10.192197836607884
O=C(O)c1ccccc1Cn12->[Ir]<-n3ccccc3-c1ccn2,2.691600000000001,18.422584158384474
Cc1cn2->[Ir]<-n3ccccc3-c2c(O)c1-c1ccccc1,3.824620000000002,18.63736018734469
CN1(C)->[Ir]<-N(c2ccccc2)=CC12C=CC=NC2,2.3299000000000003,15.708532943416817
ClC(Cn12->[Ir]<-n3ccccc3-c1ccn2)c1ccccc1,3.925200000000002,18.422584158384474
CC1(C)OC=NC12CC=N->[Ir]<-n1c2oc2ccccc21,2.899870000000001,14.325285509251025
FC(F)CN1Cc2ccccn2->[Ir]<-n2ccccc2C1,2.743900000000001,18.63736018734469
c1ccn2->[Ir]<-N3=C(NN=C(c4ccc5ccccc5n4)N3)c2c1,1.846,17.958231631442672
CCN1(CC)->[Ir]<-NCc2c(C(F)(F)F)c(C(F)(F)F)nn21,2.3572,8.138643438711355
Cc1cc(O)cc(C=N2->[Ir]<-n3ccccc3CC2)c1,2.757220000000001,17.048158316389962
CSc1cc(-c2ccccc2)cn2->[Ir]<-n3ccccc3-c12,4.532500000000003,18.63736018734469
Clc1ccc(N2->[Ir]<-n3ccccc3C=2c2ccccc2)cc1,4.904100000000003,20.35135030729021
Cc1ccc(CN2C=CN3C2=[Be]->[Ir]<-n2ccccc23)cc1,3.179710000000002,15.994665013515569
CN1(C)->[Ir]<-N(C)(Cc2ccc(Cl)cc2)CC1,2.3334,16.582050686352364
CC(c1ccncc1)N1->[Ir]<-n2ccccc2CC1,2.3699000000000003,15.334168196444441
CS1->[Ir]<-NC(c2ccccc2)(c2ccccc2)C1,3.251900000000002,6.3898528497444715
c1ccc(S2->[Ir]<-N3(CCCCC3)CC2)cc1,3.264600000000001,12.030976205544194
Oc1ccc(CN2CCN3->[Ir]<-n4ccccc4C=32)cc1,2.0496,18.422584158384474
COc1ccccc1N1->[Ir]<-N=c2ccc3ccccc3c2=1,3.8625700000000025,16.798581818408383
CC1c2ccccn2->[Ir]<-N1=C1CCc2ccccc21,3.578100000000002,20.600926805271794
CCOC(=O)CN1->[Ir]<-n2cc(C(=O)OC)ccc2C1,0.5208999999999995,13.620178076498922
COc1ccccc1-c1cccn2->[Ir]<-n3ccccc3-c12,3.819200000000002,18.63736018734469
CC1=N(C)->[Ir]<-O=P1(c1ccccc1)c1ccccc1,3.048700000000002,11.02214797262344
c1ccn2->[Ir]<-n3cc(-c4ccnn4-c4cncnc4)cnc3-c2c1,2.1813,18.29779590939368
CC=C(c1ccccc1)n1cc2n(->[Ir]<-n3ccccc3-2)n1,3.249200000000002,17.833443382451883
O=C(O)CN1(CC(=O)O)->[Ir]<-NC2CCCCC21,-0.2724999999999996,8.353419467671573
CCN1(C)->[Ir]<-NCC12CCCCC2,1.5996999999999997,10.316986085598675
CC(C)S1->[Ir]<-S(C(C)C)C(C)(C)C1,4.048200000000003,7.9790547206991995
CN1(C)->[Ir]<-N(C)(C)C(c2ccccc2)C1,1.8509,16.582050686352364
CC(C)C12C=S->[Ir]<-N1=C(C(C)(C)C)NC2,2.4287,14.495450922530267
c1cncc(-c2c3c(nn4->[Ir]<-n5ccccc5-c24)CCN3)c1,2.5686,18.17300766040289
c1ccc(CN2c3ccccn3->[Ir]<-n3ccccc32)nc1,3.209900000000001,17.958231631442672
C1=C(N2CCCC2)C=N2->[Ir]<-n3ccccc3C2C1,2.576900000000001,18.762148436335483
CN1(C)->[Ir]<-N(=Cc2ccnc3ccccc23)CC1,2.2153,16.082897690389192
COC(c1ccsc1)c1ccc2n(->[Ir]<-n3ccccc3-2)c1,3.9409000000000014,18.63736018734469
CCN1(CC)->[Ir]<-n2ccc3cc(Cl)ccc3c2C1,3.730000000000003,15.583744694426024
c1cc(-c2ccoc2)c2n(->[Ir]<-n3ccc(-c4ccoc4)cc3-2)c1,4.663600000000003,18.63736018734469
CCCCn1ccn2->[Ir]<-N(c3ccccc3)=Cc12,3.4338000000000024,18.29779590939368
CC(C)N1->[Ir]<-NCC12CCCCC2,1.6459999999999997,8.10384296968999
N#Cc1ccc(CN2CCN3->[Ir]<-n4ccccc4C=32)cc1,2.21568,18.422584158384474
CN1C(=O)CCC1c1ccn2->[Ir]<-n3ccccc3-c2c1,2.4369000000000005,18.63736018734469
Fc1ccc(C=N2->[Ir]<-N(=Cc3ccccc3)CC2)cc1,3.3637000000000024,15.583744694426024
COc1ccn2->[Ir]<-n3ccccc3-c2c1-c1ccccc1,3.819200000000002,18.63736018734469
Cc1c(O)cc(-c2ccccc2)n2->[Ir]<-n3ccccc3-c12,3.824620000000002,20.35135030729021
Cc1cccc(-c2ccc3n(->[Ir]<-n4ccccc4-3)c2)c1O,3.8246200000000026,18.63736018734469
C1=CC2Nc3ccccn3->[Ir]<-N2(c2ccccc2)C=C1,3.4097000000000017,14.74502742051185
NC(=O)COc1ccc(C2N->[Ir]<-n3ccccc32)cc1,0.9937999999999992,11.53182320958103
Cc1c(O)cccc1-c1ccc2n(->[Ir]<-n3ccccc3-2)c1,3.824620000000003,18.63736018734469
CN1c2ccccc2C2C1CP1->[Ir]<-S2CCC1,3.361500000000002,8.228631218680782
C1CN2C(CN34->[Ir]<-N5CCN(CC3)C4C25)N1,-1.895699999999996,15.15419263650559
C=Cc1c(-c2ccccc2)ccn2->[Ir]<-n3ccccc3-c12,4.453600000000003,18.63736018734469
Cc1cccc(C)c1N1->[Ir]<-N=CC12CC=CC=N2,3.0919100000000013,9.35348056269371
Cc1ccc(C)c(NC2=O->[Ir]<-n3ccccc32)c1C,3.2591600000000014,14.495450922530267
C1=NC(c2ccccc2)C2(CN->[Ir]<-n3ccccc32)O1,2.0354,11.65661145857182
CC(C)N1->[Ir]<-n2ccccc2C1c1ccncc1,2.564000000000001,13.620178076498922
Cc1cccc(O)c1-c1cccn2->[Ir]<-n3ccccc3-c12,3.824620000000002,18.63736018734469
Ic1ccc(N2Cn3cccn3->[Ir]<-n3cccn3C2)cc1,2.806000000000001,18.083019880433465
C1=CCC2(C=C1)C=CC1=O->[Ir]<-N(c3ccccc3)=C1C2,3.790600000000002,16.549005320426797
CC1(c2ccccc2)CN2->[Ir]<-n3ccccc3C2O1,2.615400000000001,14.6996502562234
CC1=CSC(=C2Cc3ccccn3->[Ir]<-n3ccccc32)S1,4.729200000000003,18.63736018734469
C=Cc1ccc(N2->[Ir]<-n3ccccc3C=2)c2ccccc12,4.628400000000004,18.762148436335483
c1ccc(-c2cn3->[Ir]<-n4cc(-c5ccccc5)sc4-c3s2)cc1,5.600600000000003,24.65789997110376
Cc1ccc(O)c(C=N2->[Ir]<-n3ccccc3C2)c1C,3.023140000000001,15.20937994745365
c1ccc(N2CNC3(C2)N->[Ir]<-n2ccccc23)cc1,1.2604000000000002,11.407034960590238
c1ccn2->[Ir]<-N=C(SCc3ccc4ccccc4c3)c2c1,4.493570000000003,13.121025080535757
CP1(c2ccccc2)->[Ir]<-S(c2ccccc2)CC1,4.215900000000002,9.942621338626301
COc1c(C)cccc1N1->[Ir]<-n2ccccc2C=1C,3.539320000000002,20.35135030729021
Oc1cc(O)cc(CCN2->[Ir]<-n3ccccc3C2)c1,1.8251,13.620178076498922
COc1cccc(-c2ccc3n(->[Ir]<-n4ccccc4-3)c2)c1,3.819200000000002,18.63736018734469
CC1(C)C=N->[Ir]<-NC12CN=C(c1ccccc1)O2,1.79417,7.3445367804781565
CC(O)c1cccn2->[Ir]<-n3cccc(C(C)O)c3-c12,2.250200000000001,18.63736018734469
COc1cccc(Cn23->[Ir]<-n4ccccc4-c2cnn3)c1,2.397,18.083019880433465
c1cc(-c2ccoc2)n2->[Ir]<-n3cc(-c4ccoc4)ccc3-c2c1,4.663600000000003,20.35135030729021
CC(C)P1(C(C)C)->[Ir]<-N2CCOC2N1,1.6930999999999996,12.770884107317663
COC1(c2ccccc2)C=N(C)->[Ir]<-n2cc(N)[nH]c21,1.5824999999999998,14.994603918493432
CC(C)N1->[Ir]<-N(=Cc2cccc(O)c2O)CC1,1.5146999999999995,13.744966325489713
CCOP1(c2ccccc2)->[Ir]<-SCC1(C)C,3.4537000000000027,7.094960282496573
c1ccc(-n2c(-c3ccco3)nn3->[Ir]<-n4ccccc4-c23)cc1,3.589300000000001,17.833443382451883
CSc1ccc(-c2ccn3->[Ir]<-n4ccccc4-c3c2)cc1,4.532500000000003,18.63736018734469
CC1(C2CCCCC2)C=N->[Ir]<-n2[nH]ccc21,2.8972700000000016,13.03103730056633
Cc1ccn2->[Ir]<-n3[nH]c(-c4ccccc4)c(C)c3-c2c1,3.7555400000000025,18.29779590939368
CC(=O)Cn12->[Ir]<-n3ccc4ccccc4c3-c1cncc2=O,2.0474999999999994,15.084591698462859
CC(C)S1->[Ir]<-S(C(C)C)c2ncccc2C1,4.223700000000004,7.854266471708408
Clc1ccc(N2Cn3cccn3->[Ir]<-n3cccn3C2)cc1,2.854800000000001,18.083019880433465
Cc1ccn2->[Ir]<-N3=C(OC(C(C)(C)C)C3)c2c1,2.581520000000001,18.127630496114442
COc1ccc(-c2ccn3->[Ir]<-n4ccccc4-c3c2)cc1,3.819200000000002,18.63736018734469
c1ccc(N2CCN3->[Ir]<-n4c([nH]c5ccccc54)C=32)cc1,2.8297000000000008,19.797010000378982
CCOP1(OCC)=O->[Ir]<-N=CC1[SiH](C)C,2.29657,9.18336960368713
c1ccc2c(c1)P->[Ir]<-p-21c2ccccc2c2ccccc21,5.469200000000003,11.282246711599447
Cc1ccc(O)c(-c2ccn3->[Ir]<-n4ccccc4-c3c2)c1,3.824620000000003,18.63736018734469
CNC(=O)C1=O->[Ir]<-N(c2ccccc2)=C1c1ccccc1,2.1225,16.79858181840838
CC1=CC(C)C(N2->[Ir]<-n3ccccc3C2)C=C1,2.692000000000001,15.458956445435232
Cc1cccc(S(=O)(=O)CNC2=O->[Ir]<-n3ccccc32)c1,1.55122,14.495450922530267
CCC(C)P1(C(C)C)=O->[Ir]<-OCC1O,1.8671,7.5941677327324015
c1ccc(-c2cc3n(->[Ir]<-n4occ(-c5ccccc5)c4-3)o2)cc1,4.663600000000003,17.11874780892102
c1ccc(P2(c3ccccc3)->[Ir]<-s3cccc3C2)cc1,4.381000000000003,11.282246711599447
CC(CCO)N1(C)->[Ir]<-N(C)(C)CC1,0.2506999999999999,16.582050686352364
CC1=N(c2c(C)cccc2C)->[Ir]<-n2ccn(C)c21,3.177640000000001,20.13657427832999
OCc1ccn2->[Ir]<-n3ccc(Cn4cccn4)cc3-c2c1,1.8807,18.63736018734469
COc1ccccc1-c1ccc2n(->[Ir]<-n3ccccc3-2)c1,3.819200000000003,18.63736018734469
CC(C)N1->[Ir]<-n2ccccc2C1c1ccccn1,2.564000000000001,13.49538982750813
Cc1nn2(-c3ccccc3)->[Ir]<-n3ccccc3-c2c1C,3.551140000000002,18.17300766040289
C[Se]Cc1ccc2c(c1C([SeH])[SeH])C([SeH])[SeH]->[Ir]<-[SeH]C2[SeH],-1.6605000000000003,4.301497982826578
c1ccc(P2(c3ccccn3)->[Ir]<-n3ccccc3N2)cc1,2.936400000000001,14.28067489357005
O=Cc1cccc2c1S1->[Ir]<-S2CCOCCOCC1,2.730100000000001,7.854266471708408
Nc1c[nH]c2c1SC(=C1c3ccccn3->[Ir]<-n3ccccc31)S2,4.001800000000001,18.63736018734469
NC1(Cc2cccc3c2OCO3)N->[Ir]<-n2ccccc21,1.1232,12.90624905157554
Cc1ccc(CN2->[Ir]<-n3ccccc3C2)c([N+](=O)[O-])c1,2.58802,13.744966325489713
CCc1c2n(->[Ir]<-n3ccccc3-2)cc2cc(C)cnc12,3.5626200000000017,18.63736018734469
COCc1ccn2->[Ir]<-n3ccc(COC)cc3-c2c1,2.436400000000001,18.63736018734469
CC(C)P1(c2ccccc2)->[Ir]<-NNc2n[nH]cc21,1.5363999999999998,7.514702193757399
CCc1ccccc1N1->[Ir]<-O=C2C=1C=CCC2C,3.486600000000002,16.549005320426797
c1ccc(C2CCS(c3ccccc3)->[Ir]<-N2)cc1,3.868800000000003,6.140276351762889
c1ccc(C2=NCC3(Cc4ccccn4->[Ir]<-N3)O2)cc1,1.7561,11.407034960590238
CC1(Cc2ccccn2)n2cccn2->[Ir]<-n2cccn21,1.9383,17.958231631442672
CC(C)c1cccc(N2N->[Ir]<-n3ccccc32)c1,3.216800000000001,10.72790640468822
c1ccn2->[Ir]<-O=C(c3cccc4ccccc34)NCc2c1,3.1648000000000014,14.620239171521058
NC1=N2->[Ir]<-n3c(ccc4ccccc43)C23C=CC=CC3N1,1.8426,23.22499024027002
C=C(C)n1nc(C(C)(C)C)c2c1P->[Ir]<-NN2,1.4571999999999996,3.9619337048755687
Cc1cccc2c1-c1[nH]cc(C)n1->[Ir]<-n1c(N)c[nH]c1-2,2.66584,15.530312486573768
c1ccc(C2=N(c3ccccc3)->[Ir]<-n3ccccc32)cc1,4.250700000000003,20.35135030729021
CN1(C)->[Ir]<-NC23CCCCC21CNC3,0.1615000000000009,8.727784214643947
CCOC(=O)c1ccccc1N1->[Ir]<-n2ccccc2C1,2.870400000000001,13.37060157851734
Cc1nc(-c2c(-c3cscn3)ccn3->[Ir]<-n4cscc4-c23)sc1C,5.068940000000002,21.647630079224225
CC(C)c1ccccc1N1->[Ir]<-n2ccccc2C1,2.724000000000001,13.37060157851734
C=C1C=N(c2ccccc2)->[Ir]<-N(c2ccccc2)=C1C,2.43304,20.476138556281
Cc1cccc(N2->[Ir]<-n3ccccc3C2C)c1C,3.871540000000002,13.245813329526548
c1ccn2->[Ir]<-N(Cc3cccc4ccccc34)Cc2c1,3.5246000000000013,13.620178076498922
COc1ccccc1Cn12->[Ir]<-n3ccccc3-c1ccn2,3.0020000000000016,18.422584158384474
ClCc1ccc2n(->[Ir]<-n3cc(Nc4ccccc4Cl)ccc3-2)c1,5.279400000000003,18.63736018734469
CC(C)S1->[Ir]<-N(c2ccccc2)=Cc2ccccc21,4.937700000000004,13.121025080535757
CC1c2ccccn2->[Ir]<-N1c1cccc2ccccc12,4.407900000000003,15.084591698462859
Cc1cccc(C)c1N1->[Ir]<-O=c2ccc3ccccc3c2=1,4.020140000000003,16.549005320426797
Nc1ccnc(-c2ccnc(NC3=S->[Ir]<-n4ccccc43)c2)c1,2.908400000000001,12.656672553593957
CC(C)N1->[Ir]<-Nc2cnccc2Nc2cnccc21,2.6227,6.3898528497444715
c1ccc(CN2->[Ir]<-n3ccccc3-c3ccncc32)cc1,3.755700000000002,13.49538982750813
CC(C)CN1->[Ir]<-NCC1(N)C(C)C,0.5017000000000014,8.228631218680782
CC1(C)COC2(CCS3->[Ir]<-S2CCCC3)O1,3.1159000000000017,8.10384296968999
Fc1ccc2ccccc2c1N1->[Ir]<-n2ccc3ccccc3c2N=1,5.942500000000003,17.958231631442672
c1ccc(CN2->[Ir]<-NC(c3ccccc3)C2)cc1,2.4762000000000004,6.514641098735263
Cc1cccc([S+]2C[S+](c3cccc(C)c3)[O-]->[Ir]<-[O-]2)c1,3.176340000000001,9.822884770622483
C1=CC2(CN=C1)N->[Ir]<-n1(Cc3ccccc3)nccc12,1.726,13.155825549557122
Cc1ccc(C)c(N2->[Ir]<-n3ccccc3C2)c1C,3.618960000000001,13.37060157851734
c1ccc(-c2cc3n(->[Ir]<-n4[nH]ccc4-c4cccc-3n4)[nH]2)cc1,3.5288000000000013,20.956659813413275
O=C(O)c1ccccc1N1c2ccccn2->[Ir]<-n2ccccc21,3.6446000000000014,17.958231631442672
Cc1cccc(C)c1-n1cc2n(->[Ir]<-N(C)(C)C2)n1,1.94574,15.029404387514798
Oc1ccccc1N1Cn2cccn2->[Ir]<-n2cccn2C1,1.907,18.083019880433465
CC1=N->[Ir]<-N(C(C)c2ccccc2)C1(C)C,3.155470000000002,11.53182320958103
OCC1=NC(c2ccccc2)C2(N->[Ir]<-n3ccccc32)O1,1.3554,11.407034960590238
CP1(c2ccccc2)->[Ir]<-P(C)(c2ccccc2)C1,3.8183000000000025,12.030976205544194
COC(=O)CN1->[Ir]<-Nc2cnccc2Nc2cnccc21,1.3872999999999998,6.26506460075368
Cc1ccn2->[Ir]<-n3ccc(Nc4ccc(F)cc4)cc3-c2c1,4.334720000000003,18.63736018734469
Cc1cc(N2->[Ir]<-n3ccccc3C2)cc(C)c1C,3.618960000000002,13.37060157851734
Cc1cccc([Se]C(C)N2->[Ir]<-Nc3n[nH]cc3N2)c1,0.5925199999999995,5.80071207381188
O=S(=O)(Nc1cccn2->[Ir]<-n3ccccc3-c12)c1ccccc1,2.944400000000001,18.63736018734469
CN(C)c1ccc(C=CC2=O->[Ir]<-n3ccccc32)cc1,3.043700000000001,14.959803449472068
OCc1cc(CN2->[Ir]<-n3ccccc3C2)c(O)cc1O,1.2749,13.620178076498922
Oc1ccc(N2Cn3cccn3->[Ir]<-n3cccn3C2)cc1,1.907,17.958231631442672
CC1c2ccccn2->[Ir]<-N1C1CCCCC1,3.064900000000001,15.334168196444441
C(c1ccccc1)=N1->[Ir]<-n2ncc(-c3ccccc3)nc2C1,3.157700000000002,16.24424151149715
CC(C)N1->[Ir]<-n2ccccc2C1c1ccccc1,3.1690000000000014,13.37060157851734
CN(C)Cc1ccn2->[Ir]<-n3ccc(CO)cc3-c2c1,1.6974999999999998,18.63736018734469
c1ccc(C2(c3ccncc3)N->[Ir]<-n3ccccc32)cc1,2.7272000000000007,11.65661145857182
CC(C)c1ccn(-c2ccn3->[Ir]<-n4ccccc4-c3n2)n1,2.847700000000001,18.29779590939368
CN(C)C1=CC2([SeH])C(=O)c3n(C)ccn3->[Ir]<-N=C2C=C1,0.6973699999999999,12.781460802584748
CCCN1c2ccccc2N2->[Ir]<-n3ccccc3C12,3.4223000000000017,16.583805789448164
Cc1cncc(Cn2cc3n(->[Ir]<-n4ccccc4-3)n2)c1C,2.40024,17.833443382451883
CC(c1ccccc1)=N1->[Ir]<-S=C(N2CCOCC2)N1,1.6173,11.067470682639229
C#CCC1(CO)NN->[Ir]<-n2c(-c3ccccc3)ccn21,0.6818000000000001,8.88912803575191
c1ccc2c(C3n4cccn4->[Ir]<-n4cccn43)cccc2c1,3.328000000000001,16.11945326250636
FC(F)(F)c1cnn(-c2ccccc2N2->[Ir]<-Nc3ccncc32)c1,3.611900000000001,5.890699853781306
O=C(O)CN1(Cc2cccnc2O)->[Ir]<-n2ccccc2C1,1.269,15.583744694426024
Oc1ccc(N2->[Ir]<-n3ccccc3C=2c2ccccc2)cc1,3.9563000000000015,20.35135030729021
Cc1ccc(-c2nn3->[Ir]<-n4ccccc4-c3o2)c(C)c1C,3.723860000000003,17.538489720181847
Cc1cc(N2->[Ir]<-n3ccccc3C2)cc2ccccc12,4.155320000000002,13.37060157851734
OCc1cccc(P2(c3ccccc3)=O->[Ir]<-n3ccsc32)c1,2.2748,15.621619735457704
Cn1ccn2->[Ir]<-N(c3ccccc3Cl)=C(c3ccccc3)c12,4.242600000000003,20.0117860293392
CC1(c2ccccc2)c2ccccn2->[Ir]<-N1(C)C,2.9067000000000016,15.583744694426024
COC(=O)c1ccn2->[Ir]<-n3ccc(C(C)C)cc3-c2c1,3.053600000000001,18.63736018734469
CC(=O)CS1->[Ir]<-SC23C=CC=CC12N=C(C(C)C)O3,2.841700000000001,5.890699853781306
CC(C)P1(C(C)C)->[Ir]<-N2CCOC2C1,2.231,11.906187956553403
CC(C)C1N2->[Ir]<-n3ccccc3C=2NC1(C)C,2.2346000000000004,20.13657427832999
CN1->[Ir]<-N2=C(OC(c3ccccc3)C2)C(C)(C)C=1,2.8832000000000013,14.82443850521419
Cc1ccc(N2->[Ir]<-n3ccccc3C2)c(C)c1C,3.618960000000002,15.20937994745365
CCc1ccc(N2->[Ir]<-n3ccccc3C2C)cc1,3.8171000000000017,13.37060157851734
CCOP1(OCC)=O->[Ir]<-N=CC1c1ccccc1,3.6433700000000018,11.146936221614233
COP(=O)(OC)c1cccc(N2->[Ir]<-n3ccccc3C=2)c1,2.9434000000000013,18.63736018734469
COc1ccc(CN2C=CN3C2=[Be]->[Ir]<-n2ccc(Br)cc23)cc1,3.6423900000000025,17.49387910450087
CC1(C)C=COCC12C1=O->[Ir]<-O=C1C=C1C=CC=CC12,2.3633000000000006,11.407034960590238
OC(O)C1C(c2ccccc2)NC2=N1->[Ir]<-n1ccccc12,0.8519999999999999,20.13657427832999
CCN1CCSCC12C=N->[Ir]<-N2c1cccnc1,1.90807,9.693044840644719
O=C(CN1->[Ir]<-n2ccccc2C1)OCc1ccccc1,1.9146,15.458956445435232
Cc1cccc(O)c1C(C)NC1=O->[Ir]<-n2ccccc21,2.586620000000001,14.620239171521058
CCN1(Cc2ccccc2)->[Ir]<-n2ccccc2C1,3.1037000000000017,15.583744694426024
CC1(C)CS->[Ir]<-N2(C)CNC(=O)C12c1ccsc1,1.9185,11.691411927593185
Cc1nn(C2c3cc[nH]n3->[Ir]<-n3cccn32)c(C)c1C,1.82316,16.11945326250636
C=Cc1ccc(Cn2ccc3n2->[Ir]<-n2ccccc2-3)cc1,3.636400000000002,20.011786029339202
CC1c2ccccn2->[Ir]<-N1c1ccc2cccc(F)c2c1,4.547000000000003,13.245813329526548
CC(=O)COc1cccc(C=N2->[Ir]<-n3ccccc3N2)c1,2.495400000000001,16.244241511497155
Cc1ccc2c(c1)CS(C)->[Ir]<-N2=Cc1ccc(Br)cc1,5.371120000000003,13.744966325489713
Cc1cc(C)c(-c2nn3->[Ir]<-n4ccccc4-c3o2)c(C)c1,3.723860000000002,17.538489720181847
CN1(Cc2ccccc2)->[Ir]<-NC2CCCC21,1.9982,8.478207716662364
C1=NCC2(N->[Ir]<-n3cc4ccccc4cc32)c2ccncc21,2.2646000000000006,11.53182320958103
CC(C)c1ccnn1C1n2cccn2->[Ir]<-n2cccn21,1.9522,17.958231631442672
CC(=O)S1->[Ir]<-S(c2ccccc2)CC1c1ccccc1,4.799700000000003,10.772517020369195
CC(C)C1Cc2cnccc2C2(C=N->[Ir]<-N2)C1,2.10357,8.10384296968999
c1ccc(C2=C3N4CN5CN(C4)CP3(->[Ir]<-P2)C5)cc1,2.404000000000001,8.10384296968999
N#Cc1ccc(C=C2c3ccccn3->[Ir]<-n3ccccc32)cc1,3.9371800000000015,18.63736018734469
c1ccc(P2(c3ccccc3)->[Ir]<-Nc3ccncc32)cc1,2.4220000000000006,7.604689973726825
CP1(C)->[Ir]<-P(C)(c2cccc(Cl)c2)c2ccccc21,3.769300000000003,12.155764454534985
c1ccc(-c2c[nH]n3->[Ir]<-n4cccc(-n5cccn5)c4-c23)cc1,3.3244000000000007,18.29779590939368
Cc1ccc(CN2->[Ir]<-n3ccccc3CC2)cc1,2.7223200000000007,11.781399707562612
Cc1ccn2->[Ir]<-S=C(Nc3cc(C)c(C)cn3)Nc2c1,3.2107600000000014,12.317108275642948
CCc1cccc(C)c1N1->[Ir]<-n2ccccc2C1,3.5645200000000017,13.37060157851734
COP1(C(C)C)->[Ir]<-N(C)(C)c2ccccc21,2.829600000000001,11.27167001633236
OC(O)c1cc(-c2ccccc2)n2->[Ir]<-n3ccccc3-c2c1,2.793800000000001,20.35135030729021
CC1(C)c2ccccn2->[Ir]<-N1Cc1ccccc1,3.1065000000000014,13.37060157851734
CN(C)c1ccc(-n2cc3n(->[Ir]<-n4ccccc4-3)n2)cc1,2.3953,17.833443382451883
CC1(C)C=N->[Ir]<-N2=C1OC(C)(c1ccccc1)C2,3.0062700000000016,12.736083638296297
COC(=O)c1cccn2->[Ir]<-n3cccc(C(C)C)c3-c12,3.053600000000001,18.63736018734469
CN12->[Ir]<-N(Cc3ccccc3)(CCC1)CC2,1.8241,12.654917450498152
CC(Cn12->[Ir]<-n3ccccc3-c1ccn2)C(C)(O)O,1.282,18.422584158384474
O=C(OCCN1->[Ir]<-n2ccccc2C1)c1ccccc1,2.0282,13.620178076498922
COC(=O)c1cccc(C2n3cccn3->[Ir]<-n3cccn32)c1,1.9614,17.958231631442672
O=C(O)c1ccc(N2c3ccccn3->[Ir]<-n3ccccc32)cc1,3.6446000000000014,17.958231631442672
CC(C)P1(C(C)C)->[Ir]<-N=Cc2ccccc21,3.6082700000000014,9.693044840644719
CC1(c2ccncc2)c2ccccn2->[Ir]<-n2ccccc21,3.225900000000001,18.63736018734469
CCc1cccc(-n2cnc3c2N->[Ir]<-N3(C)C)c1,2.0828999999999995,8.353419467671573
CC(C)OC1(c2ccncc2)N->[Ir]<-n2ccccc21,2.0614,11.407034960590238
c1ccn2->[Ir]<-N(C3CCCCC3)CCc2c1,2.5464,13.49538982750813
CS1->[Ir]<-S(C)CC(=Cc2ccccc2)NCC1,3.3431000000000024,8.602995965653156
c1ccc(N=N2->[Ir]<-S(c3ccccc3)c3ccccc32)cc1,6.253200000000003,12.531884304603166
C(c1c2ccccc2cc2ccccc12)=N1->[Ir]<-NCC1,3.3706000000000023,10.192197836607884
COP1(c2ccccc2)->[Ir]<-S(c2ccccc2)CC1,4.147500000000003,8.933738651432886
CC1(C)C=N(Cc2ccccc2)->[Ir]<-N1(C)C,2.597600000000001,13.994542823471297
CC1(c2ccccc2)N->[Ir]<-n2nc(-c3ccccc3)oc21,2.958800000000001,10.432952742418188
CC(C)S1->[Ir]<-S(c2ccccc2)C(C)CC1,4.6989000000000045,7.854266471708408
CC1(C)OC=N2->[Ir]<-[Be]=C3NC=C(N)N3c3ccccc3C21,1.72829,15.609723571276108
Cc1cccc(C)c1N1->[Ir]<-n2ccc3ccccc3c2N=1,5.267040000000004,18.083019880433465
Cc1cc(CN2->[Ir]<-n3ccccc3C2)c2c(c1)OCO2,2.40852,13.744966325489713
c1ccn2->[Ir]<-N(Cc3ccc4ccccc4c3)Cc2c1,3.5246000000000013,13.620178076498922
CN1->[Ir]<-N2=C(OCC2c2ccccc2)C(C)(C)C=1,2.8832000000000013,16.53842862515971
COC(C)P1(c2ccccc2)->[Ir]<-Nc2cccnc21,2.0889,7.729478222717616
OCc1ccc(Cn2cc3n(->[Ir]<-n4ccccc4-3)n2)cc1O,1.5862999999999996,17.833443382451883
CC1=O->[Ir]<-n2c(CBr)cncc2C(Nc2ccccc2)=NN1,2.2813,16.334229291466578
Cc1ccccc1[S+]1([O-])->[Ir]<-[SH2+]C12CCCCC2,2.7745200000000008,7.344536780478157
NC1NP(c2ccccc2)NC12N->[Ir]<-n1ccccc12,0.3081000000000001,13.155825549557122
CC(O)O1->[Ir]<-Pc2ccccc2C1N1CCOC1,0.8301999999999999,10.80731748939056
CC1(C)OCC2(O1)c1ccccn1->[Ir]<-n1ccccc12,2.5031000000000008,18.63736018734469
CCOC1(C)N->[Ir]<-NC23C=CN=CC21C=NC=C3,0.5779000000000002,7.594113278459739
Cc1cc2n(->[Ir]<-N(Cc3ccccc3)C2)cc1C,2.988240000000001,13.620178076498922
CC(=NC1=O->[Ir]<-n2ccccc21)C1CCCCC1,3.2630000000000017,14.495450922530267
CC(C)N1CCNC12NC=[Be]->[Ir]<-S2c1ccccc1,1.83879,9.92398959979541
CCc1cccc(N23->[Ir]<-N=C4C=CN=CC42CN=C3)c1,2.45397,14.620239171521058
C1=NCC2(N->[Ir]<-n3ccccc32)N1Cc1ccccc1,1.7372,11.53182320958103
Cn1ccn2->[Ir]<-n3ccn(C)c3C(c3ccccc3)c12,2.3338,16.244241511497155
O=P(c1ccccc1)(c1ccccc1)C1CN->[Ir]<-N1,1.2439999999999996,4.675862729798952
Cc1ccn2->[Ir]<-n3ccc(-c4ccc(N)cc4)cc3-c2c1,3.701220000000001,18.63736018734469
COC(=O)c1ccc2n(->[Ir]<-n3ccc(C(C)C)cc3-2)c1,3.053600000000001,18.63736018734469
NC1(c2ccccc2)NC(=O)C2(N1)N->[Ir]<-n1ccccc12,-0.3182999999999995,13.245813329526548
Oc1cccc(-c2nc3ccccn34->[Ir]<-n3ccccc3-c24)c1,3.768900000000003,18.29779590939368
COc1cccc(P2(c3ccccc3)=O->[Ir]<-n3ccsc32)c1,2.791100000000001,15.621619735457704
COC(=O)c1ccc2n(->[Ir]<-n3cccc(C(C)C)c3-2)c1,3.053600000000001,18.63736018734469
CC1(C)OC=NC1=Cc1cccn2->[Ir]<-n3ccccc3-c12,3.321600000000002,18.63736018734469
OC(=Cc1ccc2n(->[Ir]<-n3ccccc3-2)c1)c1ccccc1,4.199700000000002,18.63736018734469
CC(C)N1C=CNC12NC=[Be]->[Ir]<-S2C(C)(C)C,2.04939,7.265125695775816
Cc1cc(C)c(N2->[Ir]<-n3ccccc3C2)cc1C,3.618960000000002,15.20937994745365
CCN1->[Ir]<-Nc2ccncc2Nc2cncc(C)c21,2.5426199999999994,6.3898528497444715
CCCP1(c2ccccc2)->[Ir]<-Nc2ccccc21,3.1115000000000004,7.854266471708408
CC(Cc1ccccc1)N1->[Ir]<-n2ccccc2C1,2.8024000000000013,13.49538982750813
CC(c1ccccc1)=N1->[Ir]<-S(c2ccccc2)CC1,4.287900000000003,13.49538982750813
CCN1(CC)->[Ir]<-N(=Cc2cccc(Cl)c2)CC1,3.1007000000000016,15.833321192407608
CC(C)(C)CN1C=N2->[Ir]<-n3ccccc3C2C1,2.5127000000000006,18.422584158384474
Cc1cc(C)cc(N2->[Ir]<-n3cc(C)ccc3C2)c1,3.618960000000002,15.20937994745365
CCOC(=O)c1cccc(N2->[Ir]<-n3ccccc3C2)c1,2.870400000000001,13.37060157851734
COc1ccc(CN2CP->[Ir]<-n3ccccc32)cc1,2.929400000000002,11.317047180620811
C1=CC2=N(c3ccccc3)->[Ir]<-O=C2C(c2ccccc2)C1,4.071900000000003,16.549005320426797
Cc1cccc(-c2c(C)ncn3->[Ir]<-[Be]=C4NC=C(N)N4c23)c1,1.92393,13.94111061561904
OCP1(c2ccccc2)->[Ir]<-S(c2ccccc2)CC1,3.5359000000000016,9.942621338626301
CC(C(=O)O)N1->[Ir]<-Nc2cnccc2Nc2cnccc21,1.6874,6.26506460075368
CC(C)C1CN2->[Ir]<-N(=Cc3ccc(F)cc3)CC=2O1,2.6979000000000006,16.538428625159714
c1ccc(C2=C(c3ccccc3)C3=N->[Ir]<-O=C3CC2)cc1,3.980070000000003,11.282246711599447
CS1->[Ir]<-N(c2cc(O)c3ccccc3c2)c2ccccc21,5.010900000000004,7.854266471708408
Oc1ccccc1-c1nc2ccccn23->[Ir]<-n2ccccc2-c13,3.768900000000003,18.29779590939368
C(c1cc2ccccc2c2ccccc12)=N1->[Ir]<-NCC1,3.3706000000000023,8.228631218680782
CN1(C)->[Ir]<-N(=Cc2cccc3c2OCO3)CCC1,1.7859,14.24411932145288
CC1=N->[Ir]<-n2ccc(C(C)N=CC(C)C)cc21,3.257170000000002,15.084591698462859
ClCc1ccc(CN2->[Ir]<-n3ccccc3CC2)cc1,3.152700000000002,13.744966325489713
CP1(C)->[Ir]<-P(C)(c2ccccc2)c2ccccc21,3.1159000000000017,12.155764454534985
CN1C=CN2C1=[Be]->[Ir]<-N(c1ccc(Cl)cc1)=C2c1ccccc1,4.133190000000003,21.0466475933827
Cc1c(C=N2->[Ir]<-S=C(NC(C)C)N2)cccc1[N+](=O)[O-],2.10962,9.103904064712127
C(c1ccc2c(c1)OCO2)=N1->[Ir]<-O=C(Cc2ccccc2)N1,2.1081,12.441896524633739
CCOC(=O)c1ccc(N2->[Ir]<-n3ccccc3C2)cc1,2.870400000000001,13.37060157851734
c1ccc(-n23->[Ir]<-n4cnccc4-c2nnc3-c2ccncc2)cc1,2.7863,17.493879104500873
FC(F)(F)c1ccc(Nc2ccn3->[Ir]<-n4ccccc4-c3c2)cc1,4.906000000000003,18.63736018734469
Cc1cc(C(=O)N2c3ccccn3->[Ir]<-n3ccccc32)ncn1,2.55352,17.958231631442672
C1CCN2->[Ir]<-N3CCCCC3CC2C1,1.6606999999999998,8.353419467671573
O=C1NC2(C=CC=CC2)CC2=C1N1C=CC=CC1=O->[Ir]<-N2,0.7504,7.265125695775816
ClCCSCCN1(CCCl)->[Ir]<-n2ccccc2C1,3.094400000000001,15.583744694426024
CC(C)=N1->[Ir]<-[Be]=CN2CN(C(C)(C)C)C=C2C1,2.22779,9.228692313702918
CCC1(c2ccccc2)n2cccn2->[Ir]<-n2cccn21,2.7390000000000008,17.958231631442672
Cc1cccn2->[Ir]<-NC3(CCC(C)CC3)c12,2.754120000000001,11.65661145857182
Oc1ccccc1P1(c2ccccc2)=O->[Ir]<-n2ccccc21,2.426600000000001,12.611349843578168
Cc1[nH]n2->[Ir]<-n3ccn(C)c3CN(C=O)Cc2c1C,0.9186399999999996,14.28067489357005
CCOC1O->[Ir]<-PC(N2CCOC2C)C1S,0.5191,5.505758411541846
c1ccc(-c2c3n(->[Ir]<-n4ccccc4-3)nc3ccccc23)cc1,4.358800000000002,18.17300766040289
c1ccc(CN2->[Ir]<-n3ccccc3-c3cnccc32)cc1,3.755700000000002,13.37060157851734
CC1(C)C=COCC12C=C1C=CC=CC1C1=O->[Ir]<-O=C12,2.3633000000000006,11.282246711599447
CCOC(=O)CN1->[Ir]<-NCC1(N)C(=O)OCC,-1.684099999999997,6.514641098735263
CC(C)c1ccn(Cc2ccn3->[Ir]<-NCc3c2)n1,1.9085,11.65661145857182
Cc1cc(C)c(CN2->[Ir]<-n3ccccc3CC2)s1,3.092240000000001,11.781399707562612
Brc1ccccc1CN1C=NCC12N->[Ir]<-n1ccccc12,2.4997000000000007,11.407034960590238
C1CCC(=N2->[Ir]<-NC3NCCCC3C2)C1,1.2857999999999992,13.280613798547913
CC1(C)OCC2(CCS3->[Ir]<-S(CCC3)C2)O1,2.768300000000001,8.353419467671573
c1ccc(-c2cc(-c3ccncc3)n3n2->[Ir]<-OCC3)cc1,2.6044,11.067470682639229
OC1(c2cccnc2)N->[Ir]<-NC23C=CN=CC21C=NC=C3,0.0655000000000001,5.380970162551055
COc1ccc(CN2C=CN3C2=[Be]->[Ir]<-n2ccccc23)cc1,2.8798900000000014,19.33265747343718
Fc1cccc(F)c1C=N1->[Ir]<-O=C(c2cccc3ccccc23)N1,3.8819000000000017,11.378852780092434
CCN1CN2(->[Ir]<-n3ccc(C)cc32)c2ccccc21,3.325520000000002,16.583805789448164
CN1P->[Ir]<-P1(C(C)(C)C)C(C)(C)C,3.702200000000002,6.925561417824807
CCOCCN1->[Ir]<-N(CCCO)CC1,-0.4154999999999983,8.602995965653156
CC1CN(C(C)C)->[Ir]<-S(C(C)C)C1,2.762100000000001,8.228631218680782
Cc1ccccc1[S+]1C[S+](c2ccccc2C)[O-]->[Ir]<-[O-]1,3.1763400000000024,9.698096521631692
COc1ccc(P2(c3ccccc3)=O->[Ir]<-n3ccsc32)cc1,2.791100000000001,15.621619735457704
[Be]1->[Ir]<-n2cccn2CCN2C=CN(Cc3ccccc3)C=12,2.1683900000000005,17.279103075540654
CCN1c2ccccc2SCC12C=N->[Ir]<-n1[nH]ccc12,2.8867700000000003,13.03103730056633
CC1(C)COC2(CCS3->[Ir]<-S(CCC3)C2)O1,2.768300000000001,8.353419467671573
CC1=CC(CNN2->[Ir]<-n3ccccc3C2)=CNC1,1.1092,14.994603918493432
OC(O)C1=N2->[Ir]<-n3ccccc3C2CN=C1c1ccccn1,0.7722999999999998,20.600926805271794
CS1->[Ir]<-Sc2cccc3c2Oc2c1cccc2C3(C)C,5.128800000000004,6.015488102772097
COc1ccccc1CN1CP->[Ir]<-n2ccccc21,2.929400000000002,11.317047180620811
Cc1cncc(C=N2->[Ir]<-n3cccc(C)c3C2C)c1,3.2735400000000023,18.886936685326273
c1ccc2c(-n3nnn4->[Ir]<-Nc5ccncc5Sc34)cccc2c1,2.943900000000001,8.424775508810109
CN1P->[Ir]<-PN2CCCC23NC(N)NC13N,-1.6618999999999997,3.6223694269245597
COc1ccc(-c2cc(C)n3n2->[Ir]<-n2ccccc2-3)cc1,3.251320000000001,19.672221751388193
CC(=O)Nn1cccc1-c1ccn2->[Ir]<-n3ccccc3-c2c1,2.7021000000000006,18.63736018734469
c1ccc(CN2->[Ir]<-n3ccccc3-c3ncccc32)cc1,3.755700000000002,13.37060157851734
N#Cc1cc(F)cc2c1ncc1n2->[Ir]<-n2ccccc2-c2cnccc2-1,3.764580000000002,20.35135030729021
CN(C)c1ccc(C2CC(P)OP->[Ir]<-S2)cc1,3.121500000000003,3.6669800426055357
CCN1(CC)->[Ir]<-N(=Cc2ccc(Cl)cc2)CC1,3.1007000000000016,13.994542823471297
C=C(C1=O->[Ir]<-n2ccccc21)c1cccc(N(C)C)c1,3.043700000000001,14.959803449472068
NC1=CN2C(=N->[Ir]<-P2(c2ccccc2)c2ccccc2)N1,1.7738699999999998,10.138765628755628
CC1(c2cccc3ccccc23)N->[Ir]<-n2ccccc21,3.4570000000000025,11.65661145857182
COc1cccc(N2->[Ir]<-N(C(C)C)CC2)c1,2.1051,10.067409587617092
C1=NC2N->[Ir]<-P(c3ccccc3)(c3ccccc3)OC2O1,1.7202999999999995,8.594174373481877
CN(Cc1cccn2->[Ir]<-n3ccccc3-c12)CC(O)F,1.8633,18.63736018734469
CC1(c2ccccc2)CN2->[Ir]<-N1(C)CCC2,1.8269,10.566562583580259
Cc1ncccc1P1(c2ccccc2)->[Ir]<-Pc2c[nH]nc21,1.3717199999999996,7.604689973726825
C=CCS1->[Ir]<-S(CC(=O)n2cnc3ccccc32)CC1,3.3289000000000017,8.353419467671573
C=C(C)n12->[Ir]<-n3ccccc3-c1c(-c1ccccc1)cn2,4.102700000000003,18.17300766040289
OC(=C1c2ccccn2->[Ir]<-n2ccccc21)c1ccccc1,3.951200000000002,18.63736018734469
Cc1cc(C)cc(N2->[Ir]<-N=NC=2c2cccc(N)c2)c1,3.9949100000000017,14.28067489357005
O=C(OC1CCN->[Ir]<-N1)n1ccnc1-c1ccccc1,1.1684,5.755334909523429
CCOc1cc(C)c2n(->[Ir]<-S(c3ccccc3)C2)c1,4.081020000000003,13.245813329526548
COc1ccc(CN2->[Ir]<-N(C)(C)CC2)cc1,1.3463999999999998,10.816139081561841
CN1->[Ir]<-N(c2ccccc2)=C2C=CC3(C=CC=CC3)C=12,3.902200000000003,18.76214843633548
Cc1cccc(N2->[Ir]<-N3=COC(C)(C)C3C=2)c1C,3.2114400000000014,16.41364037616892
ClC1(c2ccccc2)N->[Ir]<-NC23C=CN=CC21C=NC=C3,1.917,7.854266471708408
COc1ccccc1N1->[Ir]<-n2ccccc2C1C(C)=O,2.8324000000000007,13.245813329526548
N#CC1COCCS2->[Ir]<-S(C=C2)CC(C#N)OCCO1,1.7717599999999998,7.9790547206991995
Cc1ccc2n(->[Ir]<-N(c3cccc(C)c3C)C2)c1,3.618960000000002,13.37060157851734
CC(C)OP1(c2ccccc2)->[Ir]<-Nc2ccncc21,2.4365,7.094960282496573
CN1(C)->[Ir]<-[SeH]C2(CN=C(Cc3ccccc3)O2)C1,0.8164999999999993,6.889005845707636
CN(C)C1=C(c2ccccc2)S(c2ccccc2)->[Ir]<-[Be]=C1,4.297190000000004,8.979115815721336
C1=N(Cc2cccc(-c3ccccc3)n2)->[Ir]<-n2ccccc21,3.099400000000001,17.172946565380755
c1ccc(P2(c3ccccc3)->[Ir]<-Nc3ccncc3O2)cc1,2.4626,6.970172033505783
CCn12->[Ir]<-n3ccccc3-c1c(C(C)(C)C)cn2,3.530400000000002,18.422584158384474
CC1(c2ccccc2)c2[nH]c(N)cn2->[Ir]<-n2cc(N)[nH]c21,1.6515000000000002,18.207808129424258
CN1c2ccccc2N2->[Ir]<-S(C(C)(C)C)CC12,3.406100000000002,11.19225893163002
CCCC1(CCC)N=CC=CC12C=N->[Ir]<-N2,2.31307,6.140276351762889
CSc1cccc(C2c3ccccn3->[Ir]<-N2(C)C)c1,3.454500000000002,15.708532943416817
c1cncc(-c2nnc3nc2-c2ccccn2->[Ir]<-n2ccccc2-3)c1,3.0576000000000008,21.635788369315293
CC1=N->[Ir]<-N(c2c(C)cccc2C)=CC1(C)C,4.071610000000003,14.959803449472068
O=Cc1ccccc1C=N1->[Ir]<-N(=Cc2ccccc2Cl)CC1,3.690500000000003,13.744966325489713
Cn1ccn2->[Ir]<-n3ccn(C)c3C(=Cc3ccccc3)c12,2.7425000000000006,16.11945326250636
c1ccn2->[Ir]<-n3ccc(-c4cc(-n5cccn5)ccn4)cc3-c2c1,3.391300000000002,18.63736018734469
CC12N->[Ir]<-NC1(c1ccc3ccccc3c1)NC2N,0.5567000000000017,6.140276351762889
c1ccc(-n2c(-c3ccncc3)nn3->[Ir]<-n4ccccc4-c23)cc1,3.391300000000001,17.833443382451883
CCP1(CC)->[Ir]<-P(CO)(CO)c2ccccc21,1.8404000000000005,12.155764454534985
Cc1cccc([S+]2([O-])->[Ir]<-[S+]([O-])(c3cccc(I)c3)C23CC3)c1,4.005120000000003,9.763634333175778
C1=CC2(C=c3ccccc3=NC2)CN2->[Ir]<-n3ccccc3C=21,1.5408,18.762148436335483
O=C(Nc1ccn2->[Ir]<-N3=C(COCC3)c2c1)c1ccc[nH]c1=O,0.8414999999999999,18.762148436335483
C=CCN1(Cc2ccccc2)->[Ir]<-n2ccccc2C1,3.269800000000002,15.583744694426024
c1ccc(N2CCCN->[Ir]<-NCCC2)cc1,1.1906,6.764217596716845
C=C1CN(c2ccccc2)C2=S->[Ir]<-S=C2N1c1ccccc1O,3.887300000000003,3.802344986863413
Cc1ccc2n(->[Ir]<-NC23COC(C(C)(C)C)=N3)c1,1.97632,11.407034960590238
O=C(OC1c2ccccn2->[Ir]<-n2ccccc21)c1ccccc1,3.423000000000002,16.79858181840838
COCP1(COC)->[Ir]<-POC12Cc1ccccc1S2,3.485000000000003,7.469325029468948
COC12NCCN1(c1ccccc1)->[Ir]<-n1ccccc12,1.9481,20.261362527320784
CC(C)CN1->[Ir]<-N(CC(C)C)CC1,1.4776,10.566562583580259
OC1CC(P(c2ccccc2)c2ccccc2)[SeH]->[Ir]<-[SeH]1,0.9555,4.301497982826578
CSc1ccc(N2->[Ir]<-N=C3C=CC4(C=CC=CC4)C=23)cc1,4.573070000000003,16.67379356941759
OCCS1->[Ir]<-S(CCn2cnc3ccccc32)CC1,2.495000000000001,8.353419467671573
CN(C)c1ccc(-c2cc3n(->[Ir]<-n4ccccc4-3)[nH]2)cc1,3.2047000000000008,18.29779590939368
C1=N->[Ir]<-n2c([nH]c3ccccc32)CN(c2ccccc2)C1,3.219070000000001,10.942682433648438
C=N1->[Ir]<-O=C(C(OC)(c2ccccc2)c2ccccc2)N1,2.3084,10.852694653679011
CCS(=O)(=O)c1ccccc1-n1cc2n(->[Ir]<-n3ccccc3-2)n1,2.1229,17.833443382451883
CC1(C)OC=N2->[Ir]<-[Be]=C3N(Cc4ccccc4)C=CN3C21,2.43489,19.072504280188515
Cc1cccc(C)c1-n1cc2n(->[Ir]<-N3CCCC23)n1,2.30864,16.369029760487948
NC1(c2ccccc2)NC2=S->[Ir]<-S=C2N1Cc1ccccc1,2.5158000000000005,3.6775567378726213
CC1(c2ccccn2)N->[Ir]<-N2=C1NN=C(c1ccccn1)N2,0.5185999999999995,10.852694653679011
Cc1ccccc1N1->[Ir]<-O=C2CCC3(C=CC=CC3)C=12,3.932920000000003,16.549005320426797
O=[N+]([O-])c1cccc(Cn2cccn2)c1N1->[Ir]<-n2ccccc2C=1,2.9852000000000016,18.63736018734469
CC1=N->[Ir]<-N(O)(c2cc(C)cc(C)c2)C1(C)C,3.3173100000000018,14.574862007232607
CCS1->[Ir]<-[Be]=CNCC12NC=CN2Cc1ccccc1,2.10509,10.513130375728002
Cc1ccc2c(n1)C1(O)OC(O)(O->[Ir]<-N=CC=NC1O)C2O,-1.7241100000000005,7.3445367804781565
c1ccn2->[Ir]<-N3=C(NC(c4cccc5ccccc45)C3)c2c1,3.3259000000000007,18.422584158384474
CC(C)C12c3ccccn3->[Ir]<-N1C2c1ccccc1,3.277400000000002,13.37060157851734
O=C(CN1->[Ir]<-n2ccccc2C1)Nc1ccccc1C(=O)O,1.5081,13.744966325489713
CC(=O)NCc1cccc2c1OC1(N->[Ir]<-n3ccccc31)O2,1.2581,13.815555818020774
Clc1ccc(-n2c(-c3ccncc3)nn3->[Ir]<-n4ccccc4-c23)cc1,4.044700000000002,17.833443382451883
Cc1cccc(N2->[Ir]<-NC(C)(c3ccccc3)C=2)c1,3.5714200000000016,11.65661145857182
Cc1ccc2p(->[Ir]<-P2(c2ccccc2)c2ccccc2)c1,4.333320000000003,7.479901724736034
Brc1cccc(N2->[Ir]<-n3ccccc3C2c2ccccc2)c1,5.045600000000004,13.245813329526548
Brc1ccnc(CN2CCN->[Ir]<-n3ccccc3C2)c1,2.2,10.192197836607884
CCN(C)CCN1->[Ir]<-N2CCCC2C1,0.279700000000001,12.280552703525778
OC1(c2ccccc2)N->[Ir]<-NC23N=CC=CC21C=CC=N3,0.6705000000000001,7.004972502527147
