log P,Ligand coordination bulkiness (Å$^3$)
1.7084,6.710018840257114
-0.2794299999999999,8.808950402442093
-0.2794300000000001,8.933738651432886
0.345,3.927133235854204
-0.99303,10.308164493427395
-0.2284,11.022093518350779
1.3036,5.890699853781306
0.8412999999999999,15.49677703219425
-1.1186600000000002,11.282246711599447
1.3737,4.051921484844995
0.48607,9.183315149414469
1.3577999999999997,4.176709733835787
0.8417399999999999,7.854266471708408
0.7793000000000001,6.26506460075368
1.9522,3.927133235854204
-0.98531,5.4263473268395055
0.9937,4.051921484844995
1.6166999999999998,12.317108275642948
-2.2848,4.051921484844995
0.11807,12.396519360345287
2.39747,12.441896524633739
1.3457,17.845285092360815
1.3172,9.568256591653928
1.6565999999999996,13.121025080535757
1.4606,12.996236831544966
1.0390899999999998,9.0139162847427
0.3756899999999999,12.146942862363707
0.6018,14.666881350451357
2.50657,12.441896524633739
-1.046,5.925500322802671
-1.056,7.084383587229488
1.4476099999999998,10.693105935666855
0.0098,8.138643438711355
0.92164,7.854266471708408
1.06574,11.407034960590238
-0.1845999999999996,3.8023449868634125
2.3672000000000004,3.6775567378726213
-0.1316000000000001,11.317047180620811
2.3207000000000004,12.32894998555188
0.3694,4.051921484844995
0.9821,6.26506460075368
0.5334000000000001,15.621565281185042
1.4778,13.896759704930762
0.30777,13.121025080535757
1.2236,3.6775567378726213
0.0365399999999999,7.854266471708408
-1.1664,7.389913944766607
0.4104,9.568256591653928
1.5398999999999994,12.73613809256896
1.348,14.450073758241816
1.4762000000000002,14.547706080334978
1.3367699999999998,13.121025080535757
0.5371000000000001,12.86087188728709
0.5506,7.59411327845974
1.23184,9.693044840644719
0.2459999999999998,10.942682433648438
-2.5845,4.42628623181737
1.3979,13.896759704930762
0.8975,14.835015200481276
0.0744000000000001,7.6647027709908
1.334799999999999,11.067470682639229
0.7974699999999999,14.620239171521058
0.2424999999999999,5.00660541557868
1.1694,6.140276351762889
-0.9211000000000004,10.942682433648438
1.9398,11.407034960590238
1.4422700000000002,12.441896524633739
-1.1767000000000003,9.0139162847427
-1.4200999999999993,3.6775567378726213
-1.5283000000000002,4.051921484844995
1.20252,13.121025080535757
0.3742000000000002,14.86981566950264
1.9342,15.181197766955846
-0.9347,13.235236634259461
0.12488,12.351908744664312
0.9461000000000002,5.890699853781306
1.25419,10.61495986560636
3.492400000000001,7.854266471708408
0.4649,5.380970162551054
1.6255700000000002,7.854266471708408
0.7054,15.565112955595133
1.20252,13.121025080535757
1.20252,13.121025080535757
2.7628700000000004,12.441896524633739
1.8088,7.854266471708408
0.17484,10.192197836607884
0.6647700000000001,10.852694653679011
1.3028,11.65661145857182
1.1937,11.65661145857182
0.6384000000000001,3.6775567378726213
0.19757,12.280552703525778
-1.3135000000000003,4.176709733835787
1.2820699999999996,13.121025080535757
2.05249,12.441896524633739
1.6135,4.176709733835787
2.7628700000000004,12.441896524633739
-0.0578,14.530251391551632
2.9067000000000003,3.417403544623953
0.00294,7.854266471708408
0.1558599999999999,9.977421807647666
1.1578,8.478207716662364
0.9966,9.183315149414469
0.4558000000000002,14.645451499763668
1.11677,13.49538982750813
0.4767699999999999,10.637152076111319
2.572420000000001,3.927133235854204
1.31174,7.854266471708408
2.466,6.26506460075368
-2.2276,7.604689973726825
1.5848,12.996236831544966
0.5604000000000001,12.860871887287088
1.36378,8.10384296968999
0.1537,7.604689973726825
1.9252,6.26506460075368
1.8325,11.407034960590238
-0.2839999999999999,6.140276351762889
1.31174,9.693044840644719
1.8498000000000003,3.417403544623953
-0.6042000000000003,15.440324706604342
1.8928,15.334168196444441
0.7777000000000001,13.744966325489713
0.5688,8.727784214643947
-0.0602999999999999,11.53182320958103
0.6881999999999999,6.015488102772097
0.9870199999999998,10.513130375728002
1.2270999999999996,11.566623678602394
0.3999000000000001,7.889066940729773
0.9687,11.53182320958103
-1.76561,5.336359546870079
1.4693699999999998,14.959803449472068
1.26647,6.015488102772097
1.08822,14.325285509251026
2.2051,21.647630079224225
1.09404,9.228692313702918
1.08822,14.325285509251026
-0.8320999999999998,8.478207716662364
2.2757000000000005,5.765911604790515
-0.8794000000000002,9.43289164739605
0.8289,6.26506460075368
-0.1478000000000001,10.566562583580259
0.5566,4.301497982826578
0.2565999999999999,14.835015200481276
1.1303,15.334168196444441
0.8666999999999998,17.958231631442672
0.3528,11.282246711599447
1.55219,11.317047180620811
-1.5963999999999992,3.6775567378726213
-1.2231999999999987,7.718901527450531
1.5595,6.140276351762889
-1.5359999999999994,14.28067489357005
0.7055,6.26506460075368
0.7336999999999998,8.602995965653156
-0.0024000000000003,13.03103730056633
1.13907,10.772517020369195
1.40457,10.772517020369195
1.4093,3.8023449868634125
1.8215,3.6775567378726213
1.4716999999999991,18.29779590939368
0.2229999999999998,14.959803449472068
0.8509,4.301497982826578
-1.3806999999999996,8.478207716662364
0.914,11.53182320958103
1.065,17.226638478225706
-0.3395400000000002,10.102210056638457
-1.3116,4.42628623181737
1.5306,10.817894184657646
1.2574,4.176709733835787
0.1061,6.3898528497444715
-0.4737199999999999,10.26355387774642
1.1955999999999998,6.140276351762889
-0.7303999999999999,13.940344067011567
1.94667,12.441896524633739
-2.351499999999999,10.942682433648438
-1.3116,4.42628623181737
1.5595,6.140276351762889
-0.1053,13.555402624772107
1.228,15.458956445435232
1.5595,6.140276351762889
1.5219999999999998,4.176709733835787
-0.3735,4.42628623181737
1.1936,13.37060157851734
-0.2004300000000002,10.262787329138943
0.7055,9.568256591653928
1.59994,11.53182320958103
-1.8065,4.42628623181737
0.1392999999999998,10.817894184657646
0.8485,16.708594038438953
-0.4051000000000002,9.727845309666083
0.7055,6.3898528497444715
-0.1703000000000001,9.103904064712127
0.4012000000000001,7.344536780478157
1.02408,17.048158316389962
0.5846,11.19225893163002
-0.3294000000000001,6.514641098735263
1.94667,12.441896524633739
-0.1684,4.42628623181737
0.3445,16.16406387818734
1.25738,6.140276351762889
1.3599,17.755297312391388
-1.2189000000000003,4.176709733835787
0.3383999999999998,6.639429347726054
1.0308,11.032670213617864
1.6750999999999998,18.29779590939368
-0.0558,4.176709733835787
0.7441000000000001,14.86981566950264
-0.3950999999999999,10.067409587617092
-1.593300000000001,4.42628623181737
1.016,16.41364037616892
0.3193999999999999,7.344536780478157
1.27339,14.450073758241818
-0.7362000000000002,3.6775567378726213
0.74644,9.568256591653928
0.9336,17.958231631442672
0.91162,10.647728771378404
-0.5271999999999997,6.015488102772097
-2.3381,5.7553349095234285
-0.6303,11.19225893163002
0.5981400000000001,9.228692313702918
1.1476,9.35348056269371
1.9822999999999995,11.53182320958103
1.42697,13.37060157851734
1.19807,11.317047180620811
-2.088199999999999,5.925500322802671
0.7848999999999999,15.404757688975502
-1.0593599999999992,7.854266471708408
1.8698,4.176709733835787
0.3801000000000001,3.8023449868634125
-0.3568800000000001,11.19225893163002
0.6183000000000001,15.824499600236328
2.1270000000000007,4.176709733835787
0.6371,7.094960282496573
0.1549000000000001,10.351786554620041
0.6182,18.29779590939368
1.5306699999999998,12.441896524633739
1.17162,14.16772835448819
2.10352,14.530251391551632
1.87407,9.35348056269371
1.70497,7.729478222717616
0.7235999999999998,14.28067489357005
-0.3599100000000004,17.279103075540654
2.3612600000000006,7.9790547206991995
-0.1702000000000003,15.282001003234033
0.5303999999999998,3.5421917936147445
3.5665000000000013,7.604689973726825
0.7863699999999999,14.2352977292816
-0.9255000000000002,11.717390804443271
-0.3508,10.441774334589466
0.6830999999999999,16.583805789448164
0.9239000000000002,10.942682433648438
-0.2617000000000001,4.176709733835787
0.2384999999999998,11.65661145857182
-1.2965000000000009,6.3898528497444715
2.208600000000001,5.890699853781306
3.5665000000000013,7.604689973726825
1.0651700000000002,12.90624905157554
-1.1009300000000002,11.067470682639229
-2.4841,6.299865069775045
1.42697,13.37060157851734
0.7655399999999999,13.646156953349006
-0.0714000000000002,7.9790547206991995
1.4992,16.244241511497155
1.5112,15.019816246736042
2.393590000000001,15.666942445473492
0.42297,13.155825549557122
0.3319699999999999,7.9684780254321135
1.3797,8.639551537770327
0.6392,17.958231631442672
1.8698,4.176709733835787
0.8693999999999997,4.176709733835787
0.5243999999999999,12.022154613372916
1.6776999999999993,18.29779590939368
0.91254,7.9790547206991995
0.867,3.8023449868634125
0.9326,10.262787329138945
0.0437999999999997,4.42628623181737
0.788,6.015488102772097
-0.4202300000000001,9.693044840644719
1.1934,3.6775567378726213
1.4373,10.942682433648438
-1.2663999999999989,8.727784214643947
0.5254,6.26506460075368
0.2450899999999998,17.618667353491663
3.668600000000001,18.63736018734469
0.9834,17.048158316389962
1.1107,11.032670213617864
-0.4955000000000003,11.19225893163002
1.43872,15.334168196444441
1.68879,12.030976205544194
1.6967199999999998,10.772517020369195
2.3153000000000006,6.140276351762889
-0.8754000000000004,15.60972357127611
1.36277,9.942621338626301
0.3965000000000001,9.682468145377632
1.8839,12.736083638296298
-0.0409999999999999,8.478207716662364
-0.0493999999999999,14.118154022414542
0.6109,11.19225893163002
3.4947,4.176709733835787
1.0228199999999998,10.137999080148154
3.0991000000000017,6.015488102772097
1.5458,9.058526900423677
0.0537,10.817894184657646
1.4631899999999998,12.363750454573244
1.7177,8.478207716662364
1.69534,10.817894184657646
0.8506,8.353419467671573
1.889,11.60142414762376
0.3250699999999999,6.140276351762889
-0.7783000000000009,10.26355387774642
1.9464399999999995,17.11874780892102
2.906100000000002,18.63736018734469
0.8302999999999999,19.16249206015794
0.0269999999999998,11.53182320958103
-0.7235000000000003,10.72790640468822
2.880840000000002,3.927133235854204
1.34939,11.441835429611602
2.906100000000001,18.63736018734469
2.797000000000001,18.63736018734469
1.43872,15.334168196444441
3.450400000000001,18.63736018734469
0.5923,5.890699853781306
-0.2706000000000002,11.65661145857182
-2.251199999999999,11.476635898632967
-1.2084999999999986,12.40534095251657
0.77299,15.31553645761355
1.7393,17.048158316389962
0.1247999999999999,8.353419467671573
2.7970000000000006,18.63736018734469
1.2583,14.325285509251026
1.41028,18.63736018734469
-0.3894000000000002,17.02952657755907
1.43872,15.334168196444441
2.3741000000000003,14.835015200481276
3.668600000000001,18.63736018734469
1.7602999999999998,10.817894184657646
-0.46321,14.02052170032138
2.3137000000000008,6.140276351762889
-0.0232999999999999,8.478207716662364
1.5699,11.65661145857182
0.2486999999999999,11.282246711599447
2.7970000000000006,18.63736018734469
0.8770999999999999,18.207808129424254
-1.2279000000000002,11.932166833403489
0.2053000000000002,11.407034960590238
4.020400000000001,7.729478222717616
1.1576,16.244241511497155
2.0664,8.10384296968999
0.7950999999999999,11.65661145857182
1.0908,11.282246711599447
-0.3055000000000007,12.691473022615321
1.00759,14.28067489357005
2.883440000000001,24.65789997110376
0.90447,7.854266471708408
0.3981000000000002,13.360024883250254
1.94644,17.11874780892102
0.6931,10.522940522387612
-0.6908000000000001,5.380970162551055
1.0539,18.29779590939368
1.39618,17.048158316389966
0.0736999999999999,11.53182320958103
2.4218,18.63736018734469
-0.5879000000000001,6.140276351762889
1.2806,21.772418328215018
1.62056,12.05695508239428
2.0228,11.407034960590238
0.4483999999999999,9.682468145377634
2.315300000000001,6.140276351762889
4.910400000000001,7.3551134757452425
3.3985000000000003,6.916010976157894
1.8006999999999995,14.97623188465524
1.33366,7.9790547206991995
1.0237,12.155764454534985
1.50527,13.49538982750813
1.17512,17.958231631442672
0.6949700000000001,9.35348056269371
-0.2953,4.176709733835787
2.2827,18.63736018734469
1.7259699999999998,8.10384296968999
3.6686000000000014,18.63736018734469
0.8954,6.3898528497444715
-0.1854000000000002,3.5875689579031946
0.4720999999999998,10.72790640468822
2.5135200000000006,19.808851710287914
0.1860999999999997,12.736083638296298
-0.5993000000000006,12.39651936034529
0.6126799999999999,16.28885212717813
1.7385,15.654334186957085
0.3701000000000002,6.3898528497444715
-0.0585000000000001,6.514641098735263
0.5382,15.833321192407608
1.5757199999999998,8.138643438711355
0.1038,7.718901527450531
-0.0717000000000002,5.925500322802671
1.41418,17.048158316389962
1.8491999999999995,18.63736018734469
1.0941999999999998,5.890699853781306
-0.04931,14.28067489357005
1.4868,14.959803449472068
2.4385700000000003,15.860326322857864
-1.7180999999999995,5.630546660532637
2.9644000000000013,6.015488102772097
0.5382,15.493756914456599
1.8491999999999995,18.63736018734469
1.6589,11.407034960590238
3.2943000000000016,3.927133235854204
2.035,17.958231631442672
2.9644000000000013,6.015488102772097
-0.2509099999999997,3.8371454558847775
2.01528,18.63736018734469
1.3994,13.49538982750813
1.1208,11.407034960590238
1.58822,16.288852127178128
2.4198400000000007,7.9790547206991995
-0.1356,6.140276351762889
-0.6636000000000002,9.103904064712127
1.34842,14.28067489357005
1.51209,10.817894184657646
1.3503999999999998,11.317047180620811
1.8672,8.353419467671573
-0.04931,15.77988898455535
-1.0442999999999991,7.6394904427481904
0.1879999999999998,16.11945326250636
3.6599,6.015488102772097
0.6548999999999999,8.602995965653156
-0.7656100000000008,15.440324706604342
1.1025999999999998,14.959803449472068
1.53642,13.620178076498922
0.6059000000000001,13.155825549557122
-0.1733000000000001,10.603118155697429
1.51227,10.897305269359986
1.34842,14.28067489357005
0.5683400000000001,7.854266471708408
0.2085,16.13330140292339
2.1033,3.802344986863413
-0.2873,10.513130375728002
1.7018399999999998,9.942621338626301
-1.553899999999999,3.6775567378726213
0.0400999999999996,11.65661145857182
-0.2892999999999996,13.280613798547913
1.0905999999999991,7.299926164797181
0.8886000000000001,12.781460802584748
0.7834,14.620239171521058
0.2770999999999998,8.933738651432884
2.16238,8.353419467671573
2.01528,18.63736018734469
0.1603000000000001,6.140276351762889
0.3923999999999998,18.332596378415047
0.3060200000000002,11.65661145857182
0.4928,17.172946565380755
1.6101,6.140276351762889
2.138820000000001,11.53182320958103
0.8047799999999999,12.53012920150736
-1.493499999999999,8.602995965653156
1.1014,12.155764454534985
1.84594,7.854266471708408
-0.3243,5.675923824821088
0.8636799999999998,18.083019880433465
-1.5049000000000003,4.42628623181737
2.611700000000001,18.63736018734469
0.7816,10.72790640468822
1.29517,16.50565971938767
3.202400000000001,6.140276351762889
2.04904,8.933738651432886
1.56977,11.282246711599447
-0.1275299999999996,12.030976205544194
0.2977999999999999,11.19225893163002
3.1035000000000004,6.015488102772097
1.49297,10.647728771378404
1.0735700000000004,8.10384296968999
0.1602999999999996,6.140276351762889
1.0179999999999998,12.816261271606113
1.83527,11.157458462608655
-0.5213600000000003,7.854266471708408
1.3352899999999996,10.478329906706637
2.04904,8.933738651432886
1.8491999999999995,18.63736018734469
1.64232,13.620178076498922
1.2951700000000002,16.38087147039688
1.8401,11.282246711599447
1.6830999999999998,16.549005320426797
1.37407,11.157458462608655
0.5887199999999999,6.015488102772097
1.15932,4.301497982826578
2.3529,6.015488102772097
1.9799,6.710018840257114
-0.1032,8.727784214643947
1.4868,14.959803449472068
1.2184,3.712357206893986
0.4018900000000001,13.190626018578486
1.66798,5.890699853781306
0.9143,4.301497982826578
1.1063999999999998,11.89561126128632
1.86739,17.49387910450087
1.90994,8.933738651432886
-1.0165000000000004,4.176709733835787
2.502600000000001,18.63736018734469
1.6181,13.49538982750813
0.9401,6.015488102772097
1.3045,11.282246711599447
1.84702,18.29779590939368
1.1911,13.620178076498922
0.72054,17.833443382451883
0.6060999999999999,6.015488102772097
2.5574000000000003,18.29779590939368
0.5593000000000001,9.103904064712127
0.4140000000000001,7.219748531487366
1.84702,18.29779590939368
-0.2530999999999996,11.521246514313944
2.930400000000001,8.353419467671573
1.7731,3.6775567378726213
0.2557999999999996,13.620178076498922
-0.0029,5.630546660532637
0.0405999999999998,19.797010000378982
1.362,13.620178076498922
1.7075999999999998,14.835015200481276
0.7202999999999999,13.620178076498922
0.4168999999999999,3.6775567378726213
0.7202999999999999,15.334168196444441
1.0895,17.048158316389962
2.670000000000001,6.015488102772097
-0.3784000000000005,6.140276351762889
2.45517,6.015488102772097
0.5593000000000001,9.103904064712127
1.7075999999999998,14.959803449472068
1.3270699999999995,14.620239171521058
1.0974699999999995,6.710785388864589
2.5574000000000003,18.29779590939368
0.4140000000000001,6.140276351762889
0.2165999999999992,4.42628623181737
1.5548,18.63736018734469
2.867470000000001,12.441896524633739
1.8470199999999992,18.29779590939368
-0.6942000000000004,17.78806621816343
1.4779000000000002,7.729478222717616
-0.5207999999999997,9.932044643359216
0.1772000000000001,7.594113278459739
-0.0757000000000002,4.301497982826578
3.0854000000000017,8.879577594084996
2.5946700000000007,13.245813329526548
-0.1390000000000004,12.90624905157554
0.6060999999999999,6.015488102772097
1.3554,11.441835429611602
3.131900000000001,4.051921484844995
1.0251,3.7123572068939863
1.45602,15.458956445435232
1.99084,9.568256591653928
2.5334000000000003,13.37060157851734
2.3792,11.407034960590238
2.2842,6.140276351762889
-0.0368,11.396458265323151
2.562900000000001,11.067470682639229
1.3164999999999998,7.718901527450531
1.7258,11.407034960590238
0.602,11.53182320958103
1.4624,18.63736018734469
0.6491699999999999,11.317047180620811
-1.862519999999999,10.26355387774642
0.4140000000000001,6.015488102772097
1.7940199999999995,3.6223694269245597
0.6386999999999998,12.40534095251657
0.97617,12.280552703525778
0.9212,18.29779590939368
-0.0115800000000001,4.176709733835787
1.7258,18.63736018734469
0.4168999999999999,3.802344986863413
-0.1630200000000002,10.26355387774642
1.5660999999999998,13.620178076498922
0.8274,14.200497260260233
0.1823000000000001,9.727845309666083
1.8869599999999995,18.63736018734469
-0.8762999999999992,8.602995965653156
2.2202,13.121025080535757
-0.8824000000000001,4.176709733835787
1.16682,18.127630496114442
1.4495399999999998,3.542191793614744
1.7106,6.3898528497444715
2.1231000000000004,6.26506460075368
2.4883,11.407034960590238
2.2391700000000005,6.140276351762889
1.23967,6.140276351762889
0.6788899999999998,7.17513791580639
0.97699,12.941049520596904
-0.3009999999999999,11.770823012295528
-0.0847,11.89561126128632
-0.0672300000000001,12.90624905157554
3.0326000000000013,11.407034960590238
-0.4117,13.121025080535757
1.46868,20.261362527320784
0.6032999999999997,8.639551537770327
2.4910000000000005,8.478207716662364
0.4140000000000001,7.219748531487366
3.8796000000000026,8.979115815721336
0.5883700000000001,15.084591698462859
0.2150000000000002,4.42628623181737
1.94029,10.817894184657646
2.1147,18.29779590939368
-0.2869300000000001,7.3445367804781565
0.6839699999999999,10.807317489390561
1.07667,12.39651936034529
1.4823799999999998,7.265125695775816
1.46784,4.176709733835787
2.361,14.835015200481276
0.0709000000000001,8.10384296968999
2.2774,18.63736018734469
2.867470000000001,12.441896524633739
1.9669,13.37060157851734
0.5808,12.779705699488943
0.8778699999999999,6.140276351762889
-1.2978000000000005,4.176709733835787
-0.7891099999999993,13.31541426756928
2.9951000000000016,5.890699853781306
1.45602,13.744966325489713
1.00649,17.49387910450087
2.493620000000001,16.244241511497155
0.3408000000000001,14.292516603478983
0.1663699999999999,12.611295389305507
2.1941,7.9790547206991995
1.14214,15.334168196444441
1.5444,10.817894184657646
2.8643000000000023,12.578526483533462
1.0708,14.325285509251026
2.7461,7.442169102571318
1.8377,8.353419467671573
1.3664999999999998,17.833443382451883
0.80047,12.90624905157554
1.8214,3.6775567378726213
2.01204,8.10384296968999
0.9050700000000004,6.140276351762889
0.2543999999999998,11.53182320958103
1.4363,15.458956445435232
1.34087,11.19225893163002
0.2876099999999996,12.012344466713303
0.5971999999999998,15.824499600236328
1.44514,9.693044840644719
1.4678399999999998,4.176709733835787
0.0393,12.280552703525778
1.0251,3.7123572068939863
1.2754,11.407034960590238
2.1,5.641123355799723
-0.7539000000000002,6.3898528497444715
2.867470000000001,12.441896524633739
0.604,4.675862729798952
2.5574000000000003,18.63736018734469
0.5095,7.854266471708408
1.64096,13.03103730056633
1.4457,3.802344986863413
2.45202,18.63736018734469
-0.8051199999999998,8.424775508810109
1.3572,13.620178076498922
0.8622000000000001,12.56668477362453
0.6547999999999999,14.325285509251026
2.2767,11.781399707562612
1.9715,18.17300766040289
2.0066,14.190687113600623
-2.426899999999999,4.551074480808161
2.1643,5.890699853781306
1.2936,14.450073758241816
0.6388000000000003,11.157458462608655
2.159,19.67222175138819
2.18827,8.228631218680782
0.2649000000000003,9.103904064712127
0.8242199999999998,17.958231631442672
1.68674,5.380970162551054
1.3423999999999998,10.067409587617092
3.815800000000001,18.63736018734469
0.2203999999999999,7.9790547206991995
1.9313,6.26506460075368
1.36,18.083019880433465
2.2309,12.860871887287088
3.280800000000002,8.228631218680782
0.2112,11.407034960590238
1.7175999999999998,10.067409587617092
1.99767,15.084591698462859
1.4132,14.835015200481276
1.08488,13.620178076498922
1.8418,18.63736018734469
0.4446999999999999,15.493756914456599
5.003300000000001,7.3551134757452425
2.2132000000000005,3.802344986863413
1.26389,16.11945326250636
1.9169,6.514641098735263
0.2222999999999997,13.155825549557122
1.5443,3.6775567378726213
0.8399000000000001,14.450073758241816
0.9454399999999998,17.833443382451883
2.30521,10.817894184657646
1.42982,12.736083638296298
-0.1062,15.583744694426024
1.5365699999999998,14.110509480290808
3.4388200000000024,8.228631218680782
0.55351,17.618667353491663
2.765290000000001,12.56668477362453
3.095800000000001,3.802344986863413
0.6734999999999999,17.048158316389962
0.6829999999999998,5.675923824821088
3.1054200000000023,18.63736018734469
0.1534999999999997,8.808950402442093
1.5661999999999998,14.28067489357005
2.6510700000000007,14.959803449472068
4.062900000000002,7.9790547206991995
1.1277,12.56668477362453
0.4903999999999998,6.140276351762889
0.8334999999999999,9.129154092066578
1.4138,12.030976205544194
1.4677,12.56668477362453
3.1054200000000014,18.63736018734469
0.89278,11.977543997691939
1.5537,9.557679896386842
3.0812000000000017,18.63736018734469
0.3297999999999999,8.602995965653156
3.1553000000000013,18.63736018734469
-2.2086999999999986,8.478207716662364
1.3011,12.53012920150736
0.9327000000000004,11.407034960590238
1.81192,16.288852127178128
0.2289999999999999,12.486507140314716
1.8418,18.63736018734469
1.6742999999999997,18.29779590939368
2.2312000000000003,11.476635898632967
-2.080899999999999,6.0502885717934625
2.588100000000001,11.282246711599447
3.4388200000000024,8.10384296968999
1.92874,10.897305269359986
1.0247,13.37060157851734
3.1624000000000017,18.63736018734469
3.3015000000000008,18.63736018734469
1.2229,14.835015200481276
0.3344000000000001,13.744966325489713
3.1054200000000014,18.63736018734469
-1.165999999999998,8.85257246363474
1.2791399999999995,17.618667353491663
3.1624000000000017,18.63736018734469
0.0317999999999998,6.514641098735263
2.268500000000001,11.067470682639229
1.2955,12.611295389305507
2.399020000000001,3.7471576759153513
0.6547999999999999,14.325285509251026
1.12567,11.146881767341569
2.45202,18.63736018734469
0.6848,3.8023449868634125
0.8768,8.10384296968999
2.1235,9.103904064712127
-0.7704999999999984,8.228631218680782
0.0468999999999999,5.256181913560264
0.6738999999999999,4.675862729798952
2.8299000000000003,18.63736018734469
2.1508000000000003,5.890699853781306
1.1693999999999998,10.522940522387612
1.28389,9.0139162847427
1.0964,18.796948905356846
3.1054200000000014,18.63736018734469
0.1213,17.172946565380755
1.9038,13.49538982750813
1.1925,17.048158316389962
-0.5006999999999995,11.136305072074485
1.8418,18.63736018734469
0.2145999999999996,10.942682433648438
3.350500000000002,18.63736018734469
1.0543999999999998,12.781460802584748
0.5608999999999998,3.802344986863413
0.5523000000000002,9.228692313702918
1.3165,8.353419467671573
-0.3885,10.056832892350007
1.9032,14.325285509251026
1.7175999999999998,10.067409587617092
1.4313999999999998,18.63736018734469
0.6242000000000001,16.583805789448164
0.7865999999999997,11.396458265323151
-0.3924999999999995,9.682468145377634
3.7951000000000015,8.228631218680782
1.5156,10.72790640468822
1.08328,15.458956445435232
1.58532,7.219748531487366
1.1069,18.29779590939368
3.321690000000002,15.452166416513274
1.56672,16.288852127178128
1.19022,14.959803449472068
3.4110700000000014,12.441896524633739
2.8469000000000007,3.8023449868634125
2.21,5.765911604790515
0.0618999999999998,17.048158316389962
1.5853199999999998,7.219748531487366
1.2837000000000005,4.176709733835787
0.2997000000000001,10.942682433648438
0.2477999999999999,6.3898528497444715
-0.4009,9.43289164739605
-0.3777000000000003,4.42628623181737
0.1730999999999999,4.176709733835787
0.2630999999999999,18.29779590939368
0.4525999999999998,10.817894184657646
2.35344,17.878053998132856
1.42982,12.736083638296298
2.071,8.10384296968999
2.382200000000001,8.979115815721336
2.541220000000001,15.047399430234561
2.639100000000001,11.53182320958103
0.2648999999999999,9.103904064712127
2.4542,16.549005320426797
2.11607,9.4782688116845
3.1624000000000017,18.63736018734469
4.0317000000000025,7.854266471708408
0.981,4.051921484844995
0.4080999999999997,9.904888716461585
3.0607000000000006,18.868304946495382
1.0936,10.262787329138945
1.89277,14.74502742051185
0.8183,10.942682433648438
1.27914,17.618667353491663
1.4902,14.574862007232607
1.4835399999999996,17.958231631442672
1.4636,14.94922675420498
0.0445699999999997,7.9790547206991995
0.1453999999999998,13.620178076498922
0.9636399999999998,10.852694653679011
-1.0476999999999996,4.42628623181737
1.4132,16.039275629196545
2.9199,11.807378584412698
1.715,13.940344067011566
3.053700000000001,7.9790547206991995
0.7602,13.620178076498922
2.0169,11.976777449084462
2.2667,13.121025080535757
1.965,18.422584158384474
0.3587,14.28067489357005
1.6511,14.959803449472068
1.6692999999999998,9.228692313702918
1.4452,12.40534095251657
1.4717,3.6775567378726213
0.6063,8.602995965653156
1.5504399999999998,17.958231631442672
2.8150000000000013,5.765911604790515
2.127,8.10384296968999
2.8150000000000013,5.765911604790515
-0.8905999999999985,12.90624905157554
0.6671999999999999,10.013210831157362
0.823,16.16406387818734
0.3316000000000002,8.478207716662364
0.3299999999999999,17.958231631442672
1.64529,11.19225893163002
1.4755,12.736083638296298
0.3315999999999998,6.3898528497444715
0.5769699999999998,13.869754574480504
1.3206999999999998,11.067470682639229
2.5381,18.63736018734469
0.9481,17.08295878541133
1.965,20.011786029339202
0.6477999999999995,14.994603918493432
1.03822,8.353419467671573
1.6358999999999997,18.63736018734469
1.55044,18.17300766040289
1.53137,6.015488102772097
-0.8905999999999992,11.53182320958103
1.8465,5.551135575830297
2.18194,7.854266471708408
0.4830999999999998,18.762148436335483
2.24344,7.854266471708408
0.5147000000000002,7.3445367804781565
2.1061999999999994,18.63736018734469
1.98996,17.538489720181847
1.25378,17.833443382451883
0.1365999999999999,11.407034960590238
3.6075000000000017,5.765911604790515
0.5824000000000001,9.103904064712127
-0.2951999999999999,11.53182320958103
1.82884,9.693044840644719
1.1199,8.353419467671573
0.1710999999999994,12.816261271606113
3.4156000000000013,18.219649839333186
6.0294000000000025,11.407034960590238
2.6205700000000007,5.765911604790515
0.8508999999999998,17.958231631442672
3.9310000000000014,3.927133235854204
1.1929,19.136513183307855
0.7253999999999998,8.602995965653156
2.15762,18.63736018734469
-1.328,4.42628623181737
0.6672,11.851989200093673
1.08167,13.37060157851734
1.9859,7.9790547206991995
0.4830999999999998,18.762148436335483
0.64307,11.14688176734157
1.5961,11.781399707562612
0.92457,12.280552703525778
1.5582,15.746353530175833
1.773,18.63736018734469
2.15762,19.716832367069166
1.9517,18.63736018734469
2.52632,19.252479840127364
0.4691999999999996,5.925500322802671
1.965,18.547372407375263
0.8762000000000002,11.53182320958103
1.8557,16.244241511497155
0.9973,11.65661145857182
2.2937000000000003,17.048158316389962
3.3545000000000025,5.890699853781306
1.4840999999999998,6.015488102772097
2.00477,9.058526900423677
0.5198999999999998,12.441896524633739
-0.5547,12.146942862363707
2.7263,16.67379356941759
1.9517,18.63736018734469
2.08854,18.29779590939368
2.1061999999999994,18.63736018734469
1.88414,17.958231631442672
0.6847999999999999,8.228631218680782
0.0069999999999998,10.048777848786202
1.0126,15.493756914456599
1.2898,14.835015200481276
0.9525,3.8023449868634125
3.034080000000001,18.63736018734469
0.3213999999999999,8.602995965653156
-0.6279999999999992,4.551074480808161
0.3323999999999998,17.833443382451883
2.08854,18.29779590939368
1.5504399999999994,17.958231631442672
0.6597,12.114173956591662
1.3079999999999998,20.0117860293392
0.8466199999999999,15.493756914456599
-0.0883999999999999,10.72790640468822
2.32104,7.9790547206991995
2.759070000000001,10.852694653679011
0.2536899999999997,17.618667353491663
1.7031999999999998,16.288852127178128
0.9970999999999997,20.011786029339202
1.8961,17.958231631442672
3.278300000000001,20.0117860293392
3.309200000000001,6.514641098735263
0.1734700000000001,14.620239171521058
2.8150000000000013,5.765911604790515
1.54156,14.065898864609832
1.5504399999999998,17.833443382451883
-0.6211,14.28067489357005
-0.5106000000000004,9.780100467470794
0.8509,17.833443382451883
-0.6566000000000001,11.65661145857182
1.3131999999999997,20.011786029339202
4.859300000000002,6.015488102772097
1.64529,11.19225893163002
5.044700000000002,6.015488102772097
1.4717,8.10384296968999
0.9788199999999998,11.19225893163002
2.3237,18.63736018734469
2.9541000000000013,5.765911604790515
2.8630000000000013,7.854266471708408
2.786600000000001,18.63736018734469
2.079999999999999,17.833443382451883
2.512100000000001,16.549005320426797
1.308,18.63736018734469
0.1849,13.11044838526867
3.272820000000001,7.854266471708408
0.5677999999999999,12.56668477362453
2.824800000000001,8.353419467671573
3.276400000000001,6.26506460075368
-0.0126000000000003,9.138704533733492
0.0417,9.35348056269371
1.1995999999999996,19.672221751388193
0.4622999999999998,11.317047180620811
1.4840999999999998,6.015488102772097
2.5074,18.422584158384474
0.4571999999999998,12.904493948479734
0.8682,4.176709733835787
1.09528,9.693044840644719
-0.9807000000000003,5.380970162551054
1.6086999999999998,12.441896524633739
1.4059,18.29779590939368
2.6968000000000005,19.718863930318488
3.415600000000002,20.058428208269497
0.2487,6.140276351762889
1.2866,13.49538982750813
-1.2343999999999986,10.566562583580259
3.0069000000000017,6.3898528497444715
1.5826,4.301497982826578
0.2315999999999999,5.890699853781306
1.31957,8.10384296968999
0.9720999999999996,6.3898528497444715
0.242,11.521246514313944
0.5700000000000001,14.6996502562234
0.7078,3.9619337048755687
1.339,21.262688636984766
0.7709999999999997,6.514641098735263
0.6046999999999996,7.9684780254321135
1.6359,18.63736018734469
-0.7573999999999994,10.441774334589466
2.348,11.282246711599447
1.3031,11.092683010881839
-0.9021999999999988,6.639429347726054
2.1104,18.422584158384474
0.6914999999999998,6.3898528497444715
2.8150000000000013,5.765911604790515
2.3397,6.015488102772097
2.3994,18.886936685326273
-0.6821199999999998,15.31553645761355
1.9688,3.8023449868634125
-0.2396000000000004,14.994603918493432
1.7711,17.958231631442672
1.50517,10.76194032510211
0.6939,12.736083638296298
2.15762,18.63736018734469
0.7253999999999998,8.602995965653156
0.3758999999999997,17.048158316389962
3.387400000000002,20.011786029339202
0.9724699999999998,6.26506460075368
0.5312999999999999,5.086783048888496
2.1522,18.63736018734469
1.62999,14.28067489357005
-1.166279999999999,4.176709733835787
2.9541000000000013,5.765911604790515
-0.8053000000000006,13.155825549557122
1.1294,9.432891647396051
0.7036199999999999,17.198925442230838
-0.6738000000000002,11.317047180620811
0.6039,16.733806366681566
0.0367999999999996,6.3898528497444715
1.26437,17.29773481437155
1.6510999999999998,14.835015200481276
0.9639000000000002,9.058526900423677
0.7733000000000001,8.353419467671573
0.8479999999999996,17.154314826549864
2.6782000000000004,9.103904064712127
2.0724,13.37060157851734
2.4357,18.17300766040289
-0.1346000000000001,4.176709733835787
1.06574,19.33265747343718
0.85199,15.100760428653333
1.2093200000000002,18.762148436335483
1.6573999999999998,18.29779590939368
1.7520999999999998,13.49538982750813
1.246,13.226415042088183
2.0092,14.368907570443671
2.4267700000000003,11.067470682639229
0.9445,3.9619337048755687
1.0533,14.994603918493432
1.4626,4.176709733835787
0.6120000000000001,10.048777848786202
1.5939,10.647783225651066
0.6816,10.566562583580259
0.3490000000000002,11.441835429611602
3.9627000000000017,18.29779590939368
1.50758,18.63736018734469
1.33397,8.228631218680782
1.1287,3.7123572068939863
1.7902999999999998,7.219748531487366
3.1416000000000004,4.176709733835787
0.8289900000000001,20.628937245371198
0.90892,8.013855189720564
2.9750700000000005,12.441896524633739
1.4559,18.29779590939368
-0.1288999999999999,11.53182320958103
3.424720000000001,5.765911604790515
2.881100000000001,8.353419467671573
1.82174,3.6775567378726213
1.9486,14.495450922530267
2.19117,12.90624905157554
3.005700000000001,17.198925442230838
0.3441999999999994,13.620178076498922
-0.05293,6.26506460075368
1.8948,14.959803449472068
2.7605000000000004,16.244241511497155
3.072000000000001,18.17300766040289
2.9750700000000005,12.441896524633739
2.203370000000001,16.16406387818734
0.9768999999999995,8.478207716662364
3.548900000000001,16.67379356941759
1.4796,17.048158316389962
3.2310000000000016,12.030976205544194
1.7517000000000005,11.53182320958103
1.9226,16.244241511497155
2.812420000000002,11.282246711599447
1.8094,11.407034960590238
2.03422,11.407034960590238
1.9634,19.67222175138819
0.1156899999999997,13.521368704358217
2.3462,18.63736018734469
2.5104999999999995,4.051921484844995
0.4294000000000001,8.602995965653156
2.2580400000000003,7.854266471708408
2.1353,16.244241511497155
0.6065999999999998,17.958231631442672
1.3633999999999995,18.083019880433465
0.6759999999999995,19.672221751388193
4.360500000000003,12.996236831544966
1.60957,11.407034960590238
1.972,3.6775567378726213
1.87934,9.18336960368713
2.895500000000001,16.673793569417587
1.3396,14.959803449472068
1.54522,18.29779590939368
2.0887,13.37060157851734
0.2999999999999998,10.69135083257105
1.84387,11.157458462608655
2.193599999999999,17.538489720181847
2.01602,14.835015200481276
0.62002,19.84162061605996
1.0288,15.958109441398399
-1.3770999999999982,8.478207716662364
2.68668,5.765911604790515
1.9485,11.407034960590238
1.45162,15.833321192407608
1.39947,7.9790547206991995
0.27974,8.013855189720564
1.1192999999999995,17.83344338245188
0.0874999999999999,15.323591501177356
2.6351000000000013,10.067409587617092
2.0934,10.72790640468822
1.7374,11.65661145857182
2.0418700000000003,11.53182320958103
2.950600000000001,10.852694653679011
0.6444999999999997,11.53182320958103
-0.07033,13.744966325489713
1.45038,15.746353530175833
2.1524,14.325285509251026
2.05387,9.058526900423677
0.16974,7.854266471708408
2.3347000000000007,12.816261271606113
1.7912999999999997,12.816261271606113
-0.5211099999999997,9.0139162847427
2.01602,14.835015200481276
1.3883,6.639429347726054
2.4685700000000006,9.058581354696338
1.0272,15.958109441398399
2.4047,3.5875689579031946
1.22292,12.022154613372916
-0.4016,8.478207716662364
1.1783,17.538489720181847
1.913,4.301497982826578
1.97589,8.639551537770327
1.3003999999999998,4.301497982826578
-0.8408000000000004,8.228631218680782
1.8948,14.959803449472068
1.83627,15.119392167484223
0.0976800000000001,8.5495637578009
1.0139999999999998,11.591836006845003
-0.4630000000000002,4.176709733835787
1.47937,12.736083638296297
0.6903000000000001,18.422584158384474
2.520600000000001,5.765911604790515
1.3252,18.29779590939368
0.2982999999999993,13.620178076498922
2.984770000000001,13.245813329526548
1.6445999999999998,11.65661145857182
2.657000000000002,5.765911604790515
0.2882999999999989,12.691473022615321
1.25747,12.816261271606113
2.68668,5.765911604790515
1.3179,11.65661145857182
2.953000000000001,12.781460802584748
1.7042,15.708532943416817
2.233,13.49538982750813
3.224500000000001,8.505212847112624
1.4511999999999998,10.067409587617092
2.1239,11.407034960590238
2.03422,18.63736018734469
2.6462000000000003,7.729478222717616
1.6297700000000002,6.140276351762889
-1.0796999999999992,5.505758411541846
0.5073999999999995,4.675862729798952
1.96949,14.620239171521058
1.88754,7.854266471708408
0.6458999999999999,13.620178076498922
1.2045,11.781399707562612
2.1853,18.63736018734469
1.8086,17.172946565380755
1.0907699999999998,7.3445367804781565
0.06767,5.380970162551055
-0.870099999999999,14.493695819434462
3.5130000000000026,13.245813329526548
1.5313999999999997,12.90624905157554
0.3460000000000002,9.228692313702918
1.58382,11.53182320958103
2.0704,12.90624905157554
2.43332,18.63736018734469
1.2439000000000002,12.611295389305505
0.8844,7.265125695775816
0.9373999999999998,18.547372407375263
1.7214,18.762148436335483
0.4998999999999999,5.675923824821088
2.879500000000001,10.067409587617092
1.7023999999999997,9.81783308963551
0.4565000000000001,6.140276351762889
-0.0551300000000001,10.067409587617092
-0.3946999999999998,9.682468145377634
1.67814,9.568256591653928
0.1800999999999992,12.941049520596904
2.602900000000001,16.67379356941759
0.2653999999999997,11.067470682639229
2.3339,14.620239171521058
-0.2816000000000002,7.469325029468949
2.976420000000001,11.282246711599447
0.4907999999999995,4.176709733835787
0.4973999999999996,10.942682433648438
2.631100000000001,11.407034960590238
2.5011,17.958231631442672
2.4243700000000006,12.101565698075255
1.92167,7.854266471708408
0.3354999999999999,8.013855189720564
1.45572,12.271731111354498
1.5029699999999997,7.469325029468949
1.48567,6.140276351762889
0.7931000000000004,11.407034960590238
-0.0844000000000001,7.843689776441322
1.5247000000000002,11.53182320958103
3.978500000000003,13.245813329526548
2.3252999999999995,6.015488102772097
1.4857999999999998,6.140276351762889
-0.597429999999999,6.015488102772097
1.4002,12.781460802584748
-2.479699999999999,9.727845309666083
1.86322,18.63736018734469
1.1637,18.422584158384474
2.1262,13.37060157851734
2.4850700000000003,13.245813329526548
1.3965999999999998,10.942682433648438
1.2438999999999998,4.176709733835787
0.4374999999999998,6.514641098735263
0.7850999999999995,11.102271151660593
0.2833,8.424008960202634
3.347100000000001,13.37060157851734
1.0289,3.6775567378726213
2.3022600000000004,12.842240148456199
1.7242999999999993,17.833443382451883
3.150400000000001,8.10384296968999
1.9302,18.63736018734469
1.7745,17.958231631442672
1.9181,9.103904064712127
2.15022,18.63736018734469
3.486200000000001,13.37060157851734
0.5520000000000002,13.49538982750813
2.21732,18.886936685326276
0.5130999999999997,18.083019880433465
2.1297000000000006,11.53182320958103
0.0546000000000005,11.441835429611602
3.621200000000002,18.63736018734469
1.9226,11.407034960590238
1.494,14.200497260260235
0.7833,14.86981566950264
2.10042,11.53182320958103
1.7242999999999995,17.833443382451883
3.6212000000000018,18.63736018734469
0.8147999999999997,18.083019880433465
2.6754000000000007,12.90624905157554
-0.1047000000000006,10.72790640468822
2.8028000000000013,8.353419467671573
3.4520000000000017,17.538489720181847
2.760440000000001,18.63736018734469
0.449,14.28067489357005
2.8328000000000007,13.37060157851734
1.9287,17.958231631442672
0.7705000000000002,9.228692313702918
3.413840000000002,18.63736018734469
-1.1851299999999998,9.942621338626301
2.5544,5.765911604790515
0.3107899999999999,14.904616138524005
1.67419,13.245813329526548
3.181000000000001,16.244241511497155
3.453700000000002,8.602995965653156
-0.3167999999999994,6.26506460075368
1.6858999999999995,6.015488102772097
2.32832,19.67222175138819
2.0957,17.172946565380755
1.7046,14.450073758241816
1.2601,16.082897690389192
1.0636,17.048158316389962
1.7242999999999993,17.83344338245188
-0.3357,5.925500322802671
1.5399999999999998,18.63736018734469
3.1769000000000016,11.407034960590238
3.079500000000001,13.245813329526548
2.2855,10.817894184657646
1.1512399999999998,11.19225893163002
1.7606000000000002,18.762148436335483
2.3511000000000006,6.015488102772097
2.7157199999999992,17.493879104500873
2.507000000000001,14.835015200481276
2.760440000000001,18.63736018734469
2.623400000000001,20.476138556281
0.6106999999999998,8.478207716662364
-0.5711000000000004,6.015488102772097
-0.2502600000000003,11.282246711599447
2.06079,17.15431482654986
-1.0897999999999997,6.015488102772097
0.3544999999999998,15.654334186957085
1.4677,14.574862007232609
-0.8068999999999991,11.65661145857182
4.228370000000003,12.441896524633739
3.355840000000001,9.693044840644719
0.2257999999999996,7.843689776441322
1.8858,14.6996502562234
3.7212000000000014,11.407034960590238
1.76788,10.513130375728002
7.525200000000004,11.032670213617864
1.3247,11.407034960590238
3.999570000000002,16.67379356941759
1.7242999999999993,17.618667353491663
-2.2509999999999986,7.889066940729773
3.298300000000001,15.20937994745365
1.8542,11.407034960590238
2.097100000000001,4.176709733835787
1.9302,18.63736018734469
0.5041,15.198803252186567
1.3249,10.316986085598675
3.4434000000000022,18.63736018734469
0.6287000000000003,12.611295389305505
-0.5711000000000004,7.854266471708408
3.347100000000001,15.20937994745365
2.27908,5.890699853781306
3.4434000000000022,18.63736018734469
3.093900000000003,6.015488102772097
1.1652,12.441896524633739
3.1769000000000016,11.407034960590238
1.1636,14.6996502562234
0.0893999999999999,12.611295389305507
-0.2598,4.675862729798952
0.6637700000000003,7.514702193757399
2.8706000000000005,13.280613798547913
2.4668,19.672221751388193
-1.3624,4.551074480808161
1.54,18.63736018734469
-0.6087999999999993,10.566562583580259
2.4144000000000005,18.63736018734469
0.7244999999999999,13.620178076498922
3.181000000000001,16.244241511497155
3.1230000000000016,7.729478222717616
0.9913999999999998,14.28067489357005
1.0003999999999995,8.478207716662364
2.7456000000000014,3.6775567378726213
2.7124000000000006,13.245813329526548
0.6859,8.478207716662364
2.0027,16.33422929146658
0.73147,6.015488102772097
2.9377000000000004,17.538489720181847
1.39829,14.28067489357005
2.838800000000001,15.03242450525245
1.9286999999999992,17.958231631442672
0.7916999999999998,13.994542823471297
2.351720000000001,7.834868184270042
3.298300000000001,13.37060157851734
2.3972000000000007,5.765911604790515
-2.6033099999999987,9.4782688116845
1.9714199999999995,7.265125695775816
1.8027,14.94922675420498
-0.4529000000000002,8.353419467671573
1.921,17.833443382451883
-0.6796999999999997,10.316986085598675
3.298300000000001,13.37060157851734
2.08259,17.166156536458793
2.3972,5.765911604790515
1.223,10.897305269359986
0.9748700000000002,6.140276351762889
-0.2635000000000001,4.051921484844995
-0.950599999999999,15.458956445435232
0.7022999999999998,8.228631218680782
1.604,6.140276351762889
2.2071000000000005,20.011786029339202
2.2071,20.011786029339202
2.1061,11.906187956553403
4.067240000000002,18.63736018734469
2.2855,10.942682433648438
1.2439,4.176709733835787
1.9181,10.942682433648438
3.413840000000002,18.63736018734469
3.198220000000001,19.716832367069166
3.168520000000002,17.538489720181847
1.3592999999999995,17.958231631442672
3.6068000000000016,11.407034960590238
0.30879,11.227059400651385
2.685390000000001,16.45901754045737
2.0199,9.81783308963551
3.5953000000000026,13.37060157851734
0.6348000000000003,8.478207716662364
1.9302,18.63736018734469
-1.2121999999999993,6.0502885717934625
2.4144000000000005,11.407034960590238
-0.950599999999999,15.458956445435232
2.2510700000000003,5.765911604790515
-1.6482999999999972,10.102210056638457
1.5448,12.736083638296297
1.8356,10.433007196690848
0.3596700000000001,6.015488102772097
1.3618999999999997,19.67222175138819
1.7473,13.620178076498922
1.9505,15.833321192407608
0.6728000000000002,4.301497982826578
1.0636,18.762148436335483
1.6246,12.53012920150736
2.858200000000001,17.048158316389962
2.3972,5.765911604790515
2.15022,18.63736018734469
2.15022,18.63736018734469
1.9644,15.458956445435232
3.093900000000003,7.854266471708408
1.5392,11.146881767341569
2.2741,18.63736018734469
2.7491000000000003,17.048158316389962
-0.9513999999999992,7.799079160760346
1.1767,13.110448385268672
3.1311000000000018,10.183376244436603
1.7242999999999995,17.958231631442672
2.760440000000001,18.63736018734469
-0.5352599999999998,7.9790547206991995
1.2592,19.50205633810895
1.7427899999999998,17.279103075540654
-1.4664299999999992,7.854266471708408
3.174100000000001,18.63736018734469
0.1943999999999999,9.568256591653928
-1.0675,12.611295389305505
2.9389000000000003,10.817894184657646
3.076800000000002,17.538489720181847
0.5004,8.10384296968999
2.744970000000001,16.67379356941759
1.01904,18.706961125387423
1.809,5.890699853781306
1.9286999999999992,17.958231631442672
2.9719000000000007,13.37060157851734
1.9644,13.620178076498922
0.9646,15.493756914456599
1.1225999999999996,6.140276351762889
0.552,13.620178076498922
3.999570000000002,16.67379356941759
2.6667000000000005,16.583805789448164
3.0382000000000016,3.6775567378726213
0.3748999999999994,10.38834212673721
3.9547000000000025,7.729478222717616
3.455700000000002,15.084591698462859
0.0595699999999999,13.744966325489713
3.1930000000000023,15.019816246736042
1.1632999999999998,6.3898528497444715
2.4329,13.620178076498922
-2.907599999999998,6.140276351762889
1.8689,11.407034960590238
2.0957,17.048158316389962
1.5842000000000005,9.977421807647666
1.6564,15.833321192407608
1.61277,9.103904064712127
2.2624000000000004,17.833443382451883
2.2802,10.897305269359986
3.267970000000002,16.67379356941759
1.8242,11.407034960590238
2.1498,12.736083638296297
1.5099999999999998,21.522841830233432
2.07134,11.067470682639229
2.956100000000001,13.37060157851734
1.7316999999999998,6.140276351762889
1.1994000000000002,4.301497982826578
2.329299999999999,20.0117860293392
2.956100000000001,6.015488102772097
2.3293,17.833443382451883
2.2235000000000005,6.514641098735263
1.8319,9.942621338626301
2.633540000000001,7.854266471708408
1.8838,16.833382287429746
0.9187,11.65661145857182
2.8398000000000003,17.048158316389962
-0.2425999999999999,4.301497982826578
2.956100000000001,6.015488102772097
2.9487900000000007,14.065898864609832
4.449270000000002,14.155886644579258
2.93332,20.0117860293392
3.4632000000000014,17.048158316389962
1.9493,14.450073758241816
0.0686999999999999,9.103904064712127
1.7316999999999998,6.140276351762889
2.466040000000001,18.63736018734469
1.60002,10.817894184657646
4.007500000000001,17.048158316389962
0.6430999999999996,6.639429347726054
2.5337,18.29779590939368
4.383000000000002,7.854266471708408
1.61587,12.56668477362453
2.956100000000001,6.015488102772097
1.3098,13.03103730056633
2.5304,19.84162061605996
2.1767700000000003,14.959803449472068
-0.1509000000000002,19.966408865050752
0.0116199999999998,10.852694653679011
1.9214,8.10384296968999
0.5954999999999999,8.602995965653156
1.24238,13.744966325489713
-0.7148999999999985,8.478207716662364
2.979900000000001,7.265125695775816
1.7458999999999998,12.816261271606113
3.4632000000000014,17.048158316389962
2.2341999999999995,18.422584158384474
-0.2394999999999991,4.42628623181737
3.1234200000000003,5.765911604790515
3.123420000000001,5.765911604790515
2.9827000000000004,17.833443382451883
0.707,4.42628623181737
2.03046,17.958231631442672
4.054570000000002,16.67379356941759
3.0022,5.765911604790515
3.1234200000000003,5.890699853781306
0.0123999999999997,15.119392167484223
1.9956,18.63736018734469
-0.0516000000000002,4.42628623181737
2.49007,12.90624905157554
-2.452799999999998,5.755334909523429
2.3243,6.140276351762889
3.3232000000000017,18.762148436335483
2.9838000000000013,18.422584158384474
2.2734200000000007,18.422584158384474
2.5892,7.9790547206991995
3.3541000000000016,17.048158316389962
2.60212,17.048158316389962
1.8553,10.316986085598675
1.55046,17.15431482654986
2.0663000000000005,5.890699853781306
1.9175,18.762148436335483
1.0498999999999998,4.301497982826578
3.5439000000000007,10.817894184657646
2.3418,18.63736018734469
2.274,11.407034960590238
2.3293,19.672221751388193
1.8012999999999997,17.172946565380755
1.0496199999999996,10.478329906706637
2.233199999999999,16.244241511497155
2.12,9.568256591653928
2.5337,17.958231631442672
3.091800000000002,17.833443382451883
3.0022,5.890699853781306
2.3394000000000004,9.693044840644719
1.2778,4.42628623181737
1.8742,6.015488102772097
2.0723000000000003,12.90624905157554
3.0296000000000003,10.817894184657646
3.0066000000000006,13.280613798547913
1.95371,11.067470682639229
2.8392200000000014,5.890699853781306
4.248900000000001,10.138053534420816
0.62722,5.765911604790515
1.1487,15.334168196444441
1.882,10.058587995445812
1.3605999999999998,6.514641098735263
2.8747000000000016,7.854266471708408
1.6045999999999998,18.29779590939368
4.529100000000002,20.35135030729021
1.8013,17.048158316389962
1.2337000000000002,11.407034960590238
2.2421,14.620239171521058
2.902200000000001,16.67379356941759
2.11567,10.378791685070299
2.2428,11.407034960590238
3.403600000000002,18.63736018734469
0.7200999999999997,8.10384296968999
2.4660400000000005,18.63736018734469
2.3293,17.833443382451883
3.875700000000003,20.476138556281
1.6709,6.26506460075368
3.0527000000000006,6.26506460075368
1.806,8.478207716662364
1.1503,13.620178076498922
2.742970000000001,7.854266471708408
0.4902999999999995,11.53182320958103
1.8742,6.015488102772097
4.007500000000002,17.048158316389962
0.4991999999999999,8.84375087146346
3.2718000000000016,14.959803449472068
2.3293,17.833443382451883
3.312400000000002,11.407034960590238
2.6484700000000005,15.20937994745365
2.9838000000000013,18.422584158384474
3.4632000000000023,17.048158316389962
2.29,18.63736018734469
1.537,17.048158316389962
0.6372,6.26506460075368
2.8398000000000003,17.048158316389962
0.1252000000000001,6.3898528497444715
0.2976999999999999,6.140276351762889
1.1091999999999995,13.155825549557122
2.5951000000000004,18.29779590939368
-0.1060999999999998,11.53182320958103
-1.9990000000000008,4.051921484844995
1.81,6.140276351762889
1.6681699999999997,14.40546314256084
1.3131900000000003,5.551135575830297
1.61587,12.56668477362453
1.6874,18.63736018734469
2.982700000000001,17.833443382451883
1.9956,20.35135030729021
1.3340999999999998,18.63736018734469
1.0155999999999998,14.574862007232609
0.62729,8.88912803575191
1.85377,8.228631218680782
1.2816,8.602995965653156
3.9349700000000016,14.155886644579258
1.2352,6.3898528497444715
0.4374699999999995,6.140276351762889
-0.3440299999999999,12.860871887287088
1.0498999999999998,4.301497982826578
3.787700000000002,8.10384296968999
0.2736,4.176709733835787
-0.1280000000000005,13.620178076498922
1.1571000000000002,6.514641098735263
2.5337,18.29779590939368
0.5426999999999997,9.727845309666083
2.56538,13.37060157851734
0.931,14.450073758241816
1.1618000000000002,13.49538982750813
1.6046,18.29779590939368
-0.4135999999999988,10.316986085598675
1.7229000000000003,6.3898528497444715
0.3049,4.42628623181737
3.7212000000000014,18.29779590939368
5.087200000000003,6.015488102772097
1.3295,8.228631218680782
0.3774999999999995,10.977482902669802
0.5938999999999997,10.316986085598675
1.354,7.219748531487366
1.0682,11.407034960590238
3.3541000000000016,17.048158316389962
3.4632000000000023,17.048158316389962
3.091800000000001,17.833443382451883
0.9264,17.618667353491666
3.7958700000000016,12.781460802584748
3.0063000000000013,14.959803449472068
1.5411,13.37060157851734
3.403600000000002,18.63736018734469
1.7353999999999998,12.941049520596904
3.0875700000000013,14.959803449472068
-0.3606000000000001,8.10384296968999
1.06737,11.53182320958103
-0.2397999999999995,11.441835429611602
2.1231,5.890699853781306
2.9827000000000004,19.672221751388193
3.585500000000001,11.282246711599447
1.7212999999999998,8.228631218680782
1.6303999999999998,13.280613798547913
1.09304,7.854266471708408
0.7388700000000001,13.869754574480504
1.6302,6.959595338238697
3.119440000000001,18.63736018734469
3.5869000000000018,11.407034960590238
2.3907000000000007,17.958231631442672
3.0296000000000003,10.942682433648438
2.4684,17.833443382451883
2.3814,6.3898528497444715
0.6408699999999996,7.469325029468949
1.91262,10.942682433648438
-0.5892999999999993,12.779705699488943
0.4002999999999997,15.334168196444441
2.11892,17.878053998132856
2.3724,14.835015200481276
1.3886999999999996,4.301497982826578
1.1180999999999996,18.422584158384474
-0.8905999999999987,12.53012920150736
-0.2928000000000001,4.301497982826578
3.256200000000001,16.76138955018008
1.8569,8.602995965653156
0.4043999999999996,7.514702193757399
3.091800000000002,17.833443382451883
3.2962000000000016,17.958231631442672
2.457700000000001,11.282246711599447
3.6597000000000017,14.959803449472068
1.7076399999999998,6.26506460075368
2.839800000000001,17.172946565380755
3.8723000000000014,9.183315149414469
4.783700000000002,17.83344338245188
3.2783900000000017,16.369029760487948
2.71023,12.441896524633739
1.1583,11.906187956553403
1.4066,14.620239171521058
1.8012999999999997,17.048158316389962
3.1594000000000007,5.765911604790515
3.099600000000001,10.772517020369195
3.2600000000000025,6.015488102772097
2.2175,18.63736018734469
0.1252000000000001,6.3898528497444715
2.502600000000001,8.228631218680782
1.9162,17.833443382451883
2.4684,17.833443382451883
1.01337,9.693044840644719
1.6342999999999994,17.958231631442672
1.1513000000000002,11.781399707562612
2.3111700000000006,11.19225893163002
0.96707,12.030976205544194
0.5789999999999998,17.958231631442672
-0.6140999999999996,11.53182320958103
1.4066,14.620239171521058
0.5950999999999997,11.407034960590238
1.0778,6.140276351762889
0.9848,6.015488102772097
1.91773,17.49387910450087
1.0142,14.743272317416045
2.3688,9.228692313702918
2.16422,10.817894184657646
0.709,20.35135030729021
4.007500000000003,17.048158316389962
1.9955999999999992,17.833443382451883
0.7217,8.228631218680782
3.1762000000000024,12.155764454534985
1.9911,10.817894184657646
0.6577,21.80518723398706
1.842,10.26355387774642
1.1071999999999995,7.6394904427481904
3.925200000000003,14.959803449472068
2.176300000000001,4.176709733835787
-0.2600000000000003,3.542191793614744
1.9956,20.011786029339202
1.0557,10.013210831157362
0.41079,13.868837229425655
-1.7891999999999977,20.0117860293392
3.271200000000002,8.228631218680782
1.56759,10.977482902669802
3.611600000000003,13.620178076498922
2.0444,18.63736018734469
3.792100000000002,18.29779590939368
2.9343000000000004,18.29779590939368
2.909320000000002,13.245813329526548
1.8272,13.620178076498922
2.17164,18.63736018734469
2.4063,17.048158316389962
2.027300000000001,7.729478222717616
1.4582,8.933738651432886
0.5577999999999996,6.015488102772097
2.2759,6.140276351762889
1.9140000000000008,11.407034960590238
2.6750000000000007,13.37060157851734
0.7342999999999997,15.583744694426024
0.6927999999999999,17.958231631442672
1.7551599999999998,7.854266471708408
1.7663999999999995,13.620178076498922
3.0425000000000004,19.67222175138819
1.9234,15.583744694426024
0.6437999999999997,14.368907570443671
0.707,4.551074480808161
2.17732,6.3898528497444715
1.1282,18.63736018734469
2.2759,13.37060157851734
0.3330000000000001,6.26506460075368
3.6823200000000025,13.245813329526548
0.1293999999999998,4.675862729798952
3.6968000000000014,18.17300766040289
2.0348999999999995,17.833443382451883
2.6019000000000005,13.37060157851734
2.607570000000001,7.219802985760028
0.4336999999999998,6.3898528497444715
2.2096,18.63736018734469
2.5454,17.048158316389962
2.673400000000001,15.583744694426024
0.7342999999999997,13.620178076498922
0.7980699999999996,9.968600215476386
2.7583,6.26506460075368
3.0252000000000017,8.10384296968999
0.99342,11.157458462608655
3.3579000000000017,16.79858181840838
0.6927999999999999,17.958231631442672
2.376500000000002,7.729478222717616
-0.0407999999999995,6.015488102772097
1.8057,4.301497982826578
0.9515999999999996,13.620178076498922
1.5698,16.11945326250636
2.6423200000000007,14.620239171521058
-0.6357899999999994,17.403891324531447
2.4976000000000003,16.41364037616892
2.2759,13.37060157851734
2.4098999999999995,17.958231631442672
2.61079,13.985721231300017
1.9947,19.84162061605996
1.9528,8.594174373481877
2.2096,18.63736018734469
1.2001,13.03103730056633
2.8234200000000005,18.63736018734469
1.0621,14.24411932145288
3.5877000000000026,18.17300766040289
1.977,8.602995965653156
1.16007,9.942621338626301
3.6968000000000014,18.29779590939368
1.6646000000000003,11.53182320958103
3.073400000000001,18.29779590939368
2.8132200000000003,18.29779590939368
3.6823200000000016,13.245813329526548
2.6006,18.63736018734469
3.138700000000001,20.011786029339202
2.5307000000000004,9.942621338626301
2.742300000000001,14.574862007232607
2.5289,13.620178076498922
2.2923,11.906187956553403
0.99342,11.157458462608655
3.0851000000000006,8.10384296968999
3.6823200000000025,13.245813329526548
2.9183000000000003,6.015488102772097
0.6031999999999997,11.407034960590238
1.6611,16.583805789448164
1.3764999999999998,8.10384296968999
2.6080000000000005,16.583805789448164
1.917,14.620239171521058
3.5874000000000024,18.63736018734469
2.1983,13.155825549557122
1.4189,13.994542823471297
2.4463,19.797010000378982
0.1562399999999996,8.263431687702147
2.39712,13.37060157851734
2.6750000000000007,13.37060157851734
2.0348999999999995,17.833443382451883
2.4138,15.583744694426024
3.203920000000002,16.673793569417587
1.7381,11.65661145857182
3.5874000000000024,18.63736018734469
3.6617000000000033,6.140276351762889
-0.8762999999999987,11.396458265323153
0.8028200000000001,11.65661145857182
1.8924,11.407034960590238
0.2368400000000001,6.3898528497444715
2.2096,18.63736018734469
2.2759,13.37060157851734
1.9947,18.127630496114442
4.265000000000003,13.620178076498922
3.277800000000001,18.29779590939368
1.4352199999999995,18.63736018734469
1.4652,15.458956445435232
2.4547000000000008,10.067409587617092
1.7551599999999998,7.854266471708408
2.5117900000000004,15.084591698462859
0.1445899999999998,16.61860625846953
1.63,19.50205633810895
2.8805000000000014,6.140276351762889
1.2045,10.942682433648438
3.901200000000002,18.29779590939368
-0.29088,14.574862007232609
1.883,18.12763049611444
0.6483,10.72790640468822
3.497300000000002,18.63736018734469
2.0444,18.63736018734469
1.7125,10.72790640468822
0.1192699999999998,13.37060157851734
1.9770000000000003,10.441774334589466
0.4412999999999997,7.854266471708408
-0.1751000000000001,18.422584158384474
-1.0934999999999997,4.42628623181737
1.7854,13.620178076498922
-2.4371999999999985,9.932044643359218
1.0094,6.015488102772097
2.4063,17.048158316389962
0.8657999999999999,6.3898528497444715
1.1229999999999998,7.265125695775816
-0.4651299999999998,6.015488102772097
0.93017,18.127630496114442
1.7863999999999998,18.207808129424258
3.3600200000000022,16.79858181840838
2.8462200000000006,18.762148436335483
2.1474,6.140276351762889
1.1282,18.63736018734469
1.69959,19.33265747343718
3.2696000000000023,8.228631218680782
2.814470000000001,12.101565698075255
1.1282,18.63736018734469
-0.3153999999999997,13.03103730056633
2.0321,14.620239171521058
1.9588,11.53182320958103
3.879500000000002,7.854266471708408
2.1987,17.297734814371548
1.1234,6.514641098735263
2.2682200000000003,18.127630496114442
2.5704,12.90624905157554
2.22142,4.176709733835787
-0.9413000000000002,14.564285311965524
1.9231,18.00284224712365
2.0975,12.860871887287088
3.1387,18.29779590939368
0.6032000000000002,13.03103730056633
1.3584999999999998,14.959803449472068
0.9463999999999996,6.26506460075368
0.1194700000000001,16.95817053642054
2.6006,17.833443382451883
0.6939000000000002,9.682468145377632
-0.6048999999999995,13.03103730056633
0.5005999999999999,14.493695819434462
2.147,11.022093518350779
0.8511000000000004,4.42628623181737
-0.8549299999999993,6.140276351762889
1.5644599999999995,17.958231631442672
0.9052,13.49538982750813
4.125600000000002,20.35135030729021
1.6002999999999998,13.155825549557122
2.7060000000000013,19.207102675838915
2.575400000000001,18.63736018734469
2.2846,11.146936221614233
2.6006,18.63736018734469
2.3808000000000007,17.538489720181847
3.6415000000000015,13.121025080535757
3.082040000000002,11.65661145857182
3.3527000000000022,14.620239171521058
-0.3102999999999999,14.110509480290808
2.5754,13.37060157851734
1.15612,13.620178076498922
3.277800000000002,18.29779590939368
3.138700000000001,18.29779590939368
2.6019000000000005,15.20937994745365
-0.2081999999999992,4.051921484844995
3.0561000000000016,4.051921484844995
-0.2695000000000001,10.067409587617092
2.17164,18.63736018734469
2.1302000000000003,3.5421917936147445
2.4317,8.10384296968999
2.4063,17.048158316389962
3.416400000000001,11.407034960590238
2.71582,6.015488102772097
1.7088999999999996,16.11945326250636
1.3363999999999998,18.63736018734469
-1.082319999999999,10.26355387774642
1.7663999999999995,13.620178076498922
1.88802,13.49538982750813
2.3957,11.407034960590238
1.5698,16.11945326250636
1.8876,16.28885212717813
2.4747000000000003,19.50205633810895
2.6006,18.173007660402888
2.817400000000001,13.49538982750813
2.8266000000000018,18.29779590939368
2.5289,17.297734814371545
2.4358000000000004,16.583805789448164
-0.6049000000000004,12.86087188728709
0.0821000000000002,15.947532746131314
1.6541,14.86981566950264
1.0346000000000002,11.53182320958103
0.8178999999999998,8.602995965653156
2.6006,18.17300766040289
2.12747,11.407034960590238
2.415,6.140276351762889
2.851700000000001,13.155825549557122
2.4638600000000004,18.29779590939368
2.1941,13.37060157851734
2.498900000000001,16.583805789448164
2.2908,18.08301988043346
2.2278,4.42628623181737
0.3672999999999992,10.852694653679011
2.6006,18.17300766040289
2.6588700000000003,14.74502742051185
1.84582,16.07407609821791
2.6663200000000007,20.557581204232665
0.0902999999999996,6.015488102772097
1.5478,15.949287849227117
2.5848000000000004,12.611295389305505
1.67187,9.81783308963551
0.7361,12.155764454534985
2.3808000000000007,17.538489720181847
0.2837000000000002,3.6775567378726213
3.8290200000000016,5.890699853781306
1.0688999999999993,10.637918624718793
4.867300000000003,18.63736018734469
0.6900999999999999,10.441774334589466
4.445500000000003,18.29779590939368
2.7665000000000006,16.209441042475788
1.89717,9.35348056269371
2.600600000000001,18.17300766040289
2.4638600000000004,18.63736018734469
0.5475999999999999,10.69135083257105
0.5348200000000001,9.183315149414469
2.7908000000000017,18.29779590939368
3.277800000000002,18.29779590939368
1.85447,6.140276351762889
0.76389,14.620239171521058
3.792100000000002,18.29779590939368
1.88887,9.81783308963551
-0.8390799999999987,4.675862729798952
-0.3778999999999997,13.245813329526548
0.2554999999999999,4.176709733835787
0.9415999999999998,5.505758411541846
1.0053,18.92173715434764
3.171400000000001,18.762148436335483
2.1972,12.030976205544194
2.828100000000002,5.765911604790515
2.4518699999999995,12.271731111354496
1.75516,7.729478222717616
1.4509,12.656672553593957
2.9255700000000013,10.772517020369195
1.93202,13.985721231300017
1.5783,10.308164493427395
1.2958999999999998,8.353419467671573
0.8657999999999999,6.3898528497444715
0.1805,11.691411927593185
0.0780999999999996,9.942621338626301
2.5920000000000005,3.6775567378726213
-0.1818999999999999,17.661522866076847
2.4063,17.048158316389962
1.3765,6.26506460075368
3.2680000000000025,8.228631218680782
0.2837000000000002,3.6775567378726213
2.2231999999999994,17.958231631442672
2.26657,9.693044840644719
1.7784,6.639429347726054
2.9343000000000004,17.958231631442672
-0.3274000000000006,4.176709733835787
3.507690000000001,13.245813329526548
1.7719700000000005,6.140276351762889
2.653900000000001,18.17300766040289
2.8770000000000016,3.8023449868634125
2.3808000000000007,17.538489720181847
-0.2746999999999999,6.514641098735263
2.4463,19.67222175138819
3.5877000000000026,19.672221751388193
1.3785999999999998,6.140276351762889
3.630300000000002,16.334229291466578
3.275280000000002,18.63736018734469
1.3785999999999998,6.015488102772097
1.12441,17.618667353491663
-0.2973,4.301497982826578
2.2094,14.110509480290807
2.034899999999999,17.833443382451883
3.712500000000001,13.065837769587695
2.22942,6.140276351762889
1.1282,11.407034960590238
1.5522,18.422584158384474
1.7834,18.083019880433465
3.0248,13.620178076498922
-1.069699999999998,9.727845309666083
3.267000000000002,18.63736018734469
2.3919000000000006,13.37060157851734
3.141220000000001,13.37060157851734
2.3919000000000006,15.20937994745365
2.3205,16.082897690389192
2.6089,17.172946565380755
3.712500000000002,13.37060157851734
2.9693000000000014,17.67209956134392
2.844040000000001,18.63736018734469
2.607420000000001,20.600926805271794
1.3902699999999997,6.880184253536357
2.3919000000000006,13.37060157851734
3.432500000000001,13.37060157851734
1.7433999999999998,18.422584158384474
3.723600000000002,11.407034960590238
1.7833999999999994,18.083019880433465
1.9115,19.332657473437184
1.4983,5.380970162551054
1.4695,4.551074480808161
3.267000000000001,18.63736018734469
3.213000000000002,12.56668477362453
2.2384000000000004,15.583744694426024
1.20636,8.88912803575191
1.1039,9.4782688116845
-1.3857099999999996,10.603118155697429
1.2074999999999998,17.493879104500873
1.6359999999999997,10.432952742418188
0.8776700000000002,7.469325029468948
1.7833999999999994,18.083019880433465
4.113840000000003,17.958231631442672
2.8360200000000004,16.244241511497155
2.4596,14.24411932145288
0.4778999999999997,7.219748531487366
2.11297,12.155764454534985
3.245400000000002,4.051921484844995
1.472,13.744966325489713
2.1828,4.551074480808161
2.0797,12.280552703525778
2.6069000000000013,9.693044840644719
2.1158999999999994,18.29779590939368
2.7227000000000023,20.35135030729021
2.0766,3.6775567378726213
-0.4662999999999999,8.379398344521658
-0.1590600000000003,7.9790547206991995
3.2056000000000013,18.29779590939368
2.2375,17.833443382451883
3.498000000000002,18.207808129424258
1.61642,12.030976205544194
3.024800000000001,13.620178076498922
1.2453999999999996,4.051921484844995
2.8718000000000004,10.817894184657646
2.2563000000000004,16.244241511497155
1.60829,17.83344338245188
3.270170000000001,12.441896524633739
3.267000000000001,18.63736018734469
1.8584,11.53182320958103
2.237119999999999,17.958231631442672
2.552200000000001,17.048158316389962
3.064700000000002,6.140276351762889
2.6955,6.015488102772097
2.0972,14.574916461505271
4.454200000000004,7.604689973726825
2.1168,6.3898528497444715
1.8062,16.082897690389192
-1.0567999999999982,11.691411927593185
-2.464299999999997,8.353419467671573
2.5105000000000004,15.458956445435232
2.728700000000001,13.342419398019535
2.0707,18.29779590939368
1.783399999999999,17.83344338245188
2.934700000000001,3.6775567378726213
2.0066999999999995,18.547372407375263
3.107020000000001,17.538489720181847
3.024800000000001,13.744966325489713
2.450500000000001,10.852694653679011
3.107020000000001,17.538489720181847
1.7500999999999998,13.620178076498922
3.543070000000002,16.798581818408383
2.6069000000000013,11.53182320958103
2.867870000000001,9.183315149414469
3.5886000000000013,13.37060157851734
3.133900000000001,13.620178076498922
2.6955,6.015488102772097
2.3139000000000003,17.958231631442672
4.5115000000000025,18.63736018734469
0.1574000000000001,7.59411327845974
3.254700000000001,13.245813329526548
3.002120000000001,13.37060157851734
2.3904000000000005,13.620178076498922
2.6079000000000003,9.35348056269371
3.6739200000000025,16.369029760487948
0.1460999999999999,13.03103730056633
2.835090000000001,7.729478222717616
2.3203000000000005,18.63736018734469
3.002120000000001,13.37060157851734
2.4973,18.63736018734469
2.6069000000000004,11.53182320958103
2.73097,13.245813329526548
1.7833999999999994,17.833443382451883
0.8594999999999997,18.083019880433465
3.956100000000003,8.228631218680782
0.8760699999999999,9.43289164739605
2.4428,13.49538982750813
2.140199999999999,17.833443382451883
1.7913,13.155825549557122
3.631300000000001,13.37060157851734
2.5466000000000006,18.886936685326273
1.2573,21.635788369315293
2.7227000000000023,20.35135030729021
2.804500000000001,13.121025080535757
2.7638000000000016,3.6775567378726213
1.8584,11.53182320958103
2.134000000000001,4.551074480808161
2.844040000000001,18.762148436335483
3.2056000000000013,18.63736018734469
2.1118999999999994,17.048158316389962
3.002120000000001,13.37060157851734
0.9032,17.833443382451883
1.2076999999999998,13.620178076498922
1.9960999999999995,17.833443382451883
1.2177,17.493879104500873
1.4714999999999998,14.28067489357005
2.3444000000000003,14.86981566950264
2.917400000000001,16.583805789448164
0.9257,10.817894184657646
0.4960000000000002,4.551074480808161
3.2056000000000013,18.63736018734469
0.8986000000000001,13.37060157851734
1.84571,15.020582795343518
2.3138999999999994,17.958231631442672
2.4858,18.886936685326273
0.9421,13.49538982750813
2.820120000000001,10.772517020369195
-0.0038000000000006,14.994603918493432
1.2061,13.620178076498922
1.59217,16.923370067399173
2.8020000000000005,6.015488102772097
0.8275999999999997,6.26506460075368
-1.329299999999998,13.03103730056633
1.7834,18.207808129424254
3.2056000000000013,18.29779590939368
1.6056,15.20937994745365
5.274000000000003,18.63736018734469
2.24384,11.317047180620811
2.23862,18.63736018734469
3.6739200000000025,16.244241511497155
3.908100000000003,13.245813329526548
2.5105000000000004,13.744966325489713
-0.6279999999999992,13.620178076498922
1.6761,11.282246711599447
2.4628000000000005,11.53182320958103
2.6089,17.048158316389962
1.1875,11.067470682639229
2.8721400000000017,8.10384296968999
3.267400000000001,16.16406387818734
2.8282,17.958231631442672
1.7171999999999998,14.495450922530267
1.5882,13.620178076498922
2.5997000000000003,19.84162061605996
2.0308,18.63736018734469
2.4772,19.67222175138819
1.829699999999999,17.83344338245188
1.472,13.620178076498922
2.820120000000002,10.647728771378404
3.133900000000001,13.744966325489713
1.5609999999999995,12.736083638296298
1.8448,17.833443382451883
2.5699999999999994,13.37060157851734
3.655520000000002,15.20937994745365
2.925720000000001,20.13657427832999
4.5115000000000025,23.361620199169742
0.2620700000000009,7.6394904427481904
2.7887000000000013,13.744966325489713
3.5329000000000024,13.245813329526548
-1.329299999999998,11.407034960590238
2.9111200000000004,18.422584158384474
1.7320399999999998,9.55767989638684
4.159100000000003,13.37060157851734
2.1179,18.762148436335483
1.8087,12.816261271606113
1.4521,17.048158316389962
2.8081200000000006,3.6669800426055352
3.24732,10.817894184657646
2.691370000000001,7.854266471708408
2.47228,18.63736018734469
2.6493200000000003,18.00284224712365
3.2056000000000013,18.29779590939368
2.1364,18.422584158384474
-0.1304000000000007,17.67209956134392
1.8062,14.24411932145288
2.5257400000000008,18.886936685326276
-0.4662999999999999,6.015488102772097
1.854,12.860871887287088
2.9373000000000005,17.958231631442672
2.4051,17.048158316389962
2.5418000000000003,8.353419467671573
0.6458999999999998,18.422584158384474
5.201900000000003,6.015488102772097
2.1129,6.3898528497444715
1.9368,9.81783308963551
2.0932,6.26506460075368
2.8282,17.958231631442672
-0.3394999999999989,6.639429347726054
3.3447000000000022,18.63736018734469
1.9039,12.816261271606113
3.6688000000000014,16.67379356941759
1.3411999999999995,3.8023449868634125
2.6399,17.958231631442672
2.102,10.72790640468822
4.896500000000002,8.38042459812183
2.4308999999999994,7.9790547206991995
1.717,14.450073758241816
1.0981,13.280613798547913
3.2056000000000022,18.63736018734469
3.299970000000002,8.10384296968999
1.9815,6.3898528497444715
1.8764,15.334168196444441
1.3980799999999995,17.958231631442672
1.6950200000000002,10.38834212673721
0.2615999999999999,4.42628623181737
-0.0664,4.551074480808161
3.1088000000000013,13.49538982750813
0.4178999999999996,9.693044840644719
3.0688600000000017,18.63736018734469
4.305570000000001,16.67379356941759
1.2754,16.11945326250636
0.0982400000000002,11.282246711599447
1.2018700000000002,6.015488102772097
1.7833999999999994,17.83344338245188
2.3083,13.49538982750813
2.994940000000001,3.6775567378726213
3.4840000000000035,6.015488102772097
2.0506,16.029465482536935
1.6529999999999998,12.98566013627788
1.97122,10.137999080148154
-2.4687999999999977,10.316986085598675
1.7331999999999996,17.833443382451883
3.560500000000001,18.993093195486175
1.7919999999999998,11.157458462608655
3.682170000000001,16.79858181840838
1.86659,13.726334586658822
2.24,7.604689973726825
3.191300000000002,8.10384296968999
3.663700000000003,18.63736018734469
3.599400000000001,22.819121602167453
1.5255999999999998,15.368968665465808
4.824220000000001,17.958231631442672
-1.6041999999999974,10.441774334589466
3.9265000000000025,17.958231631442672
-0.0846099999999997,10.977482902669802
1.3411,3.802344986863413
2.4823000000000004,14.620239171521058
0.6293,6.514641098735263
2.72282,11.53182320958103
-0.7256300000000004,12.736083638296297
0.9404999999999996,13.49538982750813
1.4801699999999998,9.693044840644719
2.1948,18.63736018734469
2.9111200000000013,16.583805789448164
2.2375,17.833443382451883
2.862820000000001,5.765911604790515
1.9621,18.29779590939368
0.3630199999999998,11.566623678602394
0.7996,13.620178076498922
1.7433999999999998,18.422584158384474
3.3447000000000022,20.011786029339202
2.0321,18.63736018734469
0.9032,18.083019880433465
2.34377,7.9790547206991995
2.3294,4.176709733835787
2.691370000000001,7.854266471708408
4.816500000000001,18.63736018734469
1.1757999999999995,10.852694653679011
2.416,5.890699853781306
2.66082,11.65661145857182
0.4326799999999998,10.138765628755628
1.02177,6.015488102772097
2.0234,6.800773168834016
1.8148,13.190626018578486
1.1866,13.49538982750813
-2.468799999999998,10.316986085598675
1.5238999999999994,9.0139162847427
2.9373000000000005,17.958231631442672
3.2489700000000017,16.67379356941759
2.2524,17.958231631442672
2.4041200000000007,17.048158316389962
1.5511,12.56668477362453
2.0895,15.583744694426024
2.5459,18.083019880433465
2.4596,14.24411932145288
1.09757,15.699711351245536
2.6399,18.17300766040289
2.40412,17.048158316389962
3.376220000000001,11.407034960590238
1.2105,6.015488102772097
1.7116,11.53182320958103
1.1393,13.03103730056633
1.7938999999999998,17.048158316389962
-0.3846999999999994,14.315475362591414
2.21872,12.39651936034529
1.1377999999999997,4.176709733835787
3.543070000000002,16.798581818408383
1.7975,9.568256591653928
3.191300000000002,8.10384296968999
2.29243,10.603118155697429
2.8443000000000014,18.29779590939368
2.543000000000001,12.155764454534985
0.8078,19.561281642814432
1.7094,11.407034960590238
2.2375,17.833443382451883
2.691370000000001,9.942621338626301
3.115400000000001,15.583744694426024
2.186,15.20937994745365
3.810600000000002,18.63736018734469
3.2963700000000022,9.35348056269371
2.186,13.37060157851734
1.8804,16.11945326250636
2.1828000000000003,20.011786029339202
1.35717,11.906187956553403
2.911200000000001,18.63736018734469
2.1177200000000003,10.942682433648438
3.853970000000002,16.798581818408383
0.1099999999999998,18.63736018734469
3.198920000000001,10.942682433648438
3.819440000000002,17.958231631442672
2.70772,13.49538982750813
2.5362,16.244241511497155
3.306470000000001,16.28885212717813
0.8897999999999999,14.618484068425253
2.077,13.620178076498922
4.438720000000004,17.83344338245188
0.1099999999999998,18.63736018734469
4.464000000000003,18.63736018734469
2.1274,6.26506460075368
2.5362,16.244241511497155
1.271,16.958170536420536
1.5161999999999998,13.155825549557122
3.396600000000001,15.20937994745365
3.865400000000001,7.3551134757452425
2.1827999999999994,17.833443382451883
2.702300000000001,13.37060157851734
1.48847,5.890699853781306
3.090800000000001,18.762148436335483
3.054700000000002,11.53182320958103
3.431840000000001,5.890699853781306
2.6377200000000007,17.833443382451883
3.4872000000000014,18.29779590939368
4.464000000000003,18.63736018734469
2.07694,9.228692313702918
1.3860999999999997,10.316986085598675
1.112,13.37060157851734
1.2778,12.611295389305505
0.3555999999999999,15.583744694426024
1.0013,17.03758162112288
3.1708700000000016,15.699711351245536
2.6377200000000007,19.672221751388193
1.8581,6.26506460075368
1.0609999999999995,18.63736018734469
3.147640000000001,5.890699853781306
2.303,11.282246711599447
1.7217999999999998,19.67222175138819
0.24179,16.11945326250636
3.498140000000002,14.620239171521058
1.2846,11.53182320958103
2.702300000000001,13.37060157851734
0.97857,12.030976205544194
1.3726999999999998,12.40534095251657
3.054700000000002,11.65661145857182
2.077,13.620178076498922
2.055,11.53182320958103
2.38484,11.282246711599447
0.7444,6.3898528497444715
0.1754899999999999,9.852633558656875
1.489,19.921798249369775
1.401,17.61790080488419
2.0914,18.762148436335483
0.2398999999999994,19.261301432298648
3.009120000000001,17.048158316389966
3.431840000000001,5.765911604790515
0.2044999999999997,13.155825549557122
3.147640000000001,5.890699853781306
2.4814000000000007,12.53012920150736
0.3806999999999997,4.551074480808161
3.009120000000002,17.048158316389966
3.819440000000003,17.958231631442672
4.573100000000004,18.63736018734469
1.9826,10.512363827120527
2.805470000000001,10.897359723632649
2.0919000000000003,13.49538982750813
1.3005999999999998,10.512363827120527
2.423,18.63736018734469
1.5336,10.013210831157362
2.6011000000000006,18.422584158384474
3.0018,18.422584158384474
1.7926,15.20937994745365
2.7235000000000014,7.344591234750819
2.851000000000001,18.63736018734469
2.7209000000000003,18.29779590939368
2.1076,13.235236634259463
2.8421200000000013,18.29779590939368
2.8644000000000016,4.42628623181737
0.07039,12.18174333138507
2.44102,20.13657427832999
0.8109,18.63736018734469
4.464000000000003,18.63736018734469
1.0267,17.048158316389962
1.5082,18.29779590939368
1.2991899999999998,14.530251391551632
1.2394999999999998,16.583805789448164
2.8644000000000016,4.176709733835787
-3.37882,5.211571297879288
-0.3247999999999988,8.10384296968999
1.7926,11.65661145857182
4.215200000000002,6.3898528497444715
3.009120000000001,17.048158316389962
2.44168,15.20937994745365
4.2413000000000025,23.361620199169742
4.573100000000003,18.63736018734469
1.0383,6.26506460075368
0.9677,10.316986085598675
0.8170999999999998,8.727784214643947
3.853300000000004,18.762148436335483
1.23039,16.064265951558298
3.449040000000002,18.762148436335483
2.7955000000000005,16.209441042475788
2.63772,17.833443382451883
0.6207999999999997,11.65661145857182
1.8622700000000003,8.228631218680782
-1.186699999999998,10.441774334589466
1.7426,20.13657427832999
0.3248,6.26506460075368
3.431840000000001,5.765911604790515
1.2012999999999998,4.176709733835787
2.911200000000001,18.63736018734469
1.7342,7.854266471708408
2.8425,18.17300766040289
1.6790999999999998,18.29779590939368
2.209,12.736083638296298
2.8421200000000004,18.29779590939368
1.489,18.083019880433465
1.01742,18.63736018734469
0.92647,14.28067489357005
1.0609999999999995,18.63736018734469
1.8062,13.994542823471297
2.428419999999999,11.53182320958103
1.72117,7.6394904427481904
2.006,4.42628623181737
3.1975000000000016,17.833443382451883
2.826390000000001,7.140337446785025
3.206540000000002,9.693044840644719
1.3994,17.61790080488419
1.2605,12.56668477362453
1.2613,10.557740991408977
2.8644000000000016,4.301497982826578
2.2629,6.970172033505782
4.573100000000004,18.63736018734469
1.75107,10.72790640468822
3.431840000000001,5.765911604790515
3.266900000000001,17.833443382451883
1.6724899999999998,9.138704533733492
2.7692000000000005,18.29779590939368
2.1666,10.942682433648438
2.4021,9.228692313702918
1.97154,16.708594038438953
2.36174,8.353419467671573
0.1267999999999996,6.015488102772097
3.486600000000002,18.762148436335483
3.2722000000000016,18.63736018734469
2.7056000000000004,12.030976205544194
1.3580399999999997,10.478329906706637
2.845,7.729478222717616
1.8354,4.42628623181737
3.110900000000001,18.422584158384474
2.3884000000000007,18.083019880433465
4.056600000000003,6.140276351762889
3.240000000000002,17.958231631442672
2.9352,18.422584158384474
2.322,14.450073758241816
1.0490000000000002,3.6775567378726213
3.3150200000000014,18.63736018734469
0.90299,17.02952657755907
1.9793,7.889066940729773
1.91209,15.77988898455535
-1.1987999999999983,8.353419467671573
1.8875,7.604689973726825
3.009120000000001,17.048158316389962
2.6377200000000007,17.83344338245188
1.92429,12.56668477362453
3.19892,10.942682433648438
0.6025000000000003,12.10233224668273
1.9137200000000003,11.407034960590238
3.0547000000000013,9.693044840644719
1.7941799999999992,17.833443382451883
0.0135799999999998,13.601546337668031
2.02507,14.28067489357005
-1.9164999999999983,3.927133235854204
3.150900000000001,17.833443382451883
0.9823999999999996,12.030976205544194
1.95682,18.29779590939368
3.0288000000000013,20.35135030729021
-0.0270100000000001,16.743394507460316
1.2373999999999996,12.654917450498152
3.169670000000001,7.854266471708408
1.4694999999999998,6.140276351762889
3.240000000000001,17.958231631442672
1.99669,15.65510073556456
3.878700000000003,16.369029760487944
3.4547700000000017,14.959803449472068
2.4311800000000003,9.822884770622483
2.8718000000000017,16.24424151149715
1.75927,11.53182320958103
1.48364,16.11945326250636
1.0029,11.53182320958103
2.0261,14.24411932145288
4.027700000000001,18.63736018734469
2.911200000000001,18.63736018734469
1.4206,12.030976205544194
1.6569999999999998,20.136574278329995
2.3484,18.422584158384474
1.2236999999999991,18.886936685326276
0.9068999999999994,13.49538982750813
3.658000000000002,11.407034960590238
3.2722000000000024,19.84162061605996
-0.1805000000000002,13.03103730056633
2.5887,10.817894184657646
1.5338,17.958231631442672
3.1182000000000016,20.26136252732078
2.63772,17.493879104500873
3.744200000000003,18.886936685326273
2.720900000000001,18.63736018734469
0.118,13.620178076498922
3.1476400000000013,5.765911604790515
3.3730900000000013,13.245813329526548
3.463690000000001,7.604689973726825
4.420470000000003,16.798581818408383
-0.3726999999999991,8.353419467671573
-0.2504000000000003,18.63736018734469
3.006000000000001,18.00284224712365
2.5275000000000007,18.083019880433465
-0.3438999999999998,4.551074480808161
1.5665,6.3898528497444715
-0.4688999999999982,6.514641098735263
4.573100000000003,18.63736018734469
0.8881699999999999,12.736083638296297
2.3989000000000003,17.172946565380755
1.7228,13.37060157851734
2.636000000000001,10.512363827120527
2.627970000000001,13.245813329526548
2.018,16.583805789448164
1.6548,11.53182320958103
0.4484999999999997,7.3445367804781565
1.3335,12.155764454534985
2.911200000000001,18.63736018734469
2.36174,12.030976205544194
3.1275000000000013,13.37060157851734
3.150900000000001,19.921798249369775
2.9227700000000008,16.459017540457374
2.5441000000000003,20.35135030729021
2.9069200000000004,4.176709733835787
3.1938000000000004,13.620178076498922
-3.3767999999999985,8.353419467671573
2.3368,15.746353530175833
2.7304000000000004,13.620178076498922
2.4955,18.422584158384474
1.8951,18.63736018734469
5.163800000000003,7.604689973726825
2.24308,15.458956445435232
2.9140200000000016,17.833443382451883
1.061,18.63736018734469
1.8268,5.551135575830297
2.424200000000001,9.557734350659503
2.740500000000001,18.12763049611444
1.95567,4.176709733835787
0.8621999999999995,10.441774334589466
2.2319,7.854266471708408
1.5081999999999998,18.422584158384474
3.147640000000001,7.729478222717616
1.7285,14.620239171521058
1.7477,13.620178076498922
1.17117,6.015488102772097
3.6564900000000025,11.906187956553403
4.151170000000002,16.67379356941759
3.810600000000002,18.63736018734469
2.2454,8.478207716662364
2.317400000000001,5.765911604790515
3.222500000000001,18.63736018734469
0.5451,7.389913944766607
2.0748,16.583805789448164
3.19892,10.942682433648438
1.8454,18.63736018734469
0.2398999999999994,16.708594038438953
4.464000000000003,20.35135030729021
0.6335999999999999,10.38834212673721
2.3884000000000007,18.083019880433465
2.18812,12.030976205544194
1.5474,6.3898528497444715
2.09977,6.26506460075368
2.407,11.067470682639229
3.839000000000002,8.353419467671573
3.150900000000001,18.083019880433465
-0.4828000000000001,18.968379333277937
1.7164000000000004,13.37060157851734
1.0013,15.323591501177356
2.851000000000001,18.63736018734469
2.8425,18.17300766040289
1.7574199999999995,13.155825549557122
2.4983000000000004,14.835015200481276
0.4225999999999997,16.583805789448164
2.972600000000002,18.63736018734469
1.3625999999999998,7.6394904427481904
1.20328,14.6996502562234
2.8421200000000004,18.63736018734469
1.2012999999999998,4.176709733835787
2.303,11.282246711599447
1.6773999999999998,11.157458462608655
1.7504399999999998,19.20786922444639
4.438720000000004,17.83344338245188
2.906100000000001,13.245813329526548
0.7935999999999999,12.654917450498152
1.7686,18.762148436335483
3.046900000000001,18.29779590939368
1.7476999999999998,13.620178076498922
3.110900000000001,18.422584158384474
2.7002000000000006,8.727784214643947
2.1393,13.155825549557122
1.5098999999999998,17.154314826549864
2.1827999999999994,20.011786029339202
2.8421200000000004,18.29779590939368
2.59842,18.63736018734469
2.720900000000001,18.63736018734469
2.5275000000000007,18.083019880433465
2.5441000000000003,18.63736018734469
1.2788,17.958231631442672
2.6099999999999994,5.890699853781306
3.5630000000000024,6.140276351762889
0.6425899999999993,12.736083638296298
2.5325000000000006,8.10384296968999
3.1458000000000013,18.547372407375263
1.3377999999999994,10.940927330552633
3.0563900000000013,10.977482902669802
2.993400000000001,18.422584158384474
2.2052,18.63736018734469
3.451270000000002,16.923370067399173
2.732800000000001,13.49538982750813
2.4030000000000005,3.927133235854204
1.4769999999999996,7.46937948374161
-0.9129999999999998,11.53182320958103
1.4145399999999997,9.81783308963551
0.6038,9.942621338626301
2.33209,13.405402047538704
2.9639000000000006,20.011786029339202
2.3946000000000005,6.015488102772097
3.829200000000003,20.011786029339202
3.516200000000002,18.63736018734469
2.7696000000000005,18.63736018734469
1.9929,12.611295389305505
1.1228,13.620178076498922
1.90877,6.015488102772097
3.303570000000001,16.67379356941759
3.063600000000001,7.094960282496573
1.9343,16.288852127178128
2.7878000000000007,18.63736018734469
0.9433,12.40534095251657
3.242720000000001,19.672221751388193
2.8538200000000016,17.048158316389966
1.5177999999999998,8.933793105705547
1.9783,12.98566013627788
2.23267,11.906187956553403
1.08373,7.6394904427481904
3.873700000000002,5.551135575830297
2.694000000000001,14.574862007232609
2.2497,17.833443382451883
3.419900000000001,10.772517020369195
3.1491000000000016,18.63736018734469
0.9406,8.263431687702147
2.3882000000000003,15.334168196444441
2.0541,13.620178076498922
3.535990000000001,10.942682433648438
2.6169,15.20937994745365
1.8965,13.280613798547913
1.8058,15.833321192407608
-1.518629999999999,15.904677233546142
2.3147,17.048158316389962
1.5721,16.708594038438957
3.516200000000002,18.63736018734469
3.121500000000001,11.067470682639229
2.4187000000000003,13.744966325489713
1.4815999999999996,11.19225893163002
4.704900000000002,20.351350307290208
2.1388,18.29779590939368
1.477,9.753112092181357
0.5157999999999998,12.860871887287088
2.7093000000000007,17.048158316389962
-0.2294999999999993,11.53182320958103
3.1491000000000016,18.29779590939368
3.314300000000002,16.67379356941759
3.4471200000000017,18.29779590939368
3.0782000000000016,12.781460802584748
4.573200000000003,5.890699853781306
2.7878000000000007,18.63736018734469
3.242720000000002,18.17300766040289
3.341870000000002,15.20937994745365
3.0662000000000003,4.301497982826578
3.5519000000000016,13.37060157851734
2.836900000000001,7.854266471708408
3.884000000000002,11.067470682639229
3.6597000000000026,7.9790547206991995
2.787540000000001,18.29779590939368
0.21689,12.789365049701178
3.0108000000000006,10.852694653679011
3.7364000000000033,10.067409587617092
-1.0853799999999991,12.05695508239428
2.0939999999999994,17.833443382451883
2.3002,8.228631218680782
2.52984,4.176709733835787
2.861340000000001,17.958231631442672
2.909020000000001,20.35135030729021
3.516200000000002,18.63736018734469
2.993400000000001,18.29779590939368
2.946500000000001,7.219748531487366
-1.7470999999999988,13.155825549557122
2.7147200000000007,17.048158316389962
1.04452,12.155764454534985
-1.518629999999999,16.369029760487948
2.0541,13.620178076498922
3.516200000000002,18.63736018734469
2.9639000000000006,13.245813329526548
2.9613000000000014,3.712357206893986
4.705700000000003,5.890699853781306
2.2548000000000004,18.63736018734469
2.673690000000001,11.067470682639229
3.2207000000000017,16.16411833246
2.467270000000001,6.26506460075368
1.7033,12.226353947066047
3.516200000000002,18.63736018734469
3.2745200000000017,18.422584158384474
4.736200000000002,5.890699853781306
3.821380000000002,20.476138556281
2.256,10.603118155697429
3.8785000000000025,9.18336960368713
2.2173,13.620178076498922
3.035400000000001,13.37060157851734
2.1205,14.620239171521058
3.063600000000001,7.219748531487366
2.616900000000001,15.334168196444441
1.3708699999999994,12.030976205544194
4.922190000000003,10.817894184657646
3.682280000000003,18.63736018734469
-0.7090999999999996,6.015488102772097
1.93457,6.015488102772097
1.7255,16.244241511497155
1.6087699999999998,6.015488102772097
1.9482,11.53182320958103
0.9128999999999996,4.551074480808161
2.9208000000000007,11.317047180620811
1.5171,14.28067489357005
4.701620000000003,18.63736018734469
1.6859999999999995,6.514641098735263
1.1303,9.43289164739605
1.2180000000000002,12.611295389305507
2.3744900000000007,6.015488102772097
2.1678999999999995,12.656672553593957
1.7798,20.386150776311577
1.9629,19.50205633810895
2.083,17.958231631442672
2.11547,14.450073758241818
2.950740000000001,14.620239171521058
2.2796000000000003,13.620178076498922
2.07482,13.620178076498922
3.2224000000000013,13.37060157851734
0.0928000000000001,4.42628623181737
3.823420000000002,13.49538982750813
1.50852,11.53182320958103
3.1775400000000005,8.10384296968999
3.074600000000001,18.63736018734469
3.682280000000002,18.63736018734469
2.9507400000000006,14.620239171521058
2.600970000000001,6.015488102772097
2.8058000000000014,8.228631218680782
3.588600000000003,11.53182320958103
3.823420000000002,13.49538982750813
2.2600799999999994,17.833443382451883
1.6701,12.90624905157554
0.6114999999999999,5.925500322802671
3.149220000000001,18.63736018734469
0.1378999999999999,12.155764454534985
2.3744900000000007,6.015488102772097
3.0406400000000016,13.620178076498922
3.400500000000002,16.549005320426797
0.8234699999999999,6.140276351762889
0.5720000000000001,16.082897690389192
4.335680000000003,18.63736018734469
2.9698,5.890699853781306
3.682280000000002,20.351350307290208
3.513490000000002,15.994665013515569
1.0535,6.015488102772097
3.5862200000000017,18.29779590939368
1.0655,12.155764454534985
4.203320000000003,3.802344986863413
2.2052,18.63736018734469
2.717200000000001,7.604689973726825
3.739970000000002,16.28885212717813
1.7439,16.11945326250636
2.55677,8.88912803575191
3.682280000000002,18.63736018734469
1.4145399999999997,7.3445367804781565
0.0753000000000005,8.228631218680782
2.3680000000000003,8.353419467671573
2.4351900000000004,8.764339786761118
2.2506000000000004,19.716832367069166
2.4859,15.904677233546142
-2.319399999999997,11.94098842557477
0.2461999999999997,16.833382287429753
0.8276999999999994,10.441774334589466
2.8565000000000005,20.35135030729021
2.8058000000000014,8.478207716662364
3.4787000000000026,6.26506460075368
1.8159,9.568256591653928
2.5321700000000007,6.140276351762889
1.98537,9.942621338626301
2.505780000000001,13.351969839686449
2.967890000000001,19.33265747343718
0.4137999999999994,4.42628623181737
1.757,17.958231631442672
2.26644,11.407034960590238
1.5711999999999997,17.493879104500873
1.3860899999999994,10.22699830562925
2.3786000000000005,14.959803449472068
3.5055000000000023,9.942621338626301
1.3020999999999998,12.441896524633739
2.867370000000001,15.20937994745365
-1.747099999999998,11.407034960590238
0.4743699999999993,6.015488102772097
3.737700000000003,15.458956445435232
2.719800000000001,3.6775567378726213
3.1491000000000016,18.63736018734469
2.7551000000000005,13.245813329526548
2.467270000000001,6.140276351762889
2.3786000000000005,14.959803449472068
-0.0994000000000001,8.684162153451302
0.2997999999999994,17.048158316389962
3.242720000000002,18.29779590939368
2.1754999999999995,13.49538982750813
2.663900000000001,5.641123355799723
2.6325000000000003,18.29779590939368
4.933500000000003,18.63736018734469
1.7507,8.228631218680782
2.608100000000001,3.6775567378726213
3.242720000000001,18.17300766040289
2.8001700000000014,9.81783308963551
2.1754999999999995,13.49538982750813
3.230900000000002,18.63736018734469
3.241210000000001,17.49387910450087
1.16919,5.80071207381188
-2.319399999999997,10.102210056638457
0.8227000000000001,5.80071207381188
3.736800000000001,7.219748531487365
3.9531000000000014,18.29779590939368
3.6697700000000015,9.443468342663136
3.6605000000000016,7.265125695775816
3.516200000000002,18.63736018734469
3.582900000000002,9.18336960368713
2.9438000000000013,3.6775567378726213
2.796380000000001,18.29779590939368
3.9531000000000014,18.29779590939368
3.5502100000000016,12.361718891323925
2.467270000000001,6.015488102772097
3.512640000000002,11.53182320958103
1.8216,19.332657473437184
2.449020000000001,13.49538982750813
2.0412,14.28067489357005
1.0786,14.119331072462089
-2.319399999999997,14.368907570443671
1.28442,13.815555818020776
3.516200000000002,19.716832367069166
3.447120000000001,18.29779590939368
2.3125,11.65661145857182
3.817040000000002,18.29779590939368
2.4021,13.155825549557122
2.1884,16.79858181840838
2.3882000000000003,13.744966325489713
0.8906999999999998,12.654917450498152
2.6329200000000004,18.63736018734469
1.22439,14.28067489357005
2.07482,15.458956445435232
-1.6411999999999969,6.3898528497444715
3.149220000000001,18.63736018734469
3.516600000000002,17.958231631442672
1.41454,7.854266471708408
1.41454,11.022093518350777
3.566340000000002,10.817894184657646
1.79852,17.49387910450087
4.216400000000003,17.70865513346109
3.682280000000002,18.63736018734469
2.0939999999999994,18.083019880433465
3.9907400000000015,13.245813329526548
1.3954,17.297734814371545
2.7506000000000013,3.6775567378726213
2.9639000000000006,13.245813329526548
3.083820000000001,18.422584158384474
3.682280000000002,18.63736018734469
3.294900000000002,12.779705699488943
2.26644,11.407034960590238
2.3274,13.49538982750813
2.5841000000000003,19.332657473437184
2.539,18.63736018734469
2.841490000000001,21.17143584237349
2.06884,20.011786029339202
2.3680000000000003,8.478207716662364
1.23229,17.064327046580438
3.1491000000000016,20.35135030729021
2.3378,14.493695819434462
2.6532,21.772418328215018
2.840390000000001,14.065898864609832
2.542299999999999,17.958231631442672
3.516200000000002,20.35135030729021
2.5390000000000006,19.84162061605996
0.2781000000000002,6.639429347726054
1.2366,7.764278691738982
-0.8706299999999985,9.603057060675292
1.0948899999999997,17.743455602482456
0.0550999999999999,11.53182320958103
1.0492,18.63736018734469
1.02257,11.022093518350777
0.3986999999999997,6.140276351762889
0.9375899999999996,17.279103075540654
1.1111,12.781460802584748
2.7878000000000007,18.29779590939368
2.2388200000000005,10.308164493427395
2.6096900000000005,11.977543997691939
2.2091700000000003,8.88912803575191
1.8177,6.639429347726054
1.4145399999999997,7.3445367804781565
1.90872,16.583805789448164
3.121500000000001,10.942682433648438
3.6910000000000025,18.762148436335483
3.222300000000001,18.63736018734469
4.738500000000002,6.015488102772097
2.21722,9.822884770622483
1.8250999999999995,13.77976679451108
3.0512000000000006,12.56668477362453
3.4471200000000017,18.29779590939368
-1.051099999999998,10.441774334589466
1.7578999999999998,14.2352977292816
-0.157099999999999,10.192197836607884
4.144320000000002,17.958231631442672
1.04452,13.994542823471297
0.6136699999999998,7.9790547206991995
1.7775199999999998,16.11945326250636
3.0004000000000017,18.29779590939368
2.2493000000000007,8.10384296968999
0.8276999999999994,10.441774334589466
3.807200000000004,10.817894184657646
2.115,12.779705699488943
1.9929,13.03103730056633
1.98,18.422584158384474
2.1205,14.620239171521058
2.2548000000000004,18.63736018734469
-1.747099999999998,11.407034960590238
1.2726999999999995,18.762148436335483
2.705540000000001,13.49538982750813
2.563800000000001,6.3898528497444715
2.600970000000001,6.514641098735263
0.3746999999999997,18.127630496114442
-2.2263999999999973,8.228631218680782
0.9133999999999998,18.63736018734469
2.6782000000000004,20.0117860293392
3.3086400000000014,18.63736018734469
1.804,18.886936685326273
3.290500000000001,8.353419467671573
1.4221,10.566562583580259
3.3105400000000014,20.351350307290208
2.2845000000000004,16.798581818408383
1.9714,18.868304946495382
1.6096999999999992,12.155764454534985
3.392800000000002,18.63736018734469
3.514020000000002,18.63736018734469
2.1413,19.5474335023974
2.1594,17.048158316389962
2.932400000000001,13.49538982750813
1.2067,13.03103730056633
2.679820000000001,13.620178076498922
1.7168,18.63736018734469
0.9160999999999996,10.316986085598675
2.780500000000001,13.49538982750813
-0.0683000000000002,11.53182320958103
2.4781000000000004,12.280552703525778
3.777560000000003,8.10384296968999
3.374600000000002,18.63736018734469
3.387880000000002,18.63736018734469
3.1473000000000004,18.29779590939368
2.679820000000001,13.620178076498922
0.8084999999999998,14.86981566950264
2.0696,15.458956445435232
2.16502,11.317047180620811
1.7197900000000002,14.74502742051185
2.902340000000001,12.317108275642948
-0.2051800000000002,3.9619337048755687
1.3879999999999997,15.278980885496381
2.7326000000000006,17.547311312353127
2.2616000000000005,18.63736018734469
2.1641900000000005,14.28067489357005
3.6949000000000014,15.334168196444441
3.3105400000000014,13.37060157851734
2.9429000000000007,17.958231631442672
-1.660199999999997,8.977360712625531
3.020780000000001,18.63736018734469
2.1963,14.24411932145288
1.46594,18.083019880433465
3.8514900000000014,16.923370067399173
3.8469000000000015,13.37060157851734
1.7818999999999998,19.797010000378982
3.392800000000002,18.63736018734469
2.1899999999999995,18.547372407375263
2.0332,18.17300766040289
1.2431,11.407034960590238
-3.2507999999999964,8.10384296968999
4.310400000000003,8.10384296968999
1.3499,7.9790547206991995
3.5309000000000017,18.17300766040289
3.0070200000000016,9.698096521631692
2.0669700000000004,11.317047180620811
2.786900000000001,12.611295389305507
1.739,18.422584158384474
2.7088,18.63736018734469
2.4803000000000006,13.37060157851734
2.9023400000000006,10.942682433648438
1.2808,8.10384296968999
2.3123000000000005,3.7123572068939863
2.58982,10.852694653679011
2.1001,13.744966325489713
1.85952,16.583805789448164
3.342100000000002,18.63736018734469
0.7706,15.833321192407608
3.196900000000001,13.94111061561904
3.6038000000000014,3.6775567378726213
1.5258,14.325285509251025
2.3042000000000007,4.176709733835787
3.2489000000000017,17.048158316389962
2.9652000000000003,18.63736018734469
0.3173899999999998,12.227120495673521
3.543400000000002,18.63736018734469
2.07552,8.228631218680782
2.223,17.833443382451883
1.7549,9.228692313702918
3.046400000000001,18.63736018734469
3.149900000000001,17.547311312353127
0.8195999999999994,17.172946565380755
2.34114,18.29779590939368
1.9423,21.850564398275512
1.9705,10.72790640468822
3.3105400000000014,13.49538982750813
1.2731999999999997,18.63736018734469
2.3198,15.334168196444441
1.8492000000000008,7.219748531487366
2.43039,18.083019880433465
2.0618,18.67216065636606
1.4723700000000004,6.140276351762889
3.559600000000001,12.441896524633739
2.710600000000001,14.119331072462089
3.645120000000003,11.282246711599447
3.5573900000000016,16.923370067399173
3.5631200000000014,13.245813329526548
1.7168,18.63736018734469
2.7258000000000013,8.10384296968999
0.7831999999999997,8.10384296968999
1.2296999999999996,11.646034763304735
3.4440000000000026,13.245813329526548
3.141900000000001,12.441896524633739
2.0048000000000004,9.103904064712127
2.0572,14.24411932145288
2.413500000000001,6.800773168834016
0.0462000000000004,4.800650978789744
1.873,17.958231631442672
2.9429000000000007,19.672221751388193
3.3105400000000014,13.37060157851734
2.7242000000000006,8.228631218680782
2.2341999999999995,6.514641098735263
3.165000000000002,13.49538982750813
1.23412,10.817894184657646
1.2546,7.854266471708408
0.7914000000000002,8.353419467671573
3.074200000000001,18.762148436335483
2.965120000000001,18.762148436335483
1.3515999999999997,12.030976205544194
3.951800000000002,17.538489720181847
3.5140200000000013,18.63736018734469
2.6347,17.958231631442672
2.0572,15.958109441398399
3.1527200000000013,18.29779590939368
2.2906000000000004,9.843811966485594
2.9023400000000006,10.817894184657646
2.802200000000001,18.083019880433465
0.7950999999999995,9.432891647396051
2.746600000000001,17.048158316389962
2.48322,17.958231631442672
1.3124999999999998,17.833443382451883
1.1797,7.604689973726825
2.4274000000000004,18.63736018734469
2.282,10.852694653679011
2.699,18.547372407375263
2.9429000000000007,17.958231631442672
2.2199199999999992,10.603118155697429
3.256100000000001,13.37060157851734
3.2218000000000013,18.63736018734469
2.7258000000000013,8.10384296968999
1.7168,18.63736018734469
2.3782000000000005,8.478207716662364
-3.384599999999997,4.176709733835787
2.3962700000000003,11.906187956553403
2.48322,17.958231631442672
-1.4179299999999984,7.854266471708408
3.256100000000001,13.37060157851734
2.1792,12.56668477362453
3.067300000000001,11.781399707562612
3.3105400000000014,13.37060157851734
4.136500000000002,8.10384296968999
2.936700000000001,18.762148436335483
2.3862,17.833443382451883
1.0055999999999998,6.26506460075368
2.749320000000001,12.441896524633739
3.4156000000000013,19.67222175138819
1.6834,15.583744694426024
3.1348400000000005,4.176709733835787
3.392800000000002,11.407034960590238
2.4457000000000004,11.53182320958103
3.374600000000002,18.63736018734469
3.6571000000000025,18.63736018734469
1.8959,12.441896524633739
2.1792,12.56668477362453
3.143510000000001,9.693044840644719
2.1211,11.53182320958103
1.5719,13.994542823471297
3.450000000000002,8.10384296968999
2.4034700000000004,13.37060157851734
3.180200000000001,9.103904064712127
2.4982000000000006,13.245813329526548
0.9388,18.12763049611444
2.2158,14.620239171521058
1.7655000000000003,4.42628623181737
2.8321700000000014,12.736083638296297
1.6547,10.353541657715846
3.132500000000002,8.478207716662364
2.7722000000000007,19.96640886505075
1.8965000000000003,12.90624905157554
0.3628999999999998,10.441774334589466
3.5140200000000013,18.63736018734469
3.0322000000000005,18.547372407375263
1.739,18.422584158384474
2.859470000000001,16.28885212717813
3.388300000000001,17.663277969172636
2.2158,14.620239171521058
2.935100000000001,20.476138556281
1.5712000000000002,10.603118155697429
2.51682,10.817894184657646
2.8650800000000007,18.422584158384474
-1.6238999999999986,14.86981566950264
1.1821999999999997,9.807256394368425
2.5122400000000003,12.736083638296297
-1.6872999999999971,9.852633558656875
2.631000000000001,18.29779590939368
1.2731999999999997,18.63736018734469
3.392800000000002,18.63736018734469
1.2067,14.86981566950264
2.6353000000000013,8.602995965653156
5.451800000000002,18.63736018734469
1.1881000000000002,13.620178076498922
2.881,5.765911604790515
2.516820000000001,12.022154613372916
2.849700000000001,14.24411932145288
3.825400000000003,11.067470682639229
2.0629,18.63736018734469
3.951800000000002,17.538489720181847
2.5673400000000006,15.958109441398399
2.20459,10.817894184657646
2.09182,17.833443382451883
-0.8088299999999988,16.708594038438957
-0.1369,11.19225893163002
1.2546,6.015488102772097
3.2706000000000017,18.63736018734469
2.33687,9.693044840644719
2.6990000000000007,18.29779590939368
0.5635000000000002,5.050227476771326
2.908120000000001,18.127630496114442
3.211900000000001,7.479901724736034
2.908120000000001,18.127630496114442
2.87924,17.958231631442672
3.0584700000000016,7.854266471708408
2.413900000000001,11.781399707562612
3.951800000000003,18.63736018734469
3.470000000000001,18.762148436335483
2.9429000000000007,19.672221751388193
2.8650800000000007,18.422584158384474
2.679820000000001,13.620178076498922
2.9928000000000017,8.979115815721336
2.0889,16.45901754045737
1.5978,13.620178076498922
1.8334,18.63736018734469
-0.4124000000000001,10.852694653679011
2.48322,17.958231631442672
1.6547,10.353541657715846
3.392800000000002,18.63736018734469
2.2787000000000006,13.03103730056633
2.8679200000000016,9.698096521631692
1.54259,17.618667353491663
3.777560000000003,7.9790547206991995
2.9091000000000014,18.63736018734469
0.0554,14.28067489357005
2.679100000000001,12.441896524633739
3.035000000000001,8.10384296968999
2.902340000000001,10.817894184657646
3.5573900000000016,16.923370067399173
3.0518,18.63736018734469
-0.8216000000000001,6.140276351762889
4.294970000000003,7.729478222717616
3.1124,17.958231631442672
2.0022999999999995,18.083019880433465
2.619300000000001,18.422584158384474
1.0096199999999995,10.69135083257105
4.2409000000000034,9.942621338626301
3.1473000000000013,18.29779590939368
1.7416000000000005,11.53182320958103
3.2489000000000017,17.048158316389962
0.0066999999999999,10.852694653679011
1.6668999999999998,7.729478222717616
1.6984,17.02952657755907
1.2415,20.261362527320784
1.0691,8.228631218680782
3.282900000000001,11.53182320958103
2.8679200000000016,9.822884770622483
2.0583000000000005,15.583744694426024
3.8054000000000014,13.37060157851734
3.282900000000001,13.37060157851734
1.82122,11.53182320958103
0.71189,14.440263611582205
3.4651200000000024,3.6775567378726213
2.1963,14.24411932145288
2.0628999999999995,18.63736018734469
1.5961999999999998,13.620178076498922
1.0055999999999998,6.3898528497444715
3.7022200000000014,15.084591698462859
3.392800000000002,18.63736018734469
2.570900000000001,12.860871887287088
1.97552,12.53012920150736
2.0296,11.65661145857182
1.99312,20.261362527320784
1.8607,10.897305269359986
1.82937,18.29779590939368
2.116,16.958170536420546
1.81837,14.28067489357005
3.4825000000000017,17.49387910450087
2.0771999999999995,13.03103730056633
3.0717000000000008,17.538489720181847
1.8117,14.86981566950264
3.5928000000000013,18.63736018734469
2.7593000000000005,3.7123572068939863
3.182500000000001,18.63736018734469
2.4548,5.765911604790515
0.7546899999999992,10.72790640468822
1.2782999999999998,16.332474188370778
2.909200000000001,14.075709011269442
1.4446,18.422584158384474
1.4703000000000002,13.744966325489713
3.7344000000000017,18.63736018734469
3.4825000000000017,20.0117860293392
2.4183000000000003,10.852694653679011
1.68112,14.368907570443671
1.3165699999999998,13.03103730056633
1.94359,6.26506460075368
3.570120000000002,18.762148436335483
4.375500000000003,20.476138556281
2.8695000000000013,13.94111061561904
1.8596,6.015488102772097
-0.1380000000000007,8.228631218680782
-1.5263999999999982,3.927133235854204
2.3047000000000004,11.067470682639229
2.4674000000000005,18.29779590939368
2.4873000000000003,17.172946565380755
2.3685,14.620239171521058
2.30999,5.4263473268395055
2.085,10.603118155697429
3.010720000000001,13.37060157851734
2.0853,8.10384296968999
2.5878000000000005,7.854266471708408
3.027000000000001,18.63736018734469
1.4223899999999998,17.618667353491663
3.681510000000002,13.245813329526548
3.012900000000002,4.42628623181737
1.9862,11.53182320958103
1.6683,7.604689973726825
2.9635000000000016,10.067409587617092
1.42077,12.736083638296297
4.5481000000000025,16.549005320426797
-0.204599999999999,12.779705699488943
1.6679,11.53182320958103
2.03387,12.781460802584748
3.476300000000001,18.63736018734469
2.3050000000000006,11.53182320958103
2.7502400000000007,11.906187956553403
1.5925200000000004,13.03103730056633
3.552500000000002,13.37060157851734
2.38,13.744966325489713
3.4583000000000013,16.45901754045737
5.384000000000003,7.3551134757452425
-0.6891999999999983,8.013855189720564
2.850040000000001,14.40546314256084
4.119020000000004,18.63736018734469
1.2338,10.316986085598675
3.757460000000002,18.762148436335483
2.618899999999999,18.29779590939368
3.551670000000001,16.67379356941759
2.738100000000001,18.63736018734469
2.9461400000000006,18.63736018734469
1.3295,18.63736018734469
1.9315,13.155825549557122
2.4183000000000003,9.228692313702918
2.839900000000001,16.11945326250636
3.2196200000000017,18.63736018734469
2.2941,12.486507140314716
0.9066,15.583744694426024
2.759800000000001,7.604689973726825
3.205400000000001,16.708594038438957
3.858400000000003,20.476138556281
2.6968200000000007,17.833443382451883
2.80553,14.530251391551632
2.8249200000000005,11.067470682639229
3.568620000000002,6.015488102772097
1.9606,19.84162061605996
2.760190000000001,16.11945326250636
2.1399,7.469325029468949
3.1854000000000013,14.74502742051185
4.283700000000002,18.63736018734469
3.1065000000000014,18.422584158384474
2.7909000000000006,19.672221751388193
2.927220000000001,19.96640886505075
3.268720000000001,15.084591698462859
2.3440000000000003,18.422584158384474
1.54261,19.33265747343718
3.386400000000001,16.244241511497155
2.1378000000000004,13.620178076498922
1.1594,14.24411932145288
1.7919999999999998,18.083019880433465
2.858420000000001,5.925500322802671
2.380000000000001,13.620178076498922
4.716100000000004,15.084591698462859
3.624500000000002,14.710226951490485
2.3549000000000007,5.505758411541846
4.584470000000002,14.959803449472068
1.6322,18.422584158384474
1.8637,13.620178076498922
3.1594200000000017,18.63736018734469
0.9162999999999994,4.42628623181737
1.0043,8.85257246363474
4.119020000000003,18.63736018734469
2.664500000000001,17.618667353491663
1.41917,12.985660136277879
3.935240000000003,17.618667353491663
2.9461400000000006,17.833443382451883
2.82492,11.067470682639229
0.6554000000000002,11.53182320958103
2.901600000000001,18.422584158384474
0.991299999999999,12.101565698075255
1.91079,14.779827889533214
2.8630000000000013,18.762148436335483
2.4846400000000006,7.9790547206991995
3.0478000000000014,6.140276351762889
2.946140000000001,17.833443382451883
4.300400000000003,9.81783308963551
1.02107,10.566562583580259
0.90634,7.9790547206991995
2.424500000000001,11.407034960590238
2.9461400000000006,17.833443382451883
3.9310700000000014,15.084591698462859
3.5759000000000016,18.762148436335483
4.074300000000002,18.868304946495382
2.9974000000000007,18.422584158384474
2.691670000000001,9.568256591653928
1.5743199999999995,11.407034960590238
4.658100000000003,18.63736018734469
2.085,12.441896524633739
3.9310700000000014,15.084591698462859
3.010720000000001,13.37060157851734
2.3578900000000003,9.138704533733492
3.402000000000001,17.833443382451883
2.896700000000001,16.11945326250636
1.6105999999999998,6.26506460075368
3.1594200000000017,18.63736018734469
1.69452,10.816139081561841
3.839140000000003,20.476138556281
5.178700000000003,20.35135030729021
2.4066,13.37060157851734
2.1834,17.958231631442672
2.1834,17.958231631442672
4.119020000000004,18.63736018734469
1.6757000000000002,14.24411932145288
3.839140000000002,20.35135030729021
4.277900000000003,14.835015200481276
3.4932000000000016,7.3551134757452425
2.1859,13.37060157851734
4.656700000000003,18.63736018734469
3.954500000000002,18.08301988043346
3.010720000000001,15.20937994745365
2.0545,18.083019880433465
2.1943900000000003,11.067470682639229
3.763600000000003,16.549005320426797
1.6828,6.970172033505782
2.9461400000000006,18.63736018734469
2.609800000000001,3.6775567378726213
3.294200000000002,18.762148436335483
2.100199999999999,10.852694653679011
2.0941,17.958231631442672
2.1973000000000003,15.334168196444441
3.006870000000002,12.736083638296297
3.233200000000001,13.155825549557122
-1.0982999999999978,10.441774334589466
2.2985999999999995,14.620239171521058
2.926300000000001,16.244241511497155
2.748000000000001,13.155825549557122
3.562100000000002,21.647630079224225
-0.8389999999999995,14.86981566950264
4.471600000000003,18.08301988043346
3.839140000000003,20.476138556281
1.2039699999999998,6.015488102772097
4.397220000000003,18.63736018734469
2.7470000000000008,13.245813329526548
2.9461400000000006,17.833443382451883
4.202500000000003,18.63736018734469
2.1837,12.280552703525778
1.1685,4.800650978789744
3.570120000000002,18.762148436335483
3.7051200000000017,18.63736018734469
4.119020000000003,18.63736018734469
3.062900000000001,13.620178076498922
4.812900000000003,14.835015200481276
2.666800000000001,18.422584158384474
4.805700000000004,10.486644655263138
2.6778000000000004,5.80071207381188
0.7405999999999999,11.94098842557477
2.7909000000000006,18.63736018734469
2.5551400000000006,15.244180416475015
1.8397,18.63736018734469
1.6321999999999997,18.422584158384474
1.19677,6.140276351762889
3.558300000000002,10.897305269359986
4.995600000000002,21.647630079224225
2.6979000000000006,20.35135030729021
4.119020000000004,18.63736018734469
2.0988999999999995,13.37060157851734
3.317540000000002,17.048158316389966
2.7909000000000006,18.63736018734469
2.814000000000001,18.63736018734469
4.202500000000003,18.63736018734469
2.6968200000000007,19.921798249369775
3.386400000000001,16.369029760487944
2.293,13.37060157851734
3.4189000000000016,20.35135030729021
4.033900000000003,5.890699853781306
4.633400000000004,8.228631218680782
3.0516200000000016,17.048158316389962
3.241100000000002,18.63736018734469
1.4446,18.422584158384474
4.387000000000002,16.673793569417587
0.9893,13.530190296529495
2.7909000000000006,18.63736018734469
4.743100000000004,21.555610736005477
3.683600000000002,18.762148436335483
2.9974000000000007,18.422584158384474
1.5338999999999998,18.501995243086814
3.263300000000001,13.245813329526548
3.5032000000000023,15.583744694426024
2.418300000000001,10.603118155697429
3.928820000000002,6.140276351762889
1.0586,9.4782688116845
3.7211000000000025,13.37060157851734
3.091800000000001,15.493756914456599
4.119020000000004,20.351350307290208
1.647,15.779122435947876
3.035200000000001,11.157458462608655
4.119020000000003,18.63736018734469
1.4800999999999993,7.854266471708408
3.2083000000000013,13.121025080535757
2.828900000000001,9.228692313702918
4.075100000000003,9.693044840644719
3.6320000000000014,18.29779590939368
3.6320000000000014,18.422584158384474
0.7197999999999993,8.85257246363474
3.819200000000003,20.35135030729021
4.062900000000002,18.63736018734469
1.279,19.84162061605996
3.0349700000000013,12.736083638296297
3.395900000000002,18.63736018734469
2.864600000000001,17.538489720181847
3.7322000000000015,20.261362527320784
2.3017000000000003,15.833321192407608
2.735800000000001,9.228692313702918
1.6414,14.994603918493432
4.663600000000003,17.11874780892102
3.701740000000002,18.29779590939368
2.864600000000001,17.538489720181847
1.8988,10.69135083257105
2.3636,8.353419467671573
3.090920000000001,10.772571474641857
2.5448000000000004,16.244241511497155
2.422800000000001,6.015488102772097
3.708920000000002,16.673793569417587
3.8883000000000014,18.422584158384474
3.930340000000002,20.0117860293392
2.0388,8.548797209193426
2.1635,15.833321192407608
4.532500000000003,18.63736018734469
2.6544000000000008,7.854266471708408
1.73984,9.103904064712127
1.28977,14.86981566950264
4.532500000000003,18.63736018734469
1.1473799999999996,17.833443382451883
1.8423,15.958109441398399
3.395900000000002,18.63736018734469
2.7443100000000005,9.693044840644719
2.2372,16.583805789448164
2.6358200000000007,13.620178076498922
2.5422,18.29779590939368
1.6167000000000002,17.048158316389966
2.713400000000001,13.245813329526548
2.7608000000000006,16.79858181840838
3.551140000000002,18.17300766040289
0.4219000000000008,8.478207716662364
2.5815200000000003,18.127630496114442
1.9141000000000004,10.441774334589466
2.840600000000001,13.49538982750813
2.3753,12.40534095251657
3.2876100000000017,9.443468342663136
2.5740000000000007,13.620178076498922
3.395900000000002,18.63736018734469
1.5890699999999998,6.015488102772097
1.45922,21.091258209063675
2.0496,18.422584158384474
1.8629,12.611295389305505
5.838200000000002,15.458956445435232
1.5686999999999998,15.084591698462859
3.6983000000000015,8.353419467671573
3.9940000000000015,18.762148436335483
3.012600000000002,9.318680093672345
3.429100000000002,6.3898528497444715
2.864600000000001,17.538489720181847
2.617020000000001,16.244241511497155
2.2846,16.582050686352364
3.0959600000000016,18.422584158384474
4.848400000000003,4.051921484844995
1.8301,13.620178076498922
2.0279,4.301497982826578
2.5289,18.29779590939368
3.4132000000000016,17.958231631442672
2.08594,14.28067489357005
3.192800000000001,7.854266471708408
3.617060000000003,18.63736018734469
2.944000000000001,18.63736018734469
3.9144200000000025,3.6775567378726213
4.532500000000003,18.63736018734469
4.640500000000003,13.744966325489713
3.457300000000002,13.245813329526548
1.89442,18.083019880433465
3.5595000000000026,15.20937994745365
0.7695000000000001,10.192197836607884
2.691600000000001,18.422584158384474
3.824620000000002,18.63736018734469
2.3299000000000003,15.708532943416817
3.925200000000002,18.422584158384474
2.899870000000001,14.325285509251025
2.743900000000001,18.63736018734469
1.846,17.958231631442672
2.3572,8.138643438711355
2.757220000000001,17.048158316389962
4.532500000000003,18.63736018734469
4.904100000000003,20.35135030729021
3.179710000000002,15.994665013515569
2.3334,16.582050686352364
2.3699000000000003,15.334168196444441
3.251900000000002,6.3898528497444715
3.264600000000001,12.030976205544194
2.0496,18.422584158384474
3.8625700000000025,16.798581818408383
3.578100000000002,20.600926805271794
0.5208999999999995,13.620178076498922
3.819200000000002,18.63736018734469
3.048700000000002,11.02214797262344
2.1813,18.29779590939368
3.249200000000002,17.833443382451883
-0.2724999999999996,8.353419467671573
1.5996999999999997,10.316986085598675
4.048200000000003,7.9790547206991995
1.8509,16.582050686352364
2.4287,14.495450922530267
2.5686,18.17300766040289
3.209900000000001,17.958231631442672
2.576900000000001,18.762148436335483
2.2153,16.082897690389192
3.9409000000000014,18.63736018734469
3.730000000000003,15.583744694426024
4.663600000000003,18.63736018734469
3.4338000000000024,18.29779590939368
1.6459999999999997,8.10384296968999
2.21568,18.422584158384474
2.4369000000000005,18.63736018734469
3.3637000000000024,15.583744694426024
3.819200000000002,18.63736018734469
3.824620000000002,20.35135030729021
3.8246200000000026,18.63736018734469
3.4097000000000017,14.74502742051185
0.9937999999999992,11.53182320958103
3.824620000000003,18.63736018734469
3.361500000000002,8.228631218680782
-1.895699999999996,15.15419263650559
4.453600000000003,18.63736018734469
3.0919100000000013,9.35348056269371
3.2591600000000014,14.495450922530267
2.0354,11.65661145857182
2.564000000000001,13.620178076498922
3.824620000000002,18.63736018734469
2.806000000000001,18.083019880433465
3.790600000000002,16.549005320426797
2.615400000000001,14.6996502562234
4.729200000000003,18.63736018734469
4.628400000000004,18.762148436335483
5.600600000000003,24.65789997110376
3.023140000000001,15.20937994745365
1.2604000000000002,11.407034960590238
4.493570000000003,13.121025080535757
4.215900000000002,9.942621338626301
3.539320000000002,20.35135030729021
1.8251,13.620178076498922
3.819200000000002,18.63736018734469
1.79417,7.3445367804781565
2.250200000000001,18.63736018734469
2.397,18.083019880433465
4.663600000000003,20.35135030729021
1.6930999999999996,12.770884107317663
1.5824999999999998,14.994603918493432
1.5146999999999995,13.744966325489713
3.4537000000000027,7.094960282496573
3.589300000000001,17.833443382451883
4.532500000000003,18.63736018734469
2.8972700000000016,13.03103730056633
3.7555400000000025,18.29779590939368
2.0474999999999994,15.084591698462859
4.223700000000004,7.854266471708408
2.854800000000001,18.083019880433465
2.581520000000001,18.127630496114442
3.819200000000002,18.63736018734469
2.8297000000000008,19.797010000378982
2.29657,9.18336960368713
5.469200000000003,11.282246711599447
3.824620000000003,18.63736018734469
2.1225,16.79858181840838
2.692000000000001,15.458956445435232
1.55122,14.495450922530267
1.8671,7.5941677327324015
4.663600000000003,17.11874780892102
4.381000000000003,11.282246711599447
0.2506999999999999,16.582050686352364
3.177640000000001,20.13657427832999
1.8807,18.63736018734469
3.819200000000003,18.63736018734469
2.564000000000001,13.49538982750813
3.551140000000002,18.17300766040289
-1.6605000000000003,4.301497982826578
2.936400000000001,14.28067489357005
2.730100000000001,7.854266471708408
4.001800000000001,18.63736018734469
1.1232,12.90624905157554
2.58802,13.744966325489713
3.5626200000000017,18.63736018734469
2.436400000000001,18.63736018734469
1.5363999999999998,7.514702193757399
3.486600000000002,16.549005320426797
3.868800000000003,6.140276351762889
1.7561,11.407034960590238
1.9383,17.958231631442672
3.216800000000001,10.72790640468822
3.1648000000000014,14.620239171521058
1.8426,23.22499024027002
1.4571999999999996,3.9619337048755687
2.66584,15.530312486573768
4.250700000000003,20.35135030729021
0.1615000000000009,8.727784214643947
2.870400000000001,13.37060157851734
5.068940000000002,21.647630079224225
2.724000000000001,13.37060157851734
2.43304,20.476138556281
3.871540000000002,13.245813329526548
3.5246000000000013,13.620178076498922
3.0020000000000016,18.422584158384474
5.279400000000003,18.63736018734469
4.937700000000004,13.121025080535757
4.407900000000003,15.084591698462859
4.020140000000003,16.549005320426797
2.908400000000001,12.656672553593957
2.6227,6.3898528497444715
3.755700000000002,13.49538982750813
0.5017000000000014,8.228631218680782
3.1159000000000017,8.10384296968999
5.942500000000003,17.958231631442672
2.4762000000000004,6.514641098735263
3.176340000000001,9.822884770622483
1.726,13.155825549557122
3.618960000000001,13.37060157851734
3.5288000000000013,20.956659813413275
3.6446000000000014,17.958231631442672
1.94574,15.029404387514798
1.907,18.083019880433465
3.155470000000002,11.53182320958103
1.3554,11.407034960590238
3.8183000000000025,12.030976205544194
1.3872999999999998,6.26506460075368
4.334720000000003,18.63736018734469
3.618960000000002,13.37060157851734
0.5925199999999995,5.80071207381188
2.944400000000001,18.63736018734469
3.043700000000001,14.959803449472068
1.2749,13.620178076498922
1.907,17.958231631442672
3.064900000000001,15.334168196444441
3.157700000000002,16.24424151149715
3.1690000000000014,13.37060157851734
1.6974999999999998,18.63736018734469
2.7272000000000007,11.65661145857182
2.847700000000001,18.29779590939368
0.6973699999999999,12.781460802584748
3.4223000000000017,16.583805789448164
2.40024,17.833443382451883
1.6173,11.067470682639229
0.6818000000000001,8.88912803575191
3.328000000000001,16.11945326250636
3.611900000000001,5.890699853781306
1.269,15.583744694426024
3.9563000000000015,20.35135030729021
3.723860000000003,17.538489720181847
4.155320000000002,13.37060157851734
2.2748,15.621619735457704
4.242600000000003,20.0117860293392
2.9067000000000016,15.583744694426024
3.053600000000001,18.63736018734469
2.841700000000001,5.890699853781306
2.231,11.906187956553403
2.2346000000000004,20.13657427832999
2.8832000000000013,14.82443850521419
3.618960000000002,15.20937994745365
3.8171000000000017,13.37060157851734
3.6433700000000018,11.146936221614233
2.9434000000000013,18.63736018734469
3.6423900000000025,17.49387910450087
2.3633000000000006,11.407034960590238
0.8519999999999999,20.13657427832999
1.90807,9.693044840644719
1.9146,15.458956445435232
2.586620000000001,14.620239171521058
3.1037000000000017,15.583744694426024
1.9185,11.691411927593185
1.82316,16.11945326250636
3.636400000000002,20.011786029339202
4.547000000000003,13.245813329526548
2.495400000000001,16.244241511497155
5.371120000000003,13.744966325489713
3.723860000000002,17.538489720181847
1.9982,8.478207716662364
2.2646000000000006,11.53182320958103
1.9522,17.958231631442672
4.799700000000003,10.772517020369195
2.10357,8.10384296968999
2.404000000000001,8.10384296968999
3.9371800000000015,18.63736018734469
2.4220000000000006,7.604689973726825
3.769300000000003,12.155764454534985
3.3244000000000007,18.29779590939368
2.7223200000000007,11.781399707562612
3.2107600000000014,12.317108275642948
3.5645200000000017,13.37060157851734
2.829600000000001,11.27167001633236
2.793800000000001,20.35135030729021
3.1065000000000014,13.37060157851734
2.3953,17.833443382451883
3.0062700000000016,12.736083638296297
3.053600000000001,18.63736018734469
1.8241,12.654917450498152
1.282,18.422584158384474
2.0282,13.620178076498922
1.9614,17.958231631442672
3.6446000000000014,17.958231631442672
3.6082700000000014,9.693044840644719
3.225900000000001,18.63736018734469
2.0828999999999995,8.353419467671573
2.0614,11.407034960590238
2.5464,13.49538982750813
3.3431000000000024,8.602995965653156
6.253200000000003,12.531884304603166
3.3706000000000023,10.192197836607884
4.147500000000003,8.933738651432886
2.597600000000001,13.994542823471297
2.958800000000001,10.432952742418188
4.6989000000000045,7.854266471708408
1.72829,15.609723571276108
5.267040000000004,18.083019880433465
2.40852,13.744966325489713
3.5246000000000013,13.620178076498922
2.8832000000000013,16.53842862515971
2.0889,7.729478222717616
1.5862999999999996,17.833443382451883
2.2813,16.334229291466578
2.7745200000000008,7.344536780478157
0.3081000000000001,13.155825549557122
0.8301999999999999,10.80731748939056
2.5031000000000008,18.63736018734469
0.5779000000000002,7.594113278459739
2.988240000000001,13.620178076498922
3.2630000000000017,14.495450922530267
1.83879,9.92398959979541
2.45397,14.620239171521058
1.7372,11.53182320958103
2.3338,16.244241511497155
1.2439999999999996,4.675862729798952
3.701220000000001,18.63736018734469
3.053600000000001,18.63736018734469
-0.3182999999999995,13.245813329526548
3.768900000000003,18.29779590939368
2.791100000000001,15.621619735457704
3.053600000000001,18.63736018734469
3.321600000000002,18.63736018734469
4.199700000000002,18.63736018734469
2.04939,7.265125695775816
3.618960000000002,15.20937994745365
2.5426199999999994,6.3898528497444715
3.1115000000000004,7.854266471708408
2.8024000000000013,13.49538982750813
4.287900000000003,13.49538982750813
3.1007000000000016,15.833321192407608
2.5127000000000006,18.422584158384474
3.618960000000002,15.20937994745365
2.870400000000001,13.37060157851734
2.929400000000002,11.317047180620811
4.071900000000003,16.549005320426797
1.92393,13.94111061561904
3.5359000000000016,9.942621338626301
1.6874,6.26506460075368
2.6979000000000006,16.538428625159714
3.980070000000003,11.282246711599447
5.010900000000004,7.854266471708408
3.768900000000003,18.29779590939368
3.3706000000000023,8.228631218680782
1.7859,14.24411932145288
3.257170000000002,15.084591698462859
3.152700000000002,13.744966325489713
3.1159000000000017,12.155764454534985
4.133190000000003,21.0466475933827
2.10962,9.103904064712127
2.1081,12.441896524633739
2.870400000000001,13.37060157851734
2.7863,17.493879104500873
4.906000000000003,18.63736018734469
2.55352,17.958231631442672
1.6606999999999998,8.353419467671573
0.7504,7.265125695775816
3.094400000000001,15.583744694426024
2.22779,9.228692313702918
2.7390000000000008,17.958231631442672
2.754120000000001,11.65661145857182
2.426600000000001,12.611349843578168
0.9186399999999996,14.28067489357005
0.5191,5.505758411541846
4.358800000000002,18.17300766040289
3.755700000000002,13.37060157851734
2.3633000000000006,11.282246711599447
-1.684099999999997,6.514641098735263
1.9085,11.65661145857182
3.092240000000001,11.781399707562612
2.4997000000000007,11.407034960590238
1.2857999999999992,13.280613798547913
2.768300000000001,8.353419467671573
2.6044,11.067470682639229
0.0655000000000001,5.380970162551055
2.8798900000000014,19.33265747343718
3.8819000000000017,11.378852780092434
3.325520000000002,16.583805789448164
3.702200000000002,6.925561417824807
-0.4154999999999983,8.602995965653156
2.762100000000001,8.228631218680782
3.1763400000000024,9.698096521631692
2.791100000000001,15.621619735457704
2.1683900000000005,17.279103075540654
2.8867700000000003,13.03103730056633
2.768300000000001,8.353419467671573
1.1092,14.994603918493432
0.7722999999999998,20.600926805271794
5.128800000000004,6.015488102772097
2.929400000000002,11.317047180620811
3.2735400000000023,18.886936685326273
2.943900000000001,8.424775508810109
-1.6618999999999997,3.6223694269245597
3.251320000000001,19.672221751388193
2.7021000000000006,18.63736018734469
3.755700000000002,13.37060157851734
3.764580000000002,20.35135030729021
3.121500000000003,3.6669800426055357
3.1007000000000016,13.994542823471297
3.043700000000001,14.959803449472068
1.7738699999999998,10.138765628755628
3.4570000000000025,11.65661145857182
2.1051,10.067409587617092
1.7202999999999995,8.594174373481877
1.8633,18.63736018734469
1.8269,10.566562583580259
1.3717199999999996,7.604689973726825
3.3289000000000017,8.353419467671573
4.102700000000003,18.17300766040289
3.951200000000002,18.63736018734469
3.9949100000000017,14.28067489357005
1.1684,5.755334909523429
4.081020000000003,13.245813329526548
1.3463999999999998,10.816139081561841
3.902200000000003,18.76214843633548
3.2114400000000014,16.41364037616892
1.917,7.854266471708408
2.8324000000000007,13.245813329526548
1.7717599999999998,7.9790547206991995
3.618960000000002,13.37060157851734
2.4365,7.094960282496573
0.8164999999999993,6.889005845707636
4.297190000000004,8.979115815721336
3.099400000000001,17.172946565380755
2.4626,6.970172033505783
3.530400000000002,18.422584158384474
1.6515000000000002,18.207808129424258
3.406100000000002,11.19225893163002
2.31307,6.140276351762889
3.454500000000002,15.708532943416817
3.0576000000000008,21.635788369315293
4.071610000000003,14.959803449472068
3.690500000000003,13.744966325489713
2.7425000000000006,16.11945326250636
3.391300000000002,18.63736018734469
0.5567000000000017,6.140276351762889
3.391300000000001,17.833443382451883
1.8404000000000005,12.155764454534985
4.005120000000003,9.763634333175778
1.5408,18.762148436335483
0.8414999999999999,18.762148436335483
3.269800000000002,15.583744694426024
1.1906,6.764217596716845
3.887300000000003,3.802344986863413
1.97632,11.407034960590238
3.423000000000002,16.79858181840838
3.485000000000003,7.469325029468948
1.9481,20.261362527320784
1.4776,10.566562583580259
0.9555,4.301497982826578
4.573070000000003,16.67379356941759
2.495000000000001,8.353419467671573
3.2047000000000008,18.29779590939368
3.219070000000001,10.942682433648438
2.3084,10.852694653679011
2.1229,17.833443382451883
2.43489,19.072504280188515
2.30864,16.369029760487948
2.5158000000000005,3.6775567378726213
0.5185999999999995,10.852694653679011
3.932920000000003,16.549005320426797
2.9852000000000016,18.63736018734469
3.3173100000000018,14.574862007232607
2.10509,10.513130375728002
-1.7241100000000005,7.3445367804781565
3.3259000000000007,18.422584158384474
3.277400000000002,13.37060157851734
1.5081,13.744966325489713
1.2581,13.815555818020774
4.044700000000002,17.833443382451883
3.5714200000000016,11.65661145857182
4.333320000000003,7.479901724736034
5.045600000000004,13.245813329526548
2.2,10.192197836607884
0.279700000000001,12.280552703525778
0.6705000000000001,7.004972502527147
