sub_smi,Ir-cm5,homo-lumo,denticity,isomer
[Be]=[C]1NC(N)=CN1C(C)c1ccc(C=C)cc1,-0.0243058287515532,0.133458,0,0
[Li]<-N#Cc1ccc(C2COCOC2)cc1,0.5231778618750399,0.1352999999999999,0,0
[Li]<-NC(C)(C)C[N+](=O)[O-],0.2814595147308105,0.064894,0,0
