log P,Ligand coordination bulkiness (Å$^3$)
3.181000000000001,7.604689973726825
2.635300000000001,7.604689973726825
2.23102,7.604689973726825
3.1347000000000014,7.265125695775816
2.4884400000000007,8.808950402442093
3.1599200000000014,6.26506460075368
1.7753499999999998,6.800773168834016
1.5566199999999997,7.604689973726825
0.0371,7.604689973726825
0.66892,6.336420641892215
1.7948,7.604689973726825
3.3339200000000018,7.140337446785025
2.718300000000001,3.9271332358542037
2.43069,6.675984919843224
1.5779900000000002,6.675984919843224
0.7904900000000001,6.800773168834016
1.57957,4.961994799897705
2.652300000000001,7.389913944766607
2.971300000000001,7.604689973726825
2.5493200000000007,7.604689973726825
3.963300000000001,7.604689973726825
1.2417,7.604689973726825
3.543200000000001,7.604689973726825
2.8047200000000005,7.0155491977942335
3.4856000000000025,7.604689973726825
2.951200000000001,7.604689973726825
2.7690400000000013,7.604689973726825
2.8928800000000017,1.8387783689363106
2.693990000000001,6.675984919843224
1.5349499999999998,6.675984919843224
1.82499,6.675984919843224
4.102700000000001,8.122734413513578
2.48461,1.8387783689363106
1.91537,4.961994799897705
2.8843900000000016,6.675984919843224
2.07509,6.675984919843224
1.4305,5.765911604790515
2.866860000000001,7.729478222717616
2.10409,6.675984919843224
0.81599,6.800773168834016
3.025100000000002,1.8387783689363106
3.5962000000000023,7.265125695775816
2.6800900000000007,6.675984919843224
1.6021,7.604689973726825
2.47393,6.675984919843224
1.1247000000000005,7.604689973726825
2.1739,7.265125695775816
2.6525000000000007,8.979115815721336
3.091420000000001,9.318680093672345
2.521100000000001,2.0883548669178933
3.8652000000000015,9.318680093672345
2.457990000000001,6.970172033505783
1.8467,1.963566617927102
1.9051,7.265125695775816
0.7602,2.0883548669178933
2.77714,7.604689973726825
3.068860000000001,7.604689973726825
2.57892,7.604689973726825
3.926180000000001,3.6775567378726213
3.629200000000001,1.963566617927102
1.798,5.176770828857923
3.140620000000001,9.318680093672345
2.5276000000000005,7.604689973726825
2.9792000000000014,7.604689973726825
4.637700000000003,5.765911604790515
1.93483,6.675984919843224
4.038090000000002,3.6775567378726213
2.764710000000001,8.979115815721336
4.269200000000002,3.9271332358542037
2.951200000000001,7.604689973726825
2.785470000000001,5.4263473268395055
3.7120000000000015,1.8387783689363106
4.196100000000003,5.516335106808932
-1.0554999999999994,7.140337446785025
4.113840000000002,7.604689973726825
2.24214,8.979115815721336
1.0275,8.344597875500293
1.59822,7.604689973726825
3.289240000000002,7.604689973726825
1.6205,7.389913944766607
2.6386900000000013,6.675984919843224
3.335600000000001,3.612781286145805
2.2872000000000003,7.604689973726825
1.61109,6.675984919843224
1.93749,6.800773168834016
2.1657,5.00660541557868
4.147360000000004,4.051921484844995
1.4801,10.817894184657646
1.3199,7.604689973726825
2.998240000000001,1.8387783689363106
3.1636900000000017,6.675984919843224
4.203220000000002,3.6775567378726213
3.437800000000001,4.881817166587889
2.0648,7.604689973726825
3.198220000000002,7.604689973726825
3.552640000000001,2.0883548669178933
2.9355,7.0155491977942335
2.9948200000000007,12.32894998555188
2.5967,10.61495986560636
2.03369,6.675984919843224
3.4711000000000025,7.604689973726825
2.3629000000000007,1.8387783689363106
4.2573000000000025,8.55937390446051
1.2627899999999996,8.005033597549284
3.831400000000002,4.051921484844995
2.839940000000001,7.604689973726825
3.9898200000000026,3.6775567378726213
4.271720000000002,9.318680093672345
3.884400000000003,4.051921484844995
-1.0995099999999995,8.5495637578009
2.18844,8.854327566730545
1.81409,6.675984919843224
3.599820000000002,7.0155491977942335
2.18542,12.204161736561089
1.64342,6.675984919843224
2.4208000000000007,7.924855964239468
2.9487900000000016,6.675984919843224
2.3562700000000003,6.675984919843224
2.3963,8.514763288779536
3.4856000000000016,7.604689973726825
3.3179000000000016,1.8387783689363106
2.753800000000001,1.4992140909853016
2.8344200000000006,6.800773168834016
-0.3092100000000004,6.925561417824807
-0.5464000000000002,7.140337446785025
3.140620000000001,7.604689973726825
0.5348899999999998,6.800773168834016
1.7418999999999998,8.639551537770327
0.83,7.265125695775816
2.689400000000001,6.086077595303157
-0.19401,6.675984919843224
3.289240000000002,7.604689973726825
0.8420000000000001,2.0883548669178933
3.2892400000000013,7.604689973726825
2.473,9.318680093672345
3.014780000000001,7.604689973726825
3.673860000000002,7.604689973726825
3.623800000000002,6.015488102772097
3.299290000000001,5.006605415578681
3.288090000000002,9.103904064712127
3.229900000000001,8.979115815721336
2.3762000000000008,7.265125695775816
2.6515000000000004,8.979115815721336
3.530700000000002,5.516335106808932
1.9444,7.604689973726825
2.1767000000000003,7.265125695775816
2.901300000000001,5.256181913560263
2.1046000000000005,3.16782704664237
3.5271000000000017,9.318680093672345
1.88802,5.006605415578681
2.6423200000000007,7.604689973726825
0.37422,7.140337446785025
3.8493200000000014,4.032523197406629
2.623390000000001,6.675984919843224
1.53639,6.800773168834016
1.75,8.854327566730545
3.861600000000002,7.265125695775816
3.025500000000001,7.265125695775816
1.30255,7.050349666815598
2.791100000000001,1.8387783689363106
2.3946000000000005,2.0883548669178933
2.589800000000001,9.443468342663136
1.70869,6.675984919843224
1.58419,6.675984919843224
2.9468000000000014,7.604689973726825
1.9808,9.103904064712127
2.54408,7.604689973726825
2.846520000000001,7.604689973726825
3.2814000000000023,7.604689973726825
3.494010000000001,8.979115815721336
1.0841999999999996,5.176770828857923
2.28549,8.31182896972825
2.4023200000000005,7.265125695775816
2.7124200000000007,7.604689973726825
0.85429,6.800773168834016
1.4947,7.604689973726825
1.4873,8.639551537770327
2.7159000000000004,8.979115815721336
2.4468000000000005,7.604689973726825
2.6686000000000005,2.0883548669178933
0.73875,4.961994799897705
2.2640900000000004,6.675984919843224
2.749100000000001,5.1313936645694715
2.4517000000000007,7.604689973726825
2.3687700000000005,3.16782704664237
2.6991200000000006,6.675984919843224
2.7013000000000007,7.265125695775816
3.5307200000000014,7.604689973726825
2.535200000000001,7.604689973726825
2.0486,4.327476859676663
3.589190000000002,1.8387783689363106
3.486600000000003,7.604689973726825
3.871800000000003,4.051921484844995
1.9974,7.265125695775816
1.80969,6.675984919843224
1.7716999999999998,8.854327566730545
1.19165,6.1662552286129735
1.8155,8.514763288779536
4.478900000000004,3.8023449868634125
2.3467,7.265125695775816
2.681690000000001,6.675984919843224
3.1941900000000008,8.979115815721336
3.575200000000001,2.2131431159086845
3.076900000000002,7.265125695775816
2.373500000000001,7.604689973726825
3.436790000000001,6.800773168834016
1.57639,6.675984919843224
2.535200000000001,7.604689973726825
1.5868899999999997,10.26355387774642
1.9953,7.140337446785025
2.449,5.1313936645694715
3.076990000000001,6.675984919843224
0.7143999999999999,5.516335106808932
2.6163,2.0883548669178933
2.823590000000001,6.675984919843224
2.0412,7.604689973726825
2.548800000000001,7.604689973726825
3.7858000000000014,7.604689973726825
2.5013200000000007,8.808950402442093
2.852590000000001,6.675984919843224
1.30509,6.675984919843224
3.296800000000002,9.318680093672345
2.5444900000000006,6.675984919843224
2.900590000000001,6.675984919843224
1.3691999999999995,7.265125695775816
2.2022000000000004,1.8387783689363106
2.6249,7.0155491977942335
2.642150000000001,5.996856363941206
1.3423,7.514702193757399
3.168200000000001,7.0155491977942335
0.5490999999999999,7.604689973726825
3.451700000000001,2.462719613890267
3.103300000000001,8.639551537770327
4.262100000000002,4.881817166587889
3.485420000000002,4.42628623181737
3.505600000000002,7.604689973726825
3.2848200000000016,4.301497982826578
1.8077,8.979115815721336
1.46253,6.800773168834016
2.6651000000000007,6.675984919843224
3.892400000000003,9.318680093672345
3.299900000000002,12.114173956591662
0.4936,7.729478222717616
0.5388099999999998,6.4612088908830065
2.2211,7.265125695775816
2.946200000000001,5.00660541557868
1.73634,2.2131431159086845
2.08892,7.265125695775816
2.39501,4.961994799897705
3.2077000000000018,10.739748114597152
2.2484200000000003,7.140337446785025
3.9235000000000015,7.604689973726825
2.561000000000001,7.265125695775816
2.939400000000001,7.094960282496573
3.4029000000000016,7.729478222717616
3.557990000000003,1.963566617927102
3.140620000000001,7.604689973726825
2.4415500000000003,6.800773168834016
2.681000000000001,7.604689973726825
2.1137,7.604689973726825
2.4914,7.265125695775816
3.0214000000000008,2.2131431159086845
3.094100000000002,7.729478222717616
2.904520000000001,7.604689973726825
2.6739000000000006,7.604689973726825
3.2596200000000017,7.604689973726825
1.9964,7.604689973726825
1.8155,7.140337446785025
1.83649,7.140337446785025
1.81819,6.675984919843224
3.7406000000000015,8.854327566730545
2.6568000000000005,7.604689973726825
-1.0632099999999989,3.2480046799521856
3.094300000000001,3.9271332358542037
2.961720000000001,7.140337446785025
1.54259,6.800773168834016
2.1852,9.103904064712127
2.5083400000000005,7.0155491977942335
2.6249,7.140337446785025
1.7715199999999998,10.353541657715846
0.6267200000000002,1.8387783689363106
2.9907900000000014,7.514702193757399
2.1183,9.318680093672345
2.4914900000000006,6.925561417824807
2.6739000000000006,7.604689973726825
3.084600000000001,8.979115815721336
0.8853899999999999,4.667041137627672
0.3390999999999998,7.094960282496573
1.7176900000000002,7.265125695775816
2.5378,8.684162153451302
3.560700000000001,2.3379313648994757
-0.8589800000000001,7.604689973726825
4.444720000000004,3.6775567378726213
3.812610000000003,6.3810312575731905
4.150400000000002,8.979115815721336
0.4470999999999998,7.835634732877517
1.61109,6.675984919843224
3.3339200000000018,8.979115815721336
3.170910000000002,6.675984919843224
2.28191,6.800773168834016
2.5207,7.604689973726825
3.140620000000001,9.318680093672345
1.96081,4.961994799897705
2.5444900000000006,6.675984919843224
1.0319,1.8387783689363106
2.2655000000000003,3.737569535136596
3.0044000000000013,9.443468342663136
3.081800000000001,4.301497982826578
0.8770999999999998,8.175199010828527
4.560840000000003,7.3551134757452425
0.8537000000000001,7.265125695775816
2.24311,6.800773168834016
1.17512,6.800773168834016
-0.3708,1.8387783689363106
1.0816999999999992,4.176709733835787
2.3384,5.516335106808932
1.1625,2.3379313648994757
1.6524999999999996,3.8023449868634125
3.129300000000001,7.604689973726825
2.874100000000001,5.641123355799723
3.942700000000003,5.765911604790515
0.6285900000000001,8.005033597549284
1.5023,1.8387783689363106
0.7650000000000002,2.2131431159086845
2.2985000000000007,2.462719613890267
1.4207,4.051921484844995
2.733900000000001,10.49017161661557
1.35889,8.979115815721336
4.230700000000003,8.497099160485952
1.1819,7.729478222717616
0.5570999999999999,7.265125695775816
2.9652200000000004,12.271785565627159
0.2486999999999997,7.604689973726825
1.30089,6.675984919843224
1.99997,4.961994799897705
3.980240000000002,5.765911604790515
-0.3539000000000003,6.015488102772097
-0.0026000000000003,7.604689973726825
0.8770999999999999,6.675984919843224
2.385120000000001,8.979115815721336
0.1558999999999999,7.729478222717616
2.16143,6.800773168834016
2.23409,1.8387783689363106
0.4141900000000001,6.630607755554774
2.2824,9.942621338626301
1.56119,6.675984919843224
1.6669699999999998,5.00660541557868
1.44002,7.604689973726825
1.5939,5.516335106808932
1.57572,6.800773168834016
-0.2836999999999991,8.764339786761118
2.3829900000000004,1.8387783689363106
3.3057200000000018,9.318680093672345
1.0538999999999998,8.175199010828527
3.5322000000000022,9.318680093672345
0.9755999999999998,2.0883548669178933
2.934400000000001,7.585291686288459
1.7232999999999998,2.2131431159086845
1.0884999999999998,2.3379313648994757
2.2195000000000005,9.568256591653928
2.2514000000000003,8.933738651432884
0.6610900000000002,3.4627807089124034
3.082450000000001,5.675923824821088
0.85009,6.800773168834016
1.6467999999999998,7.604689973726825
1.3523999999999998,7.604689973726825
2.7554000000000007,8.854327566730545
2.797290000000001,3.712357206893986
0.5660900000000002,6.675984919843224
2.1916,3.9271332358542037
0.7546200000000001,7.140337446785025
2.266,5.00660541557868
0.92879,6.800773168834016
2.1641000000000004,2.462719613890267
0.7213999999999999,6.800773168834016
0.89699,6.675984919843224
1.92592,3.712357206893986
0.0705999999999997,6.140276351762889
1.5751600000000003,4.086721953866361
0.6884999999999997,2.3379313648994757
2.385120000000001,7.140337446785025
1.2407,7.140337446785025
1.8962,9.318680093672345
-0.3539,5.890699853781306
3.981700000000004,5.765911604790515
0.9707199999999998,7.265125695775816
2.0871,7.265125695775816
3.5396000000000027,5.516335106808932
1.6541,4.881817166587889
2.655490000000001,1.8387783689363106
2.61439,4.051921484844995
1.6935,2.462719613890267
0.8770999999999999,6.800773168834016
3.101710000000001,9.228692313702918
1.69682,5.4263473268395055
1.3868,1.8387783689363106
2.4824,3.9271332358542037
2.0473,7.604689973726825
1.95899,6.675984919843224
3.718300000000002,3.9271332358542037
3.328400000000002,7.604689973726825
1.2677999999999998,7.604689973726825
1.0155999999999998,3.9271332358542037
2.4369000000000005,11.65661145857182
2.954600000000001,2.0883548669178933
1.2787,9.318680093672345
0.0037999999999999,1.8387783689363106
1.1749299999999998,6.585997139873798
0.8514999999999999,5.176770828857923
1.1158899999999998,5.336359546870079
0.8770999999999998,6.800773168834016
2.4789000000000003,7.604689973726825
0.8309,10.49017161661557
0.24509,6.800773168834016
1.7092999999999998,7.0155491977942335
2.23212,1.963566617927102
1.7873,11.52503318065907
1.5200899999999995,6.3810312575731905
3.280590000000002,5.675923824821088
1.4820999999999998,6.800773168834016
0.5516000000000001,7.604689973726825
0.1377999999999999,8.979115815721336
1.7089,2.0883548669178933
0.7213999999999998,8.639551537770327
-0.6186999999999996,4.881817166587889
2.2434000000000003,9.318680093672345
2.1977,2.3379313648994757
2.1763000000000003,8.808950402442093
1.0538999999999998,7.604689973726825
2.998390000000001,1.8387783689363106
3.101300000000001,7.479901724736034
2.5770800000000005,1.8387783689363106
0.93359,12.146942862363707
-1.7227999999999997,1.8387783689363106
2.8928200000000013,5.516335106808932
1.3375,7.604689973726825
1.0656,7.0155491977942335
2.8516400000000006,11.032670213617864
2.23212,1.963566617927102
1.2878999999999998,3.612781286145805
1.4487,3.9271332358542037
2.2277200000000006,7.265125695775816
2.7451100000000013,1.8387783689363106
2.4137900000000005,6.7205955355241995
0.72834,7.140337446785025
1.6019,7.389913944766607
1.8927,2.2131431159086845
2.703070000000001,3.9271332358542037
2.0472,8.684162153451302
1.93359,6.675984919843224
2.3646200000000004,7.0155491977942335
1.4194999999999998,8.979115815721336
2.0719,7.604689973726825
2.1064799999999995,1.8387783689363106
2.6845000000000008,1.8387783689363106
1.8107,7.854266471708408
0.9335999999999998,7.265125695775816
1.94329,6.3810312575731905
0.7290899999999999,1.8387783689363106
2.7593000000000014,4.051921484844995
2.7360000000000007,7.604689973726825
2.0742,7.265125695775816
-0.5511000000000004,6.336420641892215
0.4079000000000001,1.8387783689363106
2.9154000000000018,5.641123355799723
2.18072,7.265125695775816
2.6133200000000008,12.204161736561089
1.29,1.8387783689363106
0.5063999999999997,7.729478222717616
3.0587800000000014,3.6775567378726213
2.4104800000000006,1.8387783689363106
1.7101,2.3379313648994757
1.3394,9.103904064712127
2.4829,8.639551537770327
0.3678999999999998,7.265125695775816
0.3763000000000003,2.0883548669178933
0.478,9.318680093672345
1.5757199999999998,8.514763288779536
2.27771,6.925561417824807
2.21815,7.140337446785025
2.736000000000001,7.479901724736034
2.38079,6.3810312575731905
2.2434000000000003,9.318680093672345
1.78012,7.604689973726825
2.8888000000000016,4.881817166587889
2.5597000000000003,1.8387783689363106
1.0456000000000003,8.808950402442093
2.3623000000000003,12.32894998555188
1.9238,10.693105935666855
1.4747,5.675923824821088
1.5162999999999998,3.8023449868634125
2.0871,8.979115815721336
2.1901399999999995,8.979115815721336
2.0871,7.604689973726825
2.730100000000001,5.516335106808932
1.763,7.604689973726825
2.2990000000000004,7.604689973726825
1.29339,1.8387783689363106
1.1204899999999995,7.710079935279251
1.5609,2.3379313648994757
2.5143000000000004,5.211571297879288
1.78012,8.979115815721336
2.812420000000002,9.318680093672345
1.79119,6.7205955355241995
3.036500000000001,4.051921484844995
0.5053000000000001,9.719023717494803
2.3923000000000005,5.641123355799723
0.6374999999999998,6.800773168834016
1.5956,5.4263473268395055
1.1480899999999998,6.1662552286129735
3.167300000000002,9.693044840644719
1.78162,1.624002339976093
0.9576000000000002,9.318680093672345
1.8946,5.00660541557868
1.7194,6.970172033505782
-0.6337000000000006,7.389913944766607
-0.56838,8.639551537770327
1.5311199999999998,5.00660541557868
2.1542000000000003,8.808950402442093
1.3263999999999998,7.265125695775816
-0.2735000000000003,6.015488102772097
1.34818,3.6775567378726213
1.0879999999999996,12.656672553593957
1.79404,4.961994799897705
3.1545,12.204161736561089
1.4449799999999997,7.140337446785025
0.7953999999999999,7.880245348558493
1.712,1.963566617927102
0.2803199999999998,8.979115815721336
-0.2010100000000003,6.925561417824807
1.1872,7.604689973726825
0.0281999999999998,1.8387783689363106
-0.3881000000000003,1.8387783689363106
2.6248000000000005,5.1313936645694715
0.4488999999999998,8.175199010828527
1.9811,6.015488102772097
1.5757199999999998,7.604689973726825
2.4108,7.729478222717616
1.92989,1.8387783689363106
1.4820999999999998,8.854327566730545
1.0929,7.265125695775816
0.4257,2.462719613890267
0.8684000000000001,7.389913944766607
2.4544000000000006,1.963566617927102
2.571900000000001,9.443468342663136
2.385120000000001,7.265125695775816
3.6636000000000015,4.051921484844995
0.96178,1.8387783689363106
-0.5240999999999998,5.00660541557868
4.306740000000003,3.6775567378726213
1.7270999999999996,11.032670213617864
1.47389,6.675984919843224
-1.5298099999999994,10.138765628755628
3.3435200000000016,12.204161736561089
0.9845400000000002,2.2131431159086845
0.9738,9.318680093672345
0.4232,2.4827127095377124
3.1064000000000016,3.9271332358542037
0.2718999999999998,7.514702193757399
1.10249,6.675984919843224
2.1641000000000004,4.176709733835787
1.90589,6.675984919843224
2.385120000000001,7.265125695775816
-0.2771099999999997,6.800773168834016
1.5823,6.800773168834016
1.97875,5.336359546870079
1.6935,2.3379313648994757
1.69682,5.301559077848714
0.2488999999999999,7.140337446785025
0.2265999999999999,9.318680093672345
3.0406000000000013,5.516335106808932
-1.5375000000000003,7.604689973726825
1.0313899999999998,6.4612088908830065
0.1497,7.604689973726825
2.4206000000000003,6.015488102772097
0.9376,7.604689973726825
0.9376,7.604689973726825
1.5779,7.265125695775816
1.25107,6.675984919843224
1.7057,1.8387783689363106
2.02699,3.8023449868634125
-0.4748099999999997,5.4263473268395055
2.0012,2.0883548669178933
4.101900000000001,3.9271332358542037
1.3672,7.604689973726825
-0.7930099999999991,6.800773168834016
2.5429000000000004,9.568256591653928
2.7394000000000007,2.2131431159086845
2.385120000000001,7.604689973726825
3.506800000000002,5.1313936645694715
1.7816199999999998,1.624002339976093
2.997300000000001,2.0883548669178933
0.7213999999999998,8.514763288779536
2.2161,9.318680093672345
2.8676900000000005,1.8387783689363106
-0.3835999999999994,7.265125695775816
1.17512,7.604689973726825
1.4005999999999998,5.890699853781306
1.99022,9.318680093672345
0.5820000000000001,10.942682433648438
2.3923000000000005,11.98938570760087
2.645010000000001,8.187040720737459
0.76152,9.318680093672345
3.140900000000001,7.604689973726825
1.2484,1.8387783689363106
2.8306000000000013,7.140337446785025
2.38079,6.3810312575731905
2.9845000000000006,5.176770828857923
3.6366200000000015,4.051921484844995
0.5277000000000001,5.765911604790515
1.7998,12.114173956591662
1.7801199999999997,7.604689973726825
1.16109,6.800773168834016
1.8739,9.318680093672345
3.062640000000002,1.8387783689363106
-0.90401,6.925561417824807
3.994500000000002,2.7393012423221075
1.0538999999999998,7.604689973726825
2.16143,6.800773168834016
1.0539,7.604689973726825
0.0837999999999994,7.604689973726825
1.12629,6.675984919843224
3.228400000000001,11.157458462608655
1.5585,6.800773168834016
1.9603,7.094960282496573
1.181,9.443468342663136
2.03479,1.8387783689363106
0.43269,6.675984919843224
0.3759899999999999,7.17513791580639
1.0538999999999998,7.604689973726825
0.7014,4.301497982826578
2.6348000000000003,7.265125695775816
-0.7930099999999991,6.800773168834016
1.3188,8.219809626509502
0.4336999999999998,1.8387783689363106
2.2362200000000003,9.318680093672345
1.12629,6.675984919843224
1.4309,5.765911604790515
1.7654999999999998,7.604689973726825
0.4432999999999994,7.604689973726825
0.6159000000000001,5.00660541557868
1.096,2.3379313648994757
1.2405,2.2131431159086845
2.1436,7.265125695775816
0.944,1.8387783689363106
3.415740000000002,11.032670213617864
-0.5821099999999999,6.800773168834016
3.2862800000000023,1.8387783689363106
0.6958900000000001,6.675984919843224
1.6103900000000002,5.4263473268395055
2.4148000000000005,7.265125695775816
1.93772,4.176709733835787
3.472690000000001,1.8387783689363106
0.76152,7.604689973726825
1.87992,7.140337446785025
0.0389999999999994,7.604689973726825
0.9806,7.604689973726825
2.8516400000000006,9.318680093672345
1.53858,1.8387783689363106
3.2499900000000013,1.8387783689363106
1.1013,7.389913944766607
1.8871,12.204161736561089
3.6644200000000025,8.24752266250437
1.5776,1.8387783689363106
1.3533000000000002,8.979115815721336
3.142900000000002,6.970172033505783
1.6923999999999997,7.389913944766607
3.338160000000002,4.176709733835787
3.004500000000001,3.6775567378726213
1.2611,7.140337446785025
1.4453999999999998,2.2131431159086845
2.975820000000001,9.443468342663136
1.75412,2.3379313648994757
0.60729,7.050349666815598
1.0900000000000003,5.890699853781306
1.8602,3.337992459921612
1.6761,7.729478222717616
0.7629000000000001,7.604689973726825
1.1506,1.8387783689363106
1.2611,7.265125695775816
1.5162999999999998,3.8023449868634125
2.977400000000001,3.737569535136596
2.2799900000000006,6.675984919843224
2.366390000000001,1.8387783689363106
1.55929,6.800773168834016
0.30089,1.8387783689363106
0.4485,2.462719613890267
2.5763000000000007,2.3379313648994757
3.8415000000000017,3.6775567378726213
1.7731,1.963566617927102
2.357970000000001,3.9271332358542037
1.4071999999999998,8.639551537770327
1.0486799999999998,2.0883548669178933
0.7213999999999999,6.800773168834016
1.5757199999999998,6.800773168834016
2.4137900000000005,6.845383784514992
0.6355000000000002,7.604689973726825
1.3433799999999998,10.693105935666855
2.4090000000000007,1.8387783689363106
0.7736,7.604689973726825
1.0539,7.604689973726825
2.1747000000000005,8.808950402442093
2.08798,3.6775567378726213
2.6863,7.140337446785025
1.81829,10.353541657715846
1.57572,7.265125695775816
2.4556000000000004,10.49017161661557
1.9017,5.256181913560263
3.328000000000002,4.176709733835787
1.72629,7.265125695775816
2.967490000000001,1.8387783689363106
1.9351,5.890699853781306
1.5486,7.604689973726825
2.3923000000000005,2.0883548669178933
2.05419,3.6775567378726213
2.5795000000000003,9.318680093672345
2.0961,9.443468342663136
2.3013200000000005,8.854327566730545
2.0575900000000003,6.675984919843224
1.0964,7.389913944766607
1.80879,6.675984919843224
2.22874,4.88181716658789
0.9255,7.389913944766607
1.1945,2.3379313648994757
1.0194,2.3379313648994757
1.7501799999999998,12.204161736561089
1.6161999999999996,7.0155491977942335
2.982600000000001,2.658097355412119
2.5539000000000005,7.265125695775816
0.7213999999999998,6.800773168834016
1.78012,7.604689973726825
1.44811,8.639551537770327
2.851640000000001,9.318680093672345
2.0594,5.176770828857923
1.5487000000000002,5.176770828857923
1.5134999999999998,3.837145455884777
0.5526200000000001,2.462719613890267
1.46066,1.8387783689363106
1.22747,5.765911604790515
1.42044,2.0883548669178933
3.6644200000000025,8.24752266250437
3.214900000000002,2.3379313648994757
1.3263999999999998,7.265125695775816
-0.1103999999999985,4.42628623181737
0.4221099999999999,1.8387783689363106
0.7546200000000002,7.140337446785025
3.172500000000002,3.9271332358542037
1.889,2.0883548669178933
-1.2663099999999985,6.800773168834016
0.2572999999999997,4.176709733835787
2.8695200000000014,5.00660541557868
1.3263999999999998,6.925561417824807
3.8232000000000026,3.8023449868634125
1.7302,7.265125695775816
1.6703199999999996,7.479901724736034
1.869,2.0883548669178933
2.1904900000000005,6.675984919843224
1.5905,8.469386124491084
2.38512,7.604689973726825
0.49517,7.604689973726825
2.6457999999999995,2.3379313648994757
-0.2665999999999991,5.765911604790515
2.2990000000000004,7.604689973726825
2.4389000000000003,4.176709733835787
0.7213999999999998,6.800773168834016
1.0726,10.183376244436603
2.2618400000000003,5.301559077848714
1.93103,6.925561417824807
2.26649,6.800773168834016
0.3772899999999993,7.050349666815598
2.6346700000000007,5.641123355799723
0.4235999999999997,8.514763288779536
1.69682,5.4263473268395055
2.1663,5.176770828857923
2.667700000000001,12.204161736561089
0.2643899999999997,6.675984919843224
2.117,9.318680093672345
3.167300000000002,7.604689973726825
3.0020000000000007,2.0883548669178933
1.3148000000000002,1.963566617927102
2.40519,6.675984919843224
2.9044000000000016,3.9271332358542037
2.1436,7.604689973726825
2.10759,8.344597875500293
-0.0589000000000003,6.800773168834016
1.4983999999999995,3.337992459921612
3.706800000000002,3.8023449868634125
3.1544000000000008,4.301497982826578
3.1613000000000016,3.9271332358542037
2.6598900000000008,8.187040720737459
3.4589000000000025,5.765911604790515
1.3345999999999998,10.138765628755628
1.5294,2.2131431159086845
1.0919800000000002,2.0883548669178933
2.0575900000000003,6.675984919843224
0.4488999999999998,7.604689973726825
1.57572,8.639551537770327
2.5687000000000006,4.916617635609254
0.9111999999999998,1.963566617927102
2.506190000000001,6.3810312575731905
2.7530600000000014,6.7205955355241995
1.1625,2.3379313648994757
1.96299,6.675984919843224
1.0474199999999998,10.739748114597152
2.3734400000000004,5.675923824821088
1.95149,8.854327566730545
1.4820999999999998,7.604689973726825
-1.1443100000000004,8.639551537770327
2.886000000000001,1.8387783689363106
3.520700000000001,4.881817166587889
1.3666,2.0883548669178933
2.8516400000000006,11.032670213617864
2.7140000000000004,8.122734413513578
0.6617999999999999,7.265125695775816
2.5135200000000006,7.604689973726825
1.93939,6.800773168834016
1.5543999999999998,11.86459745861008
2.2398,4.176709733835787
2.1536,4.301497982826578
-0.1750099999999997,9.0139162847427
2.718790000000001,1.8387783689363106
1.56119,6.925561417824807
0.2720999999999998,6.336420641892215
2.733900000000001,7.604689973726825
1.9916,5.641123355799723
3.118520000000001,7.604689973726825
1.3264,7.604689973726825
1.9089,2.2131431159086845
1.81829,10.693105935666855
0.7497900000000002,10.353541657715846
0.7752899999999998,1.8387783689363106
2.5135200000000006,10.15060733866456
2.8922000000000008,2.0883548669178933
1.3210999999999995,4.837206550906914
2.0473,9.318680093672345
0.6247900000000001,6.800773168834016
0.7525999999999999,7.604689973726825
2.807500000000001,11.032670213617864
0.9756,2.0883548669178933
2.986600000000002,7.265125695775816
1.4731999999999998,8.639551537770327
3.0178900000000013,6.675984919843224
2.18025,7.050349666815598
3.7901900000000017,8.979115815721336
3.3583000000000016,9.318680093672345
2.4905,7.604689973726825
2.07509,6.675984919843224
0.0696200000000001,6.336420641892215
3.025500000000001,7.265125695775816
4.671340000000003,3.6775567378726213
2.681000000000001,7.604689973726825
2.5373,7.604689973726825
1.2568899999999998,6.675984919843224
1.08007,4.961994799897705
2.4977400000000003,7.265125695775816
3.4601500000000023,1.8387783689363106
3.9910900000000025,1.8387783689363106
2.6568000000000005,7.604689973726825
1.65492,5.00660541557868
3.8241900000000015,5.675923824821088
0.2550999999999992,7.604689973726825
2.7316100000000008,1.8387783689363106
2.727100000000001,6.015488102772097
2.836890000000001,6.800773168834016
2.12789,6.675984919843224
3.140620000000001,9.318680093672345
2.889800000000001,7.604689973726825
3.289240000000002,7.604689973726825
1.17332,6.336420641892215
3.222300000000001,7.604689973726825
1.42372,2.2131431159086845
0.5283899999999997,6.800773168834016
1.4451900000000002,8.639551537770327
2.5956900000000003,8.31182896972825
4.136300000000003,3.8023449868634125
1.2014,5.176770828857923
1.5490899999999996,6.800773168834016
2.548800000000001,7.604689973726825
1.6141,3.9271332358542037
3.9751,3.8023449868634125
2.5741900000000006,6.675984919843224
-1.0659,8.639551537770327
3.1706000000000025,6.845383784514992
1.77317,6.675984919843224
2.679800000000001,5.4263473268395055
3.140620000000001,9.318680093672345
-0.6949999999999998,9.103904064712127
0.9854999999999998,8.979115815721336
1.0302999999999995,8.979115815721336
1.8155,6.675984919843224
3.642100000000003,7.604689973726825
3.157500000000001,7.265125695775816
2.12099,6.800773168834016
3.494010000000001,9.103904064712127
1.2417,7.604689973726825
2.9128300000000014,8.514763288779536
0.9708,8.764339786761118
3.187240000000002,8.979115815721336
1.6296,7.140337446785025
3.319200000000002,7.604689973726825
1.7664,4.301497982826578
2.0572,5.516335106808932
1.91211,4.961994799897705
1.7289,8.639551537770327
2.8001000000000014,6.140276351762889
-1.073999999999998,6.015488102772097
0.6301000000000001,2.462719613890267
2.07211,6.336420641892215
2.8338,7.604689973726825
3.796500000000002,7.604689973726825
2.1186,7.604689973726825
1.32012,6.675984919843224
1.5994000000000002,7.140337446785025
1.9511,7.265125695775816
4.056720000000003,9.318680093672345
2.6505,1.8387783689363106
3.842190000000002,1.8387783689363106
3.2239000000000013,7.604689973726825
3.295500000000001,7.265125695775816
2.45434,5.516335106808932
2.565100000000001,6.3810312575731905
3.5787000000000013,5.890699853781306
2.21662,1.963566617927102
1.871,4.301497982826578
2.8146000000000013,7.604689973726825
1.0538999999999998,6.800773168834016
0.6080999999999999,8.764339786761118
3.0936900000000014,7.0155491977942335
-0.698999999999999,7.604689973726825
2.5585000000000004,2.3379313648994757
4.118000000000003,3.9271332358542037
2.1358,7.140337446785025
3.1174100000000013,6.3810312575731905
1.8077,7.265125695775816
2.689400000000001,7.924855964239468
3.6964200000000016,11.157458462608655
3.193090000000001,6.7205955355241995
3.622700000000001,3.8023449868634125
1.6585999999999996,7.0155491977942335
2.839600000000001,7.604689973726825
3.649000000000002,5.4263473268395055
3.227400000000002,10.61495986560636
4.9044,8.24752266250437
3.8054200000000025,7.604689973726825
3.642100000000002,7.604689973726825
2.8328000000000007,7.604689973726825
2.50098,6.800773168834016
1.63259,8.933738651432886
3.1599200000000014,6.26506460075368
3.179800000000001,8.979115815721336
3.222300000000001,8.979115815721336
3.298300000000002,10.739748114597152
4.014500000000003,7.604689973726825
1.7664,4.42628623181737
3.963300000000001,7.604689973726825
3.8241900000000015,5.675923824821088
4.080900000000002,4.051921484844995
1.5294,6.800773168834016
3.464800000000002,8.979115815721336
1.7628,1.624002339976093
2.856660000000001,7.265125695775816
1.0043999999999995,4.301497982826578
2.3394000000000004,2.2131431159086845
2.1046000000000005,3.16782704664237
2.6918200000000008,5.516335106808932
1.7191,10.603118155697429
2.3608200000000004,8.854327566730545
1.08089,6.800773168834016
2.889800000000001,9.318680093672345
2.805290000000001,6.675984919843224
3.140620000000002,7.604689973726825
4.147360000000004,4.051921484844995
4.259500000000003,7.604689973726825
1.04802,10.478329906706637
2.3910600000000004,5.516335106808932
3.733990000000002,8.31182896972825
1.8155,7.140337446785025
2.975240000000001,7.389913944766607
2.597500000000001,7.604689973726825
1.7412,7.604689973726825
1.03089,6.675984919843224
1.662,1.8387783689363106
2.951200000000001,7.604689973726825
2.15219,6.336420641892215
2.7692,8.979115815721336
2.891190000000001,9.103904064712127
3.014420000000001,7.604689973726825
2.4514000000000005,1.963566617927102
0.2942999999999997,7.604689973726825
1.96112,8.979115815721336
1.7448,7.604689973726825
1.5391,7.604689973726825
3.3192000000000013,7.604689973726825
3.2687000000000017,8.979115815721336
3.4856000000000016,8.979115815721336
1.5915,6.800773168834016
2.224,2.462719613890267
2.3981000000000003,9.103904064712127
1.6850999999999998,7.604689973726825
4.244400000000002,8.497099160485952
3.0763000000000016,5.890699853781306
2.327,7.265125695775816
2.876690000000001,6.675984919843224
2.852190000000001,6.675984919843224
0.8759899999999998,6.675984919843224
2.5356200000000007,9.318680093672345
2.9667200000000014,7.389913944766607
2.4115,9.318680093672345
2.6567,6.336420641892215
4.047040000000002,3.8023449868634125
4.825020000000002,5.765911604790515
0.301,8.344597875500293
3.0761900000000013,6.675984919843224
3.281000000000001,7.265125695775816
0.5482899999999995,6.800773168834016
3.7456200000000015,9.443468342663136
3.5763000000000016,9.318680093672345
2.3552,5.516335106808932
2.7887000000000013,5.00660541557868
2.4853000000000005,11.282246711599447
3.626000000000002,7.604689973726825
1.7448,7.604689973726825
0.8789199999999999,8.175199010828527
1.1219,7.604689973726825
2.3328000000000007,4.496875724348429
2.7040000000000006,8.639551537770327
1.66107,5.765911604790515
3.0955000000000013,7.0155491977942335
4.244400000000003,8.497099160485952
0.0208899999999999,6.675984919843224
2.258290000000001,8.979115815721336
1.5007199999999998,7.604689973726825
2.5814000000000004,2.3379313648994757
1.67409,10.38834212673721
2.19609,6.675984919843224
2.1340000000000003,7.604689973726825
0.9112899999999996,6.800773168834016
0.9111,7.604689973726825
3.3968000000000025,7.604689973726825
2.4008000000000003,10.647728771378404
2.10949,8.129821846540075
3.8054200000000025,7.604689973726825
1.6600999999999997,8.979115815721336
1.6740899999999994,10.138765628755628
1.6388999999999998,7.265125695775816
1.6600999999999997,7.265125695775816
4.118000000000003,3.9271332358542037
1.5668000000000002,9.888422582166571
3.109700000000002,3.5875689579031946
2.681000000000001,6.925561417824807
3.0357000000000003,10.353541657715846
1.0076900000000002,6.675984919843224
3.4368000000000016,7.604689973726825
1.75299,6.675984919843224
3.905500000000002,5.765911604790515
2.30459,6.675984919843224
2.0082,6.505819506563983
2.698690000000001,9.228692313702918
-0.1240399999999992,6.925561417824807
2.519070000000001,7.604689973726825
3.3002900000000004,5.211571297879288
3.8054200000000025,7.604689973726825
2.6494800000000005,1.8387783689363106
4.502020000000003,3.6775567378726213
0.645,7.604689973726825
2.78759,1.8387783689363106
3.2822000000000022,7.604689973726825
3.4597000000000024,9.443468342663136
2.640080000000001,1.8387783689363106
1.91009,6.675984919843224
3.2299000000000007,7.140337446785025
2.9236400000000007,4.88181716658789
2.2319000000000004,3.737569535136596
3.451520000000002,7.604689973726825
4.147360000000004,4.051921484844995
0.8724699999999994,3.9271332358542037
3.389200000000001,5.765911604790515
3.091420000000001,9.318680093672345
3.0955000000000013,7.140337446785025
4.3198000000000025,7.854266471708408
1.94969,6.675984919843224
3.8334,5.516335106808932
2.513020000000001,9.568256591653928
0.8789199999999999,6.336420641892215
1.6588999999999998,7.140337446785025
2.17969,6.675984919843224
2.0950999999999995,7.604689973726825
3.442000000000003,4.051921484844995
0.0030999999999996,8.764339786761118
2.6388000000000007,6.800773168834016
2.73808,2.0883548669178933
2.4205000000000005,8.979115815721336
3.1354000000000006,12.204161736561089
4.372300000000002,2.0883548669178933
2.0704,7.71007993527925
2.256,8.344597875500293
1.3448999999999998,7.140337446785025
2.087,5.00660541557868
2.3049,7.389913944766607
3.054800000000002,8.979115815721336
2.891190000000001,8.979115815721336
4.042870000000002,5.641123355799723
3.5947000000000022,7.604689973726825
3.2299000000000007,7.265125695775816
1.1249199999999997,8.854327566730545
1.87982,8.175199010828527
4.347600000000004,8.122734413513578
2.6568000000000005,7.604689973726825
3.267000000000001,7.604689973726825
2.4115,9.318680093672345
1.31171,6.925561417824807
2.11182,2.0883548669178933
3.624850000000002,7.628762951033732
1.6146900000000004,9.103904064712127
2.560900000000001,7.604689973726825
2.7080400000000004,8.979115815721336
3.3728000000000016,7.265125695775816
2.7677900000000006,8.979115815721336
3.552640000000002,2.0883548669178933
3.351340000000002,8.979115815721336
2.2004200000000003,7.140337446785025
3.140620000000002,9.318680093672345
1.8075,7.604689973726825
3.140620000000001,8.979115815721336
0.9595,2.3379313648994757
3.339400000000002,4.301497982826578
1.4029999999999998,9.318680093672345
3.0955000000000004,7.604689973726825
1.16695,4.961994799897705
3.087290000000001,1.8387783689363106
2.957600000000001,8.684162153451302
2.3340900000000007,6.675984919843224
3.0013000000000005,7.140337446785025
2.948400000000001,10.693105935666855
3.809490000000002,5.301559077848714
2.913420000000001,7.140337446785025
2.4205000000000005,7.265125695775816
2.1756,3.9271332358542037
2.4205000000000005,6.675984919843224
3.340200000000002,7.265125695775816
3.016890000000002,6.845383784514992
1.4520199999999996,7.140337446785025
2.6506000000000007,7.604689973726825
1.76399,6.675984919843224
3.224600000000001,2.0883548669178933
2.8775000000000013,9.103904064712127
2.6568000000000005,7.604689973726825
2.650100000000001,8.808950402442093
1.8895,7.265125695775816
2.5356200000000007,7.604689973726825
2.3339,9.318680093672345
3.9349000000000025,7.604689973726825
0.5752999999999997,8.175199010828527
2.2897,8.979115815721336
1.22819,6.970172033505783
2.4447,7.479901724736034
2.7124200000000007,7.604689973726825
3.3583000000000016,12.204161736561089
-1.181509999999999,6.800773168834016
2.4704000000000006,9.193891844681554
1.12909,6.675984919843224
-0.2772000000000001,2.0883548669178933
2.5504000000000007,4.032523197406629
2.796290000000001,1.8387783689363106
2.0829699999999995,5.765911604790515
1.4071999999999998,8.979115815721336
1.9517,3.9271332358542037
2.7740300000000016,5.80071207381188
3.049290000000002,5.675923824821088
1.27542,2.2131431159086845
2.2585000000000006,5.516335106808932
0.4513999999999999,7.265125695775816
0.4291999999999997,1.8735788379576759
2.29942,2.0883548669178933
1.6998,8.979115815721336
1.2141,5.301559077848714
1.44002,7.604689973726825
0.8586,1.8387783689363106
1.7073,2.0883548669178933
1.6589,7.604689973726825
1.8488,10.61495986560636
-1.7395099999999994,10.26355387774642
2.18072,7.265125695775816
2.8991000000000007,7.488216473292535
1.2154999999999998,7.265125695775816
1.212,9.318680093672345
1.3294,1.8387783689363106
1.4716999999999998,6.800773168834016
1.6535999999999995,5.301559077848714
2.1922,9.318680093672345
0.1934999999999999,7.389913944766607
2.3434,3.9271332358542037
1.4868,7.604689973726825
1.3828,7.604689973726825
2.1436,7.265125695775816
2.2648400000000004,6.140276351762889
-0.5609999999999986,8.764339786761118
1.8102,12.114173956591662
1.7872,2.0883548669178933
3.113300000000001,3.9271332358542037
1.2134,7.389913944766607
3.101300000000001,5.516335106808932
2.401700000000001,5.516335106808932
2.2159000000000004,5.4263473268395055
1.57572,6.800773168834016
1.7698,2.2131431159086845
3.933900000000003,6.015488102772097
2.6500200000000005,6.845383784514992
1.2611,7.140337446785025
2.357100000000001,5.256181913560263
1.366,7.140337446785025
0.67042,2.0883548669178933
2.3294700000000006,5.006605415578681
1.51509,6.3810312575731905
2.0306,5.4263473268395055
1.1585,7.604689973726825
2.773000000000001,10.398152273396821
2.08972,3.337992459921612
0.4883999999999999,7.265125695775816
2.13749,6.675984919843224
1.6724,5.4263473268395055
1.6869999999999998,7.265125695775816
1.11469,6.675984919843224
1.93822,8.979115815721336
2.515500000000001,7.854266471708408
-0.2404800000000004,8.514763288779536
2.390200000000001,2.0883548669178933
1.32489,1.8387783689363106
2.6500200000000005,6.845383784514991
-0.7914099999999993,6.800773168834016
1.4788,4.301497982826578
1.94529,7.0155491977942335
1.3811,1.8387783689363106
1.86071,3.5875689579031946
2.15722,10.49017161661557
2.59602,2.0883548669178933
0.5968,8.854327566730545
1.8962,7.604689973726825
3.471300000000002,8.122734413513578
2.733900000000001,10.61495986560636
-1.2537999999999996,9.843811966485594
2.809700000000001,9.443468342663136
1.4821,8.979115815721336
1.37009,6.675984919843224
1.4821,6.800773168834016
-0.0537199999999999,11.557802086431114
1.6838,7.604689973726825
0.4721900000000001,6.675984919843224
2.9848800000000013,8.24752266250437
0.9425,6.140276351762889
1.3294,1.8387783689363106
1.945,1.963566617927102
4.2060900000000006,1.8387783689363106
1.66152,1.624002339976093
1.87992,7.0155491977942335
2.2952000000000004,8.979115815721336
2.9078800000000005,1.8387783689363106
1.1539,3.8023449868634125
1.56889,6.675984919843224
0.11865,6.675984919843224
1.96,7.729478222717616
2.70779,8.31182896972825
1.1811999999999998,7.094960282496573
1.1711,2.0883548669178933
0.4675999999999998,5.00660541557868
-0.3948999999999998,8.764339786761118
2.00848,7.604689973726825
1.51869,6.800773168834016
-1.223999999999999,7.17513791580639
1.17429,2.998428181970603
1.1823,9.318680093672345
0.48649,7.140337446785025
0.4959999999999998,5.380970162551055
1.0045,5.675923824821088
2.05269,6.800773168834016
1.5157,5.641123355799723
2.1291,5.006605415578681
2.790500000000001,7.729478222717616
2.5387900000000005,10.772517020369195
2.4987000000000004,4.881817166587889
0.9045999999999998,7.604689973726825
2.8405700000000005,5.641123355799723
1.00507,6.675984919843224
2.36674,2.3379313648994757
2.06502,5.675923824821088
1.3263999999999998,6.800773168834016
1.9853,11.98938570760087
1.3376,4.051921484844995
2.937100000000001,4.176709733835787
2.8253000000000013,7.692285954489319
1.7903,2.2131431159086845
1.88727,3.9271332358542037
2.929900000000001,7.604689973726825
0.4189999999999998,2.3379313648994757
2.2576,5.516335106808932
1.3012,13.828164076537181
2.63858,1.8387783689363106
1.2673,7.604689973726825
3.663160000000002,6.7205955355241995
2.1467,7.389913944766607
2.2026000000000003,5.00660541557868
1.6589,7.604689973726825
1.2375899999999995,8.764339786761118
1.7801199999999997,7.604689973726825
-0.1772999999999999,1.8387783689363106
-0.6172099999999989,6.800773168834016
1.7109,8.933738651432886
0.9335,8.344597875500293
1.62428,1.8387783689363106
2.4881600000000006,8.979115815721336
1.3188,6.7205955355241995
2.08297,5.765911604790515
2.0510999999999995,7.479901724736034
0.8405,8.979115815721336
-0.8668999999999998,5.176770828857923
2.5432200000000007,9.318680093672345
2.2382,10.522940522387612
0.8271999999999999,4.176709733835787
2.23212,1.8387783689363106
0.9707199999999998,7.265125695775816
1.3638199999999998,2.0883548669178933
2.8882000000000003,9.318680093672345
2.8516400000000006,9.318680093672345
2.544500000000001,7.729478222717616
1.0185000000000002,2.0883548669178933
-0.0232099999999998,6.675984919843224
2.2735000000000003,4.176709733835787
0.9375999999999998,6.015488102772097
2.16929,8.854327566730545
0.90852,5.641123355799723
2.6736000000000004,1.963566617927102
1.109,7.604689973726825
1.78012,7.604689973726825
1.92592,1.4992140909853016
-0.2635800000000001,8.299987259819318
1.47229,6.675984919843224
1.5900999999999998,1.8387783689363106
0.7290899999999998,8.639551537770327
1.9238,6.7205955355241995
1.60409,8.31182896972825
0.2621900000000002,8.187040720737459
3.129300000000001,7.604689973726825
1.4309999999999998,10.49017161661557
0.6726000000000001,2.0883548669178933
0.6622999999999999,7.265125695775816
2.614890000000001,5.551135575830297
1.4983,7.265125695775816
2.818700000000001,7.140337446785025
0.9707199999999998,6.800773168834016
1.2791899999999998,8.639551537770327
2.613640000000001,5.765911604790515
2.8394000000000004,9.193891844681554
1.8657,7.604689973726825
0.9685199999999998,7.140337446785025
1.21378,1.963566617927102
2.7729800000000004,1.8387783689363106
2.4258999999999995,10.693105935666855
3.003000000000001,4.051921484844995
2.2460900000000006,1.963566617927102
4.27979,1.8387783689363106
1.431,10.49017161661557
2.3734400000000004,5.675923824821088
2.614890000000001,10.02581908967377
0.3612999999999997,6.015488102772097
1.9352,4.301497982826578
0.3612899999999999,10.26355387774642
0.8948200000000001,8.979115815721336
2.7780000000000005,7.729478222717616
0.3270999999999998,1.8387783689363106
2.12542,9.318680093672345
0.7106999999999992,8.639551537770327
3.1041000000000016,6.845383784514992
1.5757199999999998,6.925561417824807
1.92592,3.5875689579031946
1.1745,10.433007196690848
1.4664799999999998,1.8387783689363106
-0.0757100000000001,10.058587995445812
1.34488,1.8387783689363106
1.6935,2.462719613890267
2.22499,1.8387783689363106
1.8731,9.326584340788775
3.065080000000001,1.8387783689363106
3.071500000000001,5.890699853781306
3.118520000000001,7.604689973726825
0.3256199999999997,8.514763288779536
2.5155000000000003,5.765911604790515
0.2441999999999998,2.3379313648994757
-0.0152000000000005,7.604689973726825
1.4226,4.301497982826578
1.4820999999999998,8.514763288779536
1.6838,7.604689973726825
0.36129,10.26355387774642
0.0688999999999996,7.140337446785025
1.48552,9.318680093672345
2.818500000000001,6.140276351762889
1.39197,6.675984919843224
1.1585,6.140276351762889
2.3958900000000005,3.9619337048755683
-3.531509999999999,11.63797971974093
0.8560999999999999,7.604689973726825
1.861,1.8387783689363106
-0.5467999999999982,4.42628623181737
1.3437899999999998,6.505819506563983
2.5432200000000007,9.318680093672345
2.205800000000001,2.0883548669178933
2.840600000000001,9.318680093672345
1.2677999999999998,7.604689973726825
3.113400000000002,3.6775567378726213
1.16462,4.837206550906914
1.04877,6.675984919843224
1.607,9.318680093672345
1.3592,7.389913944766607
2.5146000000000006,7.479901724736034
2.38512,7.140337446785025
1.9853,11.98938570760087
-0.2164000000000001,7.265125695775816
2.07149,7.140337446785025
2.63382,7.140337446785025
-1.0699099999999997,8.5495637578009
2.18072,7.140337446785025
2.3231400000000004,2.2131431159086845
0.1634999999999997,4.301497982826578
1.52009,6.3810312575731905
1.78162,5.00660541557868
1.78012,9.318680093672345
1.7801199999999993,7.604689973726825
1.6756,2.462719613890267
2.9496900000000004,5.675923824821088
1.51288,3.337992459921612
2.5288000000000004,2.0883548669178933
1.8523,7.389913944766607
1.25648,1.8387783689363106
0.1381899999999999,6.675984919843224
3.700000000000002,7.941862452470901
-0.3007099999999997,8.129821846540075
0.53762,7.854266471708408
2.104,7.265125695775816
3.140900000000002,7.604689973726825
1.3955,7.604689973726825
2.1575100000000003,8.979115815721336
0.78459,6.675984919843224
2.980700000000001,1.8387783689363106
1.5385999999999995,7.604689973726825
-1.3615999999999986,8.854327566730545
-0.56838,8.639551537770327
1.4868,7.604689973726825
1.3708999999999998,6.845383784514991
-0.1963000000000003,7.604689973726825
3.009990000000002,1.8387783689363106
0.9771,7.604689973726825
1.0535,2.3379313648994757
2.938000000000001,11.032670213617864
0.36049,9.228692313702918
-1.4201999999999977,7.17513791580639
2.6172000000000013,7.140337446785025
2.61059,6.505819506563983
-1.8019,5.176770828857923
2.7311700000000005,5.006605415578681
2.2429999999999994,7.0155491977942335
2.3623000000000003,7.479901724736034
0.7481999999999995,10.308164493427395
2.6057900000000007,6.7205955355241995
2.1181,1.963566617927102
1.5007,7.604689973726825
2.4220000000000006,2.0883548669178933
2.2208999999999994,5.00660541557868
0.9756,2.0883548669178933
1.5162999999999998,3.9271332358542037
2.11306,2.3379313648994757
2.0871,7.140337446785025
1.5033,5.1313936645694715
0.2965999999999996,2.0883548669178933
0.5993000000000002,3.712357206893986
-0.0073000000000001,8.639551537770327
2.51432,8.854327566730545
-2.7017099999999985,13.816322366628249
2.683520000000001,5.256181913560263
2.239,11.93222128767615
2.0194,5.516335106808932
2.05722,2.3379313648994757
2.2393,5.00660541557868
1.8325,2.0883548669178933
-0.23961,1.8387783689363106
1.20258,5.380970162551054
3.4350000000000023,9.318680093672345
1.5651,3.9271332358542037
1.9853,5.641123355799723
1.2205899999999998,4.961994799897705
3.331900000000002,1.963566617927102
0.5554899999999999,6.675984919843224
1.4960999999999998,3.8023449868634125
2.1615,2.3379313648994757
0.8471999999999998,1.8387783689363106
1.69278,1.8387783689363106
1.1625,2.462719613890267
1.6631999999999998,7.729478222717616
1.8827,3.5875689579031946
0.6921999999999998,7.265125695775816
0.7797999999999998,7.265125695775816
0.86567,6.336420641892215
0.8724000000000001,3.337992459921612
3.372300000000002,4.176709733835787
2.432200000000001,4.42628623181737
-1.1815999999999995,7.835634732877517
3.1073200000000014,11.032670213617864
2.802200000000001,4.176709733835787
3.2284200000000007,5.641123355799723
-0.0453799999999999,7.140337446785025
1.2934,4.88181716658789
1.9929,7.265125695775816
2.12833,6.3810312575731905
2.07056,2.3379313648994757
2.2034200000000004,3.337992459921612
2.46159,7.140337446785025
2.04502,6.381031257573191
1.5348,7.265125695775816
-1.8337800000000004,7.140337446785025
1.5305000000000002,7.389913944766607
1.9089,7.604689973726825
2.670200000000001,7.604689973726825
1.85301,6.800773168834016
0.3650999999999998,8.808950402442093
2.34107,5.131393664569472
1.82882,7.604689973726825
0.5057000000000001,7.265125695775816
1.3484199999999995,9.318680093672345
2.5558900000000007,5.80071207381188
1.2638999999999996,7.140337446785025
1.5486,7.479901724736034
1.29822,7.604689973726825
2.17974,8.979115815721336
1.62428,1.8387783689363106
1.158,7.265125695775816
0.7177,7.604689973726825
3.044900000000001,9.318680093672345
0.9319,2.462719613890267
3.3282000000000016,4.051921484844995
3.1518900000000016,7.514702193757399
3.062640000000002,1.963566617927102
0.3020999999999999,8.639551537770327
1.6175,1.4992140909853016
1.6086,4.551074480808161
1.32107,5.301559077848714
1.41869,6.675984919843224
2.0871,7.140337446785025
1.3315,2.3379313648994757
1.7449,4.051921484844995
3.0699000000000014,3.9271332358542037
1.6589,7.140337446785025
2.15722,10.365383367624778
2.30387,5.4263473268395055
0.7962999999999997,2.3379313648994757
1.3884,5.4263473268395055
1.7057,1.963566617927102
-1.0744000000000002,6.336420641892215
2.3936,2.2131431159086845
1.8926,5.516335106808932
1.0857,7.265125695775816
1.047,7.604689973726825
2.5319000000000003,12.204161736561089
1.0554,2.0883548669178933
-0.6354000000000004,5.890699853781306
2.862400000000001,3.8023449868634125
1.7840999999999998,5.4263473268395055
1.4463,9.443468342663136
2.4835400000000005,3.6775567378726213
1.27527,4.961994799897705
2.1436,7.604689973726825
1.0538999999999996,6.675984919843224
2.3040000000000003,2.0883548669178933
0.7676999999999998,7.604689973726825
0.8046,4.881817166587889
1.6782,8.219809626509502
1.5716,2.0883548669178933
0.6761200000000002,2.0883548669178933
3.1976000000000013,4.051921484844995
-0.2164000000000001,8.639551537770327
2.0114,7.265125695775816
0.3612999999999997,6.140276351762889
1.52479,1.8387783689363106
2.4544000000000006,1.963566617927102
0.5542,9.318680093672345
0.7877900000000001,8.514763288779536
1.5741,10.308164493427395
1.5819,7.140337446785025
2.4801,7.479901724736034
1.81868,1.8387783689363106
2.0473,11.032670213617864
0.5643199999999999,6.800773168834016
2.6813,9.318680093672345
0.7416999999999999,1.963566617927102
1.83332,7.514702193757399
1.4438,8.933738651432884
3.4707100000000013,1.8387783689363106
0.2721,9.318680093672345
2.502320000000001,9.318680093672345
0.8528,2.2131431159086845
1.95342,5.4263473268395055
2.6617000000000006,5.641123355799723
1.2791899999999998,6.800773168834016
0.5384,1.963566617927102
1.93822,9.318680093672345
3.0097600000000018,6.845383784514991
0.6622999999999998,7.265125695775816
1.6694699999999998,5.301559077848714
1.36829,8.933738651432886
1.4455,2.0883548669178933
1.5834899999999998,5.675923824821088
2.819500000000001,5.765911604790515
-0.0585,8.514763288779536
1.9404,9.318680093672345
2.18692,12.204161736561089
2.926400000000002,2.0883548669178933
0.6600000000000001,3.0430387976515787
2.5332100000000004,8.187040720737459
2.1486,7.265125695775816
-0.0152000000000005,7.604689973726825
1.45162,9.318680093672345
0.8996999999999998,5.176770828857923
2.9540900000000008,1.8387783689363106
2.0122,8.514763288779536
-0.9501999999999992,4.051921484844995
2.4581,10.530844769504043
2.5531200000000007,7.729478222717616
2.38512,7.140337446785025
0.8958999999999999,2.0883548669178933
0.9707199999999998,6.800773168834016
1.34434,3.9619337048755683
2.5669000000000004,9.318680093672345
-1.4565999999999997,5.641123355799723
1.5324999999999998,2.0883548669178933
1.3934,5.00660541557868
1.8633,5.1313936645694715
1.62428,1.8387783689363106
2.6198900000000007,1.8387783689363106
2.0767,7.265125695775816
0.9392,4.301497982826578
1.3614000000000002,9.318680093672345
2.4544000000000006,1.8387783689363106
0.5699000000000001,2.2131431159086845
1.5629,9.568256591653928
1.93822,9.318680093672345
2.11468,3.6775567378726213
-0.6878999999999993,6.140276351762889
3.4454100000000016,1.8387783689363106
1.4716999999999998,7.604689973726825
-0.9773099999999996,4.961994799897705
0.8339000000000001,6.140276351762889
3.549900000000002,5.4263473268395055
1.2514999999999998,8.639551537770327
0.6269,5.516335106808932
1.8772,7.265125695775816
2.1716,6.666434478176311
2.0475000000000003,1.8387783689363106
3.222100000000001,4.051921484844995
1.5611000000000002,2.3379313648994757
0.97072,6.800773168834016
1.5486,7.604689973726825
2.1253,7.0155491977942335
2.634800000000001,7.729478222717616
1.10879,1.8387783689363106
0.54382,6.336420641892215
1.13297,4.961994799897705
1.4820999999999998,9.318680093672345
1.3264,7.140337446785025
1.6694699999999998,5.4263473268395055
0.4714999999999997,5.4263473268395055
2.851640000000001,11.032670213617864
0.1314,1.8387783689363106
2.8507000000000007,4.176709733835787
-0.5600999999999996,2.0883548669178933
2.5611000000000006,5.00660541557868
2.686300000000001,7.140337446785025
3.706700000000003,5.765911604790515
0.1117000000000001,7.265125695775816
0.80609,6.3810312575731905
1.5613899999999998,10.693105935666855
2.997300000000001,9.318680093672345
2.1136,7.094960282496574
0.963,10.647728771378404
1.46499,10.478329906706637
0.8666999999999998,6.800773168834016
0.5516000000000001,7.604689973726825
2.4037000000000006,9.318680093672345
0.9319,2.3379313648994757
1.7014699999999998,3.9271332358542037
1.57572,6.800773168834016
1.4820999999999998,6.800773168834016
0.8435000000000001,2.3379313648994757
0.9707199999999998,6.800773168834016
2.5173000000000005,3.8023449868634125
2.2318,7.604689973726825
1.92108,1.8387783689363106
1.14509,1.8387783689363106
2.0114,7.265125695775816
1.17512,7.604689973726825
1.8207,5.765911604790515
-1.9338,11.048072395200862
0.2643900000000001,6.675984919843224
2.4902000000000006,7.265125695775816
1.95164,2.0883548669178933
2.225,8.514763288779536
1.3032,8.979115815721336
1.5757199999999998,7.265125695775816
1.4820999999999998,7.604689973726825
1.8783,7.604689973726825
3.4155000000000024,4.881817166587889
1.9945,7.479901724736034
1.6838,7.604689973726825
1.2331,5.00660541557868
1.8978,6.845383784514992
1.8047,4.301497982826578
1.7826,1.8387783689363106
1.0313899999999998,6.4612088908830065
2.1862000000000004,4.301497982826578
1.0710000000000002,8.469386124491084
1.2762,7.604689973726825
1.3024,9.318680093672345
0.5968999999999999,5.301559077848714
-0.8154000000000003,4.837206550906914
2.5770800000000005,3.6775567378726213
1.5385999999999995,7.604689973726825
1.6935,2.462719613890267
0.9319,2.3379313648994757
1.5618999999999998,9.318680093672345
1.3263999999999998,6.925561417824807
1.0416999999999998,7.880245348558493
1.3786,9.103904064712127
3.7271000000000014,4.702867860249209
2.18072,7.265125695775816
1.5637,9.103904064712127
1.0421999999999998,9.318680093672345
1.80719,6.925561417824807
1.48782,7.604689973726825
1.6504,8.979115815721336
2.3601,1.8387783689363106
1.2993,2.2131431159086845
1.5551,4.849048260815846
-0.72641,3.2480046799521856
-0.2355999999999999,2.0883548669178933
1.7246,7.604689973726825
0.30032,7.265125695775816
-0.0075299999999999,5.006605415578681
0.60642,8.514763288779536
1.29739,8.187040720737459
0.5317000000000001,9.443468342663136
1.7331,6.015488102772097
1.52259,10.02581908967377
0.36722,8.639551537770327
-0.4714,1.8387783689363106
0.3226999999999998,5.256181913560264
-0.0946799999999999,7.265125695775816
-0.4814800000000001,6.336420641892215
-0.9666999999999996,2.3379313648994757
2.05261,1.8387783689363106
-0.3493000000000001,2.0883548669178933
0.68702,8.514763288779536
0.9482199999999998,5.516335106808932
1.3944,4.42628623181737
1.3261699999999998,3.2480046799521856
0.3701000000000002,2.3379313648994757
0.63032,7.140337446785025
0.4047999999999999,7.265125695775816
1.18617,5.006605415578681
1.2055,1.8387783689363106
0.3155699999999999,4.961994799897705
0.67197,5.301559077848714
1.18617,5.006605415578681
0.0805,5.301559077848714
0.86687,5.006605415578681
3.155930000000001,1.8387783689363106
1.8741,7.479901724736034
-0.0515999999999998,6.26506460075368
0.4788,4.051921484844995
-0.1170999999999998,3.9271332358542037
0.8228,5.1313936645694715
0.1255,11.72720095110288
0.5403,2.462719613890267
-0.3046800000000002,8.175199010828527
1.7054999999999998,5.641123355799723
2.0008,11.032670213617864
-0.8582000000000001,7.729478222717616
1.1256,5.00660541557868
0.5824000000000001,5.301559077848714
0.0079,1.8387783689363106
0.2826000000000002,1.8387783689363106
0.7211900000000001,6.675984919843224
-0.0422,5.516335106808932
0.1133999999999997,5.80071207381188
1.5376,4.301497982826578
1.03372,12.32894998555188
1.5519,5.1313936645694715
1.3172,7.604689973726825
-0.9642,4.881817166587889
0.1061000000000002,2.3379313648994757
1.2495,4.176709733835787
1.8734,2.0883548669178933
1.24888,3.337992459921612
0.2917799999999998,7.140337446785025
0.9871,7.568394106602351
1.3598,8.25563634913104
-0.6117100000000002,7.514702193757399
0.86409,3.4627807089124034
1.396,4.301497982826578
0.2221999999999999,8.979115815721336
-0.3806000000000002,5.1313936645694715
0.8213000000000001,7.265125695775816
1.3598,8.906582724535253
-0.0643000000000002,4.051921484844995
2.2887900000000005,3.8023449868634125
1.4263,7.479901724736034
2.2904,3.9271332358542037
0.7866,7.389913944766607
2.1144000000000003,1.963566617927102
2.3955,4.301497982826578
0.1235199999999998,6.800773168834016
0.5652200000000001,6.7205955355241995
0.6123,5.516335106808932
0.1990699999999999,5.641123355799723
1.0265399999999998,7.140337446785025
-1.2942,5.516335106808932
1.8008999999999995,2.2131431159086845
2.5807900000000004,1.8387783689363106
-1.206999999999999,2.3379313648994757
2.07217,5.765911604790515
1.2068,2.3379313648994757
-1.3116,2.3379313648994757
-1.0093,1.8387783689363106
1.3172,8.979115815721336
2.5364000000000004,3.9271332358542037
1.7055,10.61495986560636
-0.0846999999999999,4.176709733835787
1.6952,4.051921484844995
-0.3860000000000001,3.4627807089124034
1.1778,7.219802985760028
-1.1937999999999984,4.301497982826578
1.94618,1.8387783689363106
1.6749,9.193891844681554
0.1078999999999998,7.140337446785025
1.39179,6.845383784514992
1.47167,3.9271332358542037
0.6833199999999999,5.176770828857923
0.1235199999999999,6.675984919843224
1.63114,7.140337446785025
1.04419,7.729478222717616
0.56168,3.337992459921612
0.7383000000000001,2.3379313648994757
0.9595,4.88181716658789
0.7285199999999998,7.140337446785025
-0.147,1.963566617927102
2.450100000000001,4.176709733835787
0.1821999999999999,7.265125695775816
0.3107199999999999,8.854327566730545
2.849100000000001,4.051921484844995
1.8756,11.407034960590238
2.00979,3.8023449868634125
-0.30468,6.800773168834016
-0.1929,4.301497982826578
1.0296899999999998,1.8387783689363106
2.212,6.7205955355242
-0.2311,4.301497982826578
0.3075000000000001,11.98938570760087
0.4630999999999999,5.211571297879288
1.91269,10.02581908967377
0.9236,1.8387783689363106
0.3911,7.729478222717616
1.1985,7.265125695775816
0.72852,8.854327566730545
0.2486000000000001,6.140276351762889
-0.3590000000000001,10.013977379764837
1.21142,7.140337446785025
0.3482799999999999,9.318680093672345
-0.0515999999999999,1.7487905889668844
3.291940000000002,8.122734413513578
1.8035,7.604689973726825
2.3162000000000003,1.963566617927102
0.3084999999999999,5.301559077848714
0.2979999999999999,6.800773168834016
0.4182999999999999,8.344597875500293
0.5668000000000001,11.157458462608655
-0.7317099999999994,6.585997139873798
1.38689,7.514702193757399
1.0059,7.9790547206991995
-0.0898,1.963566617927102
0.2460000000000003,7.604689973726825
1.9529,5.641123355799723
1.08839,7.265125695775816
0.0827999999999999,6.166255228612973
1.4641,11.86459745861008
-0.3028999999999999,2.2131431159086845
1.1093,1.963566617927102
0.4237199999999999,8.344597875500293
1.35439,5.301559077848714
0.7121999999999999,8.639551537770327
1.0901999999999998,7.604689973726825
-0.3821999999999999,1.963566617927102
-1.9662999999999995,1.8387783689363106
-1.6093000000000002,5.4263473268395055
0.0523,1.963566617927102
1.0265399999999998,7.140337446785025
2.0197000000000003,12.996236831544966
0.5693999999999999,5.00660541557868
0.329,5.765911604790515
0.859,8.639551537770327
-0.1033,2.2131431159086845
0.7285199999999998,7.265125695775816
0.4767699999999999,5.006605415578681
2.0679,5.380970162551054
2.1232,7.854266471708408
1.5886,7.604689973726825
2.283720000000001,1.963566617927102
1.7603,1.8387783689363106
-2.0519,5.176770828857923
0.3853,5.516335106808932
2.089090000000001,11.86459745861008
1.3797,2.0883548669178933
0.2221999999999996,7.265125695775816
-0.3249000000000002,8.979115815721336
-1.4259000000000006,6.800773168834016
1.3172,7.479901724736034
0.3003199999999998,8.639551537770327
1.7807,6.845383784514991
-0.1582000000000005,2.3379313648994757
-0.4918000000000002,2.3379313648994757
1.396,4.301497982826578
0.93677,5.006605415578681
-0.50821,6.800773168834016
2.04342,9.193891844681554
2.786200000000001,2.2131431159086845
1.60788,1.963566617927102
-0.3211000000000002,5.1313936645694715
-0.3682000000000001,5.1313936645694715
1.3317,1.8387783689363106
0.2221999999999999,3.8023449868634125
1.26659,7.219748531487366
-1.514,5.516335106808932
1.7678000000000005,2.2131431159086845
1.8204,7.604689973726825
1.1951000000000005,4.301497982826578
-0.7855000000000003,9.656748973520244
0.2419999999999997,10.49017161661557
1.43319,3.837145455884777
-2.7670999999999992,5.301559077848714
-1.416,4.837206550906914
0.62842,3.4627807089124034
1.8035,7.479901724736034
2.8475100000000007,1.8387783689363106
0.1608999999999998,4.837206550906914
0.7850199999999998,7.265125695775816
2.1357,3.9271332358542037
1.1985,7.140337446785025
2.3884000000000007,7.479901724736034
-0.3924000000000001,4.301497982826578
1.43842,7.265125695775816
0.59698,12.32894998555188
1.1484,7.729478222717616
0.53228,3.337992459921612
-0.0926199999999999,1.8387783689363106
0.1420899999999999,5.996856363941206
-0.1658999999999996,1.8387783689363106
0.6661,7.729478222717616
-0.5544999999999998,1.8387783689363106
-0.6996800000000001,6.800773168834016
0.8292999999999999,7.140337446785025
-2.0519,5.176770828857923
0.8976999999999999,3.292615295633161
0.7850199999999998,8.979115815721336
1.04049,7.140337446785025
0.8640899999999998,3.4627807089124034
-0.3087000000000001,6.140276351762889
2.4838000000000005,5.516335106808932
1.8826,6.970172033505782
-0.1075099999999999,3.5875689579031946
-1.1198099999999998,6.800773168834016
1.1628000000000005,10.49017161661557
2.1346,10.693105935666855
1.4038000000000002,8.55937390446051
1.586,1.963566617927102
1.08839,7.265125695775816
1.3203,8.933793105705547
0.6864399999999999,6.381031257573191
0.4364000000000001,13.952952325527974
1.5401,14.292516603478983
0.921,5.301559077848714
0.4948800000000001,2.3379313648994757
2.15252,7.479901724736034
1.9264,1.8387783689363106
0.7691999999999999,2.0883548669178933
-0.4814800000000001,6.336420641892215
0.3868999999999998,2.2131431159086845
1.4384199999999998,7.140337446785025
0.3178999999999999,7.265125695775816
1.27727,3.9271332358542037
-0.2311,4.42628623181737
1.4806199999999996,7.140337446785025
1.29144,6.7205955355241995
0.78611,1.8387783689363106
-0.9815000000000004,1.963566617927102
0.3785999999999999,6.925561417824807
-1.2511,1.8387783689363106
-0.3825100000000001,6.675984919843224
0.2104199999999999,7.0155491977942335
-0.4259000000000001,8.639551537770327
-0.65971,9.88842258216657
1.0735,8.854327566730545
0.7633,10.739748114597152
1.3172,7.604689973726825
3.2609900000000005,1.8387783689363106
-0.6369099999999999,8.31182896972825
2.0313,2.0883548669178933
-0.5019,7.094960282496573
-0.5942000000000001,7.094960282496573
1.3944,5.890699853781306
0.2894000000000001,1.8387783689363106
1.4263,8.854327566730545
0.8235000000000001,3.4627807089124034
-1.6818099999999998,7.050349666815598
-0.9835099999999994,10.138765628755628
-1.1664,5.516335106808932
-0.0585000000000001,7.265125695775816
-0.5391999999999999,5.301559077848714
0.7585999999999999,2.2131431159086845
0.80928,1.8387783689363106
1.0147799999999998,1.8387783689363106
1.03372,11.86459745861008
0.97222,9.318680093672345
-0.8497000000000001,2.2131431159086845
-0.3924,4.176709733835787
2.0855,6.970172033505782
1.37928,3.6775567378726213
0.8838999999999999,9.201796091797984
0.6507,5.301559077848714
0.4188900000000001,10.02581908967377
0.5035000000000001,4.176709733835787
0.4997799999999999,1.8387783689363106
1.28052,7.140337446785025
0.07308,1.8387783689363106
-0.8609999999999995,1.8387783689363106
0.3910999999999998,7.729478222717616
1.0265399999999998,7.265125695775816
0.58917,5.641123355799723
0.903,8.979115815721336
0.6123000000000001,7.265125695775816
1.0337199999999998,11.98938570760087
-0.1110999999999999,6.381031257573191
1.546,5.1313936645694715
0.1413199999999999,8.854327566730545
0.4390000000000001,7.854266471708408
0.9734000000000002,1.4992140909853016
-0.1934999999999999,4.051921484844995
1.0478,4.916617635609254
0.36722,8.639551537770327
1.4627,1.8387783689363106
-1.2077000000000002,6.336420641892215
0.6994199999999999,8.979115815721336
0.8292999999999999,7.265125695775816
1.99462,7.604689973726825
-0.3749999999999999,2.2131431159086845
0.33109,6.675984919843224
1.0059,4.301497982826578
1.1704,4.176709733835787
1.09344,8.979115815721336
2.443890000000001,7.854266471708408
0.4846,3.4627807089124034
-0.7474000000000003,5.380970162551054
0.4984,9.655852572416421
-1.2511,1.8387783689363106
1.2136,8.808950402442093
0.8292999999999999,7.265125695775816
0.5739,2.2131431159086845
0.2705000000000001,1.8387783689363106
1.8027,6.970172033505782
0.3701000000000002,2.2131431159086845
0.6354000000000002,5.641123355799723
2.458,5.1313936645694715
0.7823999999999993,3.9619337048755683
-0.5914000000000003,5.176770828857923
0.1235199999999998,6.800773168834016
0.3939,7.265125695775816
1.21142,7.265125695775816
0.4389999999999999,7.729478222717616
0.3776999999999998,7.140337446785025
2.1995,2.0883548669178933
1.4806199999999996,7.140337446785025
-0.9503,3.292615295633161
1.0474,9.129116392954735
0.8407000000000002,4.176709733835787
0.4215399999999998,6.800773168834016
2.2025,4.051921484844995
1.61978,1.8387783689363106
2.5532000000000004,3.6775567378726213
1.01478,10.49017161661557
1.218,7.265125695775816
2.5704900000000004,6.845383784514992
0.9175,3.4627807089124034
-0.1744000000000001,7.880245348558493
0.4048,1.8387783689363106
1.5637,12.271785565627159
1.7534999999999998,4.496875724348429
0.45249,8.651393247679259
-0.1659100000000001,4.747218770937487
0.3294900000000002,3.3727929289429768
0.19907,3.9271332358542037
0.5272000000000001,1.8387783689363106
0.8904199999999998,7.604689973726825
0.7545999999999999,3.5875689579031946
2.05261,1.963566617927102
0.2485999999999997,2.2131431159086845
-0.7632000000000005,2.3379313648994757
1.798,6.845383784514992
2.1346,10.693105935666855
1.6532,6.015488102772097
3.7706000000000017,17.533450605565488
0.8623000000000001,9.228692313702918
0.89057,7.140337446785025
1.1959,1.8387783689363106
1.65509,8.933738651432886
-0.6852000000000003,9.228692313702918
0.38109,10.308164493427395
-0.1174800000000001,7.140337446785025
0.9836,8.979115815721336
-0.6742999999999999,7.265125695775816
1.9117,4.301497982826578
1.0642,4.051921484844995
0.8305,6.210865844293949
1.5606,3.8023449868634125
1.3186,1.963566617927102
1.7331,7.729478222717616
1.7218,1.8387783689363106
0.0588,7.265125695775816
1.1704,4.176709733835787
1.4878,10.49017161661557
1.2269,3.5421917936147436
0.8959000000000001,2.2131431159086845
1.21079,7.265125695775816
0.99682,1.963566617927102
0.1975899999999999,5.4263473268395055
0.65449,1.8387783689363106
1.2956,4.051921484844995
1.3988,6.845383784514991
-0.3589999999999999,8.639551537770327
0.0841899999999999,6.800773168834016
0.54667,5.006605415578681
0.0730799999999999,1.8387783689363106
0.47769,1.8387783689363106
-0.1505999999999998,3.9271332358542037
1.39829,1.8387783689363106
2.11411,1.8387783689363106
-1.2085999999999997,1.8387783689363106
-0.2938,1.8387783689363106
2.2446900000000003,1.8387783689363106
-0.6668000000000001,6.336420641892215
0.1235199999999998,6.675984919843224
0.2221999999999999,7.140337446785025
1.09309,1.8387783689363106
1.51429,6.800773168834016
-1.0934000000000004,7.9790547206991995
-0.8609999999999995,1.8387783689363106
1.4579000000000002,7.6917456005529
-0.9666999999999996,5.176770828857923
0.5688899999999999,4.961994799897705
1.5655899999999998,1.8387783689363106
0.4243000000000002,2.3379313648994757
-0.0217000000000001,4.301497982826578
0.7213900000000002,1.8387783689363106
1.61978,1.8387783689363106
-0.6486100000000001,6.800773168834016
0.3965000000000001,10.942682433648438
1.7656,5.516335106808932
1.94618,1.8387783689363106
0.582,7.604689973726825
2.12451,1.8387783689363106
0.65069,10.522940522387612
2.3045000000000004,4.247299226366847
1.9222,2.0883548669178933
-0.5302999999999993,2.2131431159086845
-1.1458999999999993,4.176709733835787
-0.1246,7.265125695775816
0.6649,5.765911604790515
0.5217,7.389913944766607
1.5511,7.604689973726825
0.4255,6.970172033505782
-0.5727999999999998,2.3379313648994757
1.03372,10.49017161661557
1.7457699999999998,3.9271332358542037
-0.0429000000000001,5.176770828857923
2.03411,1.8387783689363106
0.0004,2.0883548669178933
1.5519,5.1313936645694715
0.3706900000000001,3.5875689579031946
-1.11131,9.811043060713551
-0.05751,3.5875689579031946
1.2068,2.3379313648994757
0.1061,2.2131431159086845
0.1304799999999999,1.8387783689363106
-1.78051,6.925561417824807
-0.1125000000000002,2.953051017682152
1.56777,5.00660541557868
0.7574999999999998,1.963566617927102
0.6965999999999999,4.881817166587889
-1.2077000000000002,6.336420641892215
0.5962000000000001,7.389913944766607
1.18617,5.006605415578681
1.7435999999999998,3.8023449868634125
1.0551,4.176709733835787
1.21142,8.979115815721336
-0.6212000000000002,4.42628623181737
0.4303999999999997,2.2131431159086845
2.0499000000000005,5.505758411541847
-0.1364200000000001,8.639551537770327
0.58917,3.9271332358542037
0.4272899999999997,6.925561417824807
0.2890999999999998,4.176709733835787
0.1819899999999999,1.963566617927102
0.95328,1.8387783689363106
0.2122799999999999,3.337992459921612
0.8054999999999999,10.522940522387612
1.8734,2.0883548669178933
1.29202,7.140337446785025
0.89968,4.301497982826578
1.3457,10.49017161661557
-0.8215300000000003,5.641123355799723
0.8422000000000001,10.02581908967377
1.7331,7.729478222717616
1.3756,9.407172475538662
0.8395900000000001,7.514702193757399
1.62848,1.8387783689363106
1.7861,10.61495986560636
2.0861,4.051921484844995
0.2422999999999999,4.301497982826578
-0.3107000000000001,4.837206550906914
0.2615999999999999,1.8387783689363106
1.32639,1.8387783689363106
1.5465000000000002,6.666434478176311
1.62399,5.256181913560263
1.32272,7.140337446785025
1.6312,9.443468342663136
0.62842,1.4992140909853016
0.3657000000000001,5.516335106808932
1.99462,9.193891844681554
1.0247,7.0155491977942335
0.6833199999999999,5.176770828857923
-0.1923099999999999,7.710079935279251
1.75994,10.365383367624778
-0.0022999999999996,3.9271332358542037
1.6532,7.854266471708408
-1.35351,6.505819506563983
-0.7070100000000002,3.837145455884777
-0.7037999999999998,1.8387783689363106
-1.1174799999999998,6.675984919843224
0.4698000000000001,1.8387783689363106
-0.1016999999999997,2.3379313648994757
-2.19041,9.968600215476386
0.6544699999999999,5.641123355799723
1.43319,5.675923824821088
-0.1383800000000001,8.514763288779536
0.0022999999999998,8.639551537770327
1.0956199999999998,8.684162153451302
-0.1169100000000001,1.8387783689363106
-0.1469,8.175199010828527
-0.8688000000000002,4.176709733835787
0.5431999999999999,7.265125695775816
2.13589,7.729478222717616
1.81418,3.6775567378726213
0.97986,3.6775567378726213
-1.2808000000000002,3.8023449868634125
1.8756,9.568256591653928
0.0588000000000002,7.265125695775816
0.1235199999999999,8.514763288779536
0.66489,1.8387783689363106
1.04419,7.219748531487366
1.13,7.265125695775816
1.4871,7.729478222717616
0.0964899999999999,10.772517020369195
1.2519,4.42628623181737
2.871800000000001,3.9271332358542037
1.5575,1.963566617927102
0.4851999999999998,7.265125695775816
1.8772,9.443468342663136
-0.1786000000000001,3.9271332358542037
0.77647,3.9271332358542037
0.859,8.639551537770327
2.04342,7.479901724736034
1.60959,7.90795838455336
0.3672199999999999,8.639551537770327
2.5580000000000007,4.881817166587889
0.0782999999999998,5.380970162551054
0.0094999999999998,6.845383784514991
0.7681,4.42628623181737
-1.7096999999999989,5.176770828857923
-1.1458999999999997,4.301497982826578
2.807300000000001,3.9271332358542037
1.82617,5.641123355799723
-0.1033,2.2131431159086845
1.8772,7.729478222717616
1.92387,5.131393664569472
0.6491999999999999,10.739748114597152
1.3737,7.265125695775816
1.3317,1.963566617927102
0.5652200000000001,6.7205955355241995
0.56522,6.845383784514992
1.15128,1.8387783689363106
0.8118,5.765911604790515
0.6652000000000002,2.0883548669178933
1.4998999999999998,8.979115815721336
2.5515300000000005,6.800773168834016
2.2272,8.979115815721336
2.45218,1.8387783689363106
1.7848,5.516335106808932
1.2538,9.103904064712127
0.6895999999999998,6.336420641892215
1.8491999999999995,8.344597875500293
0.5332999999999998,10.308164493427395
1.0177,1.963566617927102
2.4350900000000006,6.675984919843224
0.2956099999999998,7.050349666815598
1.0319999999999998,6.800773168834016
1.05622,5.176770828857923
2.3308,7.604689973726825
2.1535,5.516335106808932
3.515600000000002,2.0883548669178933
3.358200000000002,9.318680093672345
2.0234,5.176770828857923
2.754100000000001,7.604689973726825
0.6652000000000002,2.0883548669178933
2.23222,6.845383784514992
0.9340900000000002,8.639551537770327
2.3308,2.2131431159086845
1.8499,7.140337446785025
1.1855199999999997,6.336420641892215
2.0503400000000003,3.6775567378726213
2.878420000000001,8.979115815721336
1.68362,2.0883548669178933
2.6994000000000007,4.42628623181737
1.96232,8.979115815721336
0.7514999999999998,7.265125695775816
1.3523899999999998,6.630607755554774
3.805080000000003,3.6775567378726213
0.9395999999999998,2.462719613890267
2.5950000000000006,7.729478222717616
2.570400000000001,8.979115815721336
1.43979,6.3810312575731905
2.852730000000001,1.8387783689363106
3.155000000000002,5.176770828857923
3.5713000000000026,11.65661145857182
1.7258,7.604689973726825
2.5498000000000003,10.02581908967377
2.489140000000001,7.265125695775816
2.374690000000001,6.675984919843224
2.7197000000000005,7.140337446785025
1.7234,7.0155491977942335
0.96732,6.800773168834016
2.990870000000001,5.006605415578681
2.4542,7.604689973726825
1.3119199999999998,6.675984919843224
1.6051999999999995,6.675984919843224
3.353600000000001,3.9271332358542037
1.86993,6.800773168834016
3.046110000000001,9.103904064712127
1.6489200000000002,1.8387783689363106
-0.4997000000000002,7.604689973726825
1.8356,2.0883548669178933
1.5797,7.479901724736034
2.8433100000000007,1.8387783689363106
2.6939,7.265125695775816
0.7629899999999996,7.050349666815598
2.636700000000001,1.963566617927102
3.305500000000001,7.854266471708408
3.380020000000002,6.845383784514992
2.3474900000000005,6.675984919843224
1.2614,7.389913944766607
2.4279400000000004,5.4263473268395055
1.48344,4.837206550906914
2.5700000000000003,7.140337446785025
2.4159700000000006,5.301559077848714
3.0570200000000014,7.604689973726825
2.7361000000000013,7.604689973726825
1.1755999999999995,7.140337446785025
1.2092000000000005,7.604689973726825
1.6511000000000002,7.514702193757399
1.3396,7.604689973726825
-0.3114099999999991,8.674352006791691
0.8670699999999998,4.961994799897705
3.200520000000002,3.4627807089124034
2.5092000000000008,9.326584340788775
3.653200000000002,9.443468342663136
1.6932,2.462719613890267
3.866920000000002,7.479901724736034
2.489140000000001,7.265125695775816
2.5700000000000003,7.265125695775816
3.313500000000002,7.604689973726825
3.5111000000000026,7.604689973726825
0.8811999999999998,7.265125695775816
0.4857999999999993,7.604689973726825
0.9893999999999998,7.140337446785025
3.714780000000003,3.6775567378726213
1.82068,1.8387783689363106
3.796800000000002,12.32894998555188
0.1124999999999996,6.800773168834016
1.3623999999999996,2.3379313648994757
1.1037,4.881817166587889
3.057290000000002,5.301559077848714
2.23222,8.219809626509502
1.6548899999999998,7.050349666815598
0.3218999999999999,4.837206550906914
2.08854,6.675984919843224
3.050380000000001,1.8387783689363106
2.0485,7.265125695775816
2.1877000000000004,3.9271332358542037
2.808990000000001,6.3810312575731905
0.2318000000000013,4.301497982826578
1.8807,2.3379313648994757
2.4911000000000003,14.16772835448819
3.948700000000003,2.0883548669178933
2.11709,1.8387783689363106
0.0608999999999995,1.8387783689363106
1.4088,8.854327566730545
2.6937000000000006,7.604689973726825
4.575700000000001,8.122734413513578
1.6848,7.265125695775816
2.8946000000000014,5.641123355799723
2.3013200000000005,1.8387783689363106
3.2426400000000024,1.8387783689363106
0.7929899999999998,6.630607755554774
1.26959,6.4612088908830065
1.2551,5.765911604790515
2.5700000000000003,7.140337446785025
1.1208,8.639551537770327
1.6724,8.854327566730545
0.5257,7.140337446785025
2.5942,7.265125695775816
0.0845999999999997,8.979115815721336
1.61871,7.834868184270042
2.178,11.032670213617864
3.215600000000002,5.890699853781306
2.1516,1.8387783689363106
0.8992999999999998,2.3379313648994757
2.4407000000000005,10.02581908967377
2.490100000000001,5.80071207381188
2.6007700000000007,5.006605415578681
2.2457,5.641123355799723
2.26949,7.265125695775816
1.4227999999999998,7.604689973726825
0.9261699999999996,4.961994799897705
2.459390000000001,5.675923824821088
1.7110999999999998,10.02581908967377
1.96732,7.604689973726825
-0.0025,8.639551537770327
1.90879,6.800773168834016
1.80308,8.979115815721336
-0.48621,8.005033597549284
0.6652000000000002,2.0883548669178933
1.5722899999999995,6.800773168834016
-0.2783000000000001,8.639551537770327
3.5305200000000028,4.051921484844995
2.433840000000001,9.318680093672345
0.7947000000000001,5.256181913560263
2.703900000000001,1.963566617927102
3.5245000000000024,4.176709733835787
1.4164,8.979115815721336
1.54674,7.389913944766607
4.054520000000003,8.122734413513578
-0.4029099999999994,6.800773168834016
3.301000000000002,6.140276351762889
1.637,7.265125695775816
1.7246,7.604689973726825
-0.0406000000000001,7.729478222717616
1.43159,6.675984919843224
2.4985600000000003,7.140337446785025
1.5208,7.265125695775816
0.9491999999999994,4.301497982826578
1.4044,5.4263473268395055
2.7684000000000006,5.301559077848714
2.0993,3.9271332358542037
-0.5902999999999989,7.140337446785025
1.9103,6.800773168834016
-3.599199999999999,4.872007019928279
2.845900000000001,7.3551134757452425
1.2785,7.729478222717616
1.15411,6.800773168834016
1.933,9.318680093672345
2.5515300000000005,8.639551537770327
2.53411,7.265125695775816
3.718700000000002,7.604689973726825
4.650520000000002,9.961512782449889
4.222100000000003,1.963566617927102
3.1906000000000008,4.051921484844995
3.026400000000001,5.641123355799723
2.0538,7.880245348558493
0.7505999999999999,7.604689973726825
2.178,11.032670213617864
2.3426,7.613004722283327
2.808020000000001,5.00660541557868
2.15848,3.6775567378726213
1.537,7.604689973726825
2.38032,7.604689973726825
3.193900000000001,7.265125695775816
2.0853,7.140337446785025
2.5847999999999995,7.265125695775816
3.721300000000001,7.604689973726825
2.2758000000000003,7.729478222717616
3.099400000000002,4.301497982826578
1.13898,1.8387783689363106
1.63482,6.675984919843224
2.8123000000000014,2.462719613890267
1.7233,1.8387783689363106
1.9671,7.604689973726825
2.8829200000000017,3.6775567378726213
2.1977,7.0155491977942335
1.5797,7.389913944766607
1.4954999999999998,5.516335106808932
3.365440000000002,7.604689973726825
0.9646,1.963566617927102
0.7352999999999998,5.301559077848714
1.4216,5.00660541557868
0.6174,7.854266471708408
4.514510000000001,1.8387783689363106
3.037570000000001,3.9271332358542037
1.84702,7.604689973726825
0.6949000000000001,1.8387783689363106
0.7229999999999999,9.318680093672345
2.1548800000000004,8.979115815721336
-0.0328999999999998,7.604689973726825
2.849500000000001,7.604689973726825
1.4717999999999998,4.301497982826578
1.7946,7.604689973726825
0.23369,6.800773168834016
1.3917,8.639551537770327
3.247090000000001,5.4263473268395055
2.7369900000000005,5.675923824821088
2.1798200000000003,9.318680093672345
1.86649,7.265125695775816
2.23982,7.265125695775816
0.1825000000000001,7.265125695775816
1.88414,8.514763288779536
0.6707400000000002,6.675984919843224
0.6708999999999998,7.265125695775816
1.46267,6.675984919843224
2.6188400000000005,4.88181716658789
3.859800000000004,6.015488102772097
0.7170000000000001,7.604689973726825
4.323300000000003,8.24752266250437
0.4644,1.7487905889668844
3.353200000000001,7.604689973726825
3.430200000000001,3.8023449868634125
2.383,1.8387783689363106
0.6500799999999999,1.8387783689363106
0.2019,2.0883548669178933
0.4608999999999998,11.80743303868536
3.108600000000002,3.8023449868634125
2.524220000000001,7.265125695775816
0.7549999999999999,8.175199010828527
2.4313900000000004,6.800773168834016
1.8476,5.4263473268395055
0.3183000000000001,1.8387783689363106
2.0705,7.265125695775816
1.7143,5.516335106808932
3.213700000000002,7.604689973726825
1.1272999999999995,1.8387783689363106
2.8241000000000014,11.032670213617864
2.1505,7.265125695775816
2.489140000000001,7.265125695775816
3.232800000000001,7.604689973726825
2.887700000000001,7.604689973726825
3.331220000000001,6.7205955355241995
2.31982,7.265125695775816
1.88414,8.514763288779536
2.527590000000001,6.675984919843224
1.88414,6.800773168834016
2.5195000000000007,7.140337446785025
2.3089200000000005,7.140337446785025
0.38589,8.424775508810109
1.427,8.764339786761118
1.36,8.639551537770327
0.0807099999999999,8.5495637578009
2.09572,11.52503318065907
2.55182,11.032670213617864
1.29649,6.675984919843224
3.663800000000002,3.8023449868634125
3.1862200000000014,11.032670213617864
0.7573199999999998,7.604689973726825
3.402000000000002,7.604689973726825
1.1345000000000005,3.9271332358542037
3.8851900000000015,3.837145455884777
1.8761,5.1313936645694715
2.4195900000000004,6.675984919843224
3.148500000000002,11.157458462608655
2.5151000000000003,5.516335106808932
3.2169000000000016,1.8387783689363106
2.3706000000000005,8.55937390446051
1.58209,6.675984919843224
1.88414,6.675984919843224
0.4605900000000004,6.800773168834016
2.9358000000000013,2.0883548669178933
2.433840000000001,9.318680093672345
2.224,10.739748114597152
1.6950999999999998,7.604689973726825
1.07862,3.292615295633161
1.2339399999999998,8.979115815721336
0.5524,7.604689973726825
1.0829000000000002,9.103904064712127
1.2791399999999995,9.318680093672345
1.4562299999999997,6.585997139873798
1.4324,6.7205955355242
1.81937,5.006605415578681
1.8346,2.0883548669178933
1.65608,1.8387783689363106
1.5881999999999996,8.854327566730545
3.286780000000001,1.8387783689363106
1.8324,8.979115815721336
2.6702000000000004,8.979115815721336
0.6530899999999998,10.603118155697429
2.3308,2.2131431159086845
2.63922,2.2131431159086845
2.0705,7.265125695775816
3.429100000000002,9.318680093672345
0.5512000000000001,7.265125695775816
1.6247,3.8023449868634125
3.244800000000001,6.970172033505782
2.6030000000000006,9.103904064712127
1.74398,7.265125695775816
1.0161999999999998,6.336420641892215
1.46819,6.800773168834016
1.204,5.176770828857923
2.0834,5.551135575830297
0.2406899999999999,6.800773168834016
2.45202,7.604689973726825
1.9627,2.2131431159086845
2.3761100000000006,6.3810312575731905
3.1476200000000016,7.140337446785025
2.908840000000001,11.032670213617864
0.5093999999999999,1.963566617927102
2.12489,8.933738651432886
2.4195900000000004,6.800773168834016
1.3396,7.604689973726825
2.8604000000000003,7.479901724736034
-0.8376999999999999,6.336420641892215
1.8319,2.0883548669178933
1.382,7.604689973726825
2.736300000000001,7.604689973726825
1.37359,6.336420641892215
2.6935400000000005,7.604689973726825
1.46872,6.675984919843224
1.68362,2.0883548669178933
2.56339,6.800773168834016
1.29649,6.675984919843224
1.98996,6.7205955355241995
3.232800000000001,7.479901724736034
2.4924,7.265125695775816
3.7993000000000032,6.015488102772097
0.8174999999999999,7.604689973726825
1.9524,9.451372589779567
0.6576999999999995,4.42628623181737
1.74398,3.6775567378726213
1.6253,7.140337446785025
2.5887900000000004,7.140337446785025
2.23982,7.265125695775816
2.6565900000000005,6.800773168834016
2.3308,7.604689973726825
1.5392199999999998,9.103904064712127
2.2120100000000003,6.3810312575731905
0.9084999999999994,2.3379313648994757
3.6948000000000025,4.881817166587889
4.146900000000003,6.015488102772097
0.9086,2.0883548669178933
1.80479,8.639551537770327
1.4412,7.729478222717616
0.6391999999999999,10.058587995445812
3.433800000000004,2.0883548669178933
2.3008,9.318680093672345
0.1729899999999999,1.8387783689363106
1.3623199999999998,8.639551537770327
0.7768199999999997,4.881817166587889
2.8244000000000007,7.140337446785025
1.14829,8.764339786761118
3.3125000000000018,9.318680093672345
1.987,1.4992140909853016
1.20064,2.3379313648994757
0.5703000000000003,2.0883548669178933
0.3873999999999999,7.604689973726825
3.004700000000001,7.265125695775816
1.84702,7.604689973726825
1.80484,8.684162153451302
1.965,7.604689973726825
2.2074,7.604689973726825
0.6323999999999996,2.2131431159086845
3.2559000000000013,5.516335106808932
2.2384000000000004,7.604689973726825
1.6977,5.00660541557868
0.7738899999999993,4.961994799897705
3.3099000000000016,5.890699853781306
4.696200000000003,3.9271332358542037
1.7195000000000005,1.8387783689363106
2.678090000000001,6.675984919843224
4.137940000000003,4.301497982826578
2.708140000000001,10.61495986560636
0.8233900000000001,10.693105935666855
1.0670000000000002,5.176770828857923
2.925620000000001,7.0155491977942335
2.6770200000000006,9.318680093672345
1.63482,6.800773168834016
4.0131900000000025,2.0883548669178933
-0.2755100000000003,6.800773168834016
-0.8587099999999988,11.977543997691939
2.3385,4.301497982826578
1.9196,7.265125695775816
3.749500000000003,3.8023449868634125
2.977680000000001,1.8387783689363106
1.8093,7.604689973726825
1.6706000000000003,1.8387783689363106
0.53398,6.336420641892215
3.2520000000000016,7.604689973726825
3.151400000000001,7.140337446785025
2.7239000000000013,3.8023449868634125
2.23982,8.979115815721336
0.63869,6.675984919843224
1.65608,1.8387783689363106
2.0327,7.604689973726825
2.517000000000001,8.808950402442093
2.9808200000000014,7.604689973726825
2.14469,1.8387783689363106
2.925620000000001,7.140337446785025
2.887700000000001,7.604689973726825
0.279700000000001,4.301497982826578
2.4620000000000006,7.604689973726825
2.0904000000000003,2.0883548669178933
2.0609,7.265125695775816
1.9598,8.808950402442093
2.1949999999999994,4.372087475357638
3.2651200000000014,9.318680093672345
3.6739200000000025,3.8023449868634125
0.9417,7.604689973726825
1.2179999999999995,11.032670213617864
1.6370000000000002,7.265125695775816
1.37559,8.979115815721336
0.2260999999999998,10.739748114597152
3.123800000000001,1.8387783689363106
3.0645000000000016,3.712357206893986
1.9587,1.8387783689363106
3.449320000000002,7.604689973726825
2.7132900000000006,8.764339786761118
2.3955199999999994,7.604689973726825
1.71562,7.140337446785025
1.0693,6.336420641892215
1.02982,6.800773168834016
2.8663000000000007,1.8387783689363106
4.252500000000003,4.051921484844995
0.5437899999999999,6.800773168834016
1.61009,6.800773168834016
3.265200000000002,7.604689973726825
2.4433000000000007,7.389913944766607
2.48419,7.140337446785025
2.640900000000001,9.318680093672345
2.0606,7.140337446785025
1.78632,5.176770828857923
3.3151,14.042940105497399
2.31118,1.8387783689363106
0.9417,5.176770828857923
2.399400000000001,7.514702193757399
1.3640999999999996,6.925561417824807
2.3308,8.979115815721336
1.76417,5.006605415578681
1.80879,6.675984919843224
2.3311200000000003,8.684162153451302
2.5887900000000004,4.667041137627672
2.665890000000001,1.8387783689363106
2.81689,1.8387783689363106
2.18053,6.800773168834016
1.39488,1.8387783689363106
0.4580399999999998,6.675984919843224
0.8670699999999998,4.961994799897705
1.8874,6.925561417824807
3.007100000000002,3.9271332358542037
1.2312999999999998,5.00660541557868
0.7194,5.176770828857923
0.2117999999999999,6.800773168834016
2.21964,1.963566617927102
2.23182,7.604689973726825
1.054,2.998428181970603
-0.5973000000000002,7.265125695775816
3.451700000000001,2.3379313648994757
2.10409,6.675984919843224
2.702300000000001,7.604689973726825
2.7038800000000007,7.604689973726825
4.046100000000003,7.604689973726825
1.65262,10.353541657715846
2.03,9.318680093672345
1.66389,9.103904064712127
1.3852,7.265125695775816
2.0714,9.318680093672345
2.764,10.693105935666855
2.3167,7.604689973726825
2.650920000000001,7.604689973726825
3.4193900000000026,6.675984919843224
1.7631899999999998,6.675984919843224
0.84189,6.675984919843224
3.403920000000001,7.140337446785025
1.6444,4.301497982826578
4.275400000000003,3.6775567378726213
2.18509,6.800773168834016
2.684590000000001,8.639551537770327
3.802430000000002,8.979115815721336
3.767400000000002,7.604689973726825
1.9486,7.265125695775816
2.4796000000000005,7.265125695775816
2.3167,7.604689973726825
2.6092200000000005,7.604689973726825
2.713190000000001,6.336420641892215
2.4796000000000005,8.979115815721336
2.4771,5.00660541557868
2.933320000000001,7.140337446785025
3.0063000000000013,2.0883548669178933
3.510300000000001,4.881817166587889
2.319400000000001,5.765911604790515
1.934,5.890699853781306
2.7038800000000007,7.604689973726825
2.1847900000000005,1.8387783689363106
3.1655000000000006,7.0155491977942335
3.256400000000002,1.8387783689363106
2.7156900000000004,6.800773168834016
1.36297,4.961994799897705
2.0780000000000003,2.3379313648994757
3.828590000000002,9.103904064712127
3.330400000000001,3.6775567378726213
2.9659000000000013,8.854327566730545
2.3001000000000005,7.265125695775816
1.17679,8.005033597549284
2.7289200000000005,7.265125695775816
0.83681,6.800773168834016
-0.3803000000000003,8.639551537770327
2.7047000000000008,7.140337446785025
2.26261,1.8387783689363106
3.181000000000001,9.318680093672345
2.6355000000000004,9.193891844681554
1.69597,5.006605415578681
2.4143,7.604689973726825
2.2495000000000003,9.318680093672345
5.394020000000005,5.516335106808932
2.9431900000000013,6.845383784514992
2.846190000000001,6.675984919843224
3.1172000000000013,3.8023449868634125
5.333300000000003,4.881817166587889
2.4856,7.0155491977942335
2.0302999999999995,6.336420641892215
2.1391,5.641123355799723
-0.5052000000000003,7.604689973726825
3.5375000000000014,4.032523197406629
4.172100000000002,4.051921484844995
3.5600000000000014,5.516335106808932
3.377200000000002,10.183376244436603
3.2403000000000013,8.854327566730545
3.3379000000000003,5.4263473268395055
3.6910000000000025,7.854266471708408
2.1334,7.140337446785025
2.0458,6.845383784514991
2.4399000000000006,7.604689973726825
2.691740000000001,8.854327566730545
3.399840000000002,11.032670213617864
1.39489,6.675984919843224
2.993900000000002,7.140337446785025
1.7923300000000002,4.961994799897705
3.084600000000001,7.140337446785025
4.5252000000000026,5.890699853781306
2.3908000000000005,7.604689973726825
3.939300000000002,9.318680093672345
2.04969,6.800773168834016
2.7096,7.604689973726825
3.2403000000000013,8.854327566730545
2.7289200000000005,7.265125695775816
3.628700000000003,5.551135575830297
3.826900000000003,7.604689973726825
2.792700000000001,7.389913944766607
2.6092200000000005,7.604689973726825
3.3529000000000018,12.114173956591662
1.72941,6.800773168834016
2.9502000000000006,7.140337446785025
4.577600000000003,3.9271332358542037
1.1822199999999998,10.058587995445812
2.8198000000000008,4.881817166587889
0.8978999999999999,7.265125695775816
2.18537,6.675984919843224
3.449040000000002,7.604689973726825
2.846400000000001,5.890699853781306
3.3544300000000025,8.514763288779536
0.4792999999999999,5.176770828857923
2.2909000000000006,2.3379313648994757
4.799490000000003,1.8387783689363106
1.26759,8.979115815721336
2.8408000000000007,7.604689973726825
3.2596200000000017,7.604689973726825
3.4397400000000014,7.0155491977942335
3.7286800000000015,3.6775567378726213
4.202800000000004,7.604689973726825
2.0815900000000003,6.675984919843224
2.6458200000000005,7.604689973726825
2.650920000000001,7.604689973726825
2.569790000000001,6.675984919843224
2.3184000000000005,2.0883548669178933
3.9439800000000034,3.6775567378726213
2.6423200000000007,7.604689973726825
2.737520000000001,7.604689973726825
2.03809,6.675984919843224
3.908240000000002,9.318680093672345
1.6444,4.301497982826578
3.8210900000000025,1.8387783689363106
3.652300000000002,6.7205955355241995
2.925720000000001,7.604689973726825
3.468340000000002,6.26506460075368
2.4501,7.140337446785025
3.0686000000000018,4.301497982826578
3.096700000000002,8.684162153451302
2.3337700000000003,6.675984919843224
2.9176,7.604689973726825
4.217700000000003,9.096347487182694
2.934590000000001,6.675984919843224
1.89828,5.00660541557868
3.9018000000000015,9.318680093672345
3.9018000000000015,7.604689973726825
-0.5266100000000005,6.800773168834016
3.0210000000000017,5.516335106808932
3.5691000000000024,6.015488102772097
2.866900000000001,7.729478222717616
3.802430000000002,9.103904064712127
2.9513000000000016,2.462719613890267
1.947899999999999,6.925561417824807
3.449040000000002,8.979115815721336
3.802430000000002,8.979115815721336
2.05322,7.604689973726825
3.3097200000000013,7.604689973726825
2.9502000000000006,7.265125695775816
4.174500000000001,5.516335106808932
2.7289200000000005,7.140337446785025
2.702300000000001,7.604689973726825
4.068600000000003,5.516335106808932
1.0107199999999998,8.639551537770327
3.8441000000000014,5.765911604790515
2.9502000000000006,7.265125695775816
3.5307200000000023,7.604689973726825
2.940500000000001,10.15060733866456
3.3339200000000018,7.140337446785025
1.67135,6.675984919843224
2.242,7.604689973726825
1.22389,6.800773168834016
1.1896899999999997,6.1662552286129735
3.9774400000000014,9.193891844681554
2.9217000000000013,4.301497982826578
2.862400000000001,5.4263473268395055
1.7887,9.103904064712127
2.8466000000000014,5.256181913560263
2.1186,10.739748114597152
2.8408000000000007,7.604689973726825
3.2318000000000016,3.9619337048755683
3.767400000000002,7.604689973726825
3.422000000000001,2.0883548669178933
4.034700000000002,4.176709733835787
3.538320000000001,9.318680093672345
3.5501000000000023,5.765911604790515
2.4160000000000004,7.604689973726825
2.4399,7.604689973726825
0.4157900000000001,7.880245348558493
2.8103000000000016,5.4263473268395055
0.7519,9.719023717494803
2.743790000000001,10.693105935666855
1.96691,6.675984919843224
2.7250000000000014,9.318680093672345
3.2170000000000014,7.0155491977942335
2.2399,9.443468342663136
2.4796000000000005,8.979115815721336
2.24672,8.979115815721336
1.8755,7.265125695775816
0.63669,6.800773168834016
2.8175800000000013,1.963566617927102
2.7384000000000013,7.604689973726825
3.492100000000001,8.122734413513578
1.34519,6.925561417824807
3.4813100000000023,11.032670213617864
3.083520000000002,7.604689973726825
1.8107,2.462719613890267
0.9035199999999994,7.604689973726825
2.907700000000001,5.516335106808932
3.9018000000000015,9.318680093672345
0.6636999999999998,6.336420641892215
1.58804,7.265125695775816
3.348200000000002,7.514702193757399
3.082700000000001,3.6775567378726213
3.1723700000000017,5.256181913560264
3.721040000000002,6.845383784514991
3.4631000000000025,4.42628623181737
2.6354200000000008,7.140337446785025
3.9848000000000026,7.604689973726825
2.4883000000000006,5.765911604790515
2.4209000000000005,8.469386124491084
2.0352,5.00660541557868
2.9502000000000006,7.265125695775816
3.9372000000000025,5.516335106808932
3.2057,3.8023449868634125
2.546900000000001,7.604689973726825
2.2053000000000003,7.604689973726825
2.4424200000000003,7.0155491977942335
2.8408000000000007,7.604689973726825
2.919590000000001,6.675984919843224
2.5422900000000004,6.336420641892215
1.1298899999999998,6.336420641892215
2.732800000000001,10.739748114597152
2.6423200000000007,7.604689973726825
4.594300000000003,5.890699853781306
2.8408000000000007,7.604689973726825
3.096400000000001,7.604689973726825
3.4193900000000026,6.675984919843224
4.478900000000003,3.8023449868634125
1.4804899999999996,6.800773168834016
2.1108,9.103904064712127
2.2639000000000005,7.604689973726825
2.2624000000000004,7.265125695775816
2.7384000000000013,7.604689973726825
3.0633000000000017,7.604689973726825
3.5307200000000023,7.604689973726825
3.7958000000000025,7.604689973726825
2.826290000000001,6.3810312575731905
2.21582,9.318680093672345
3.511020000000001,7.604689973726825
0.8979000000000001,7.140337446785025
3.8441000000000014,5.765911604790515
1.0749899999999994,8.424775508810109
4.9883200000000025,6.7205955355241995
2.2495000000000003,7.604689973726825
3.5771200000000025,8.979115815721336
2.4686000000000003,7.604689973726825
2.378000000000001,5.890699853781306
1.40939,6.800773168834016
3.5168800000000022,1.8387783689363106
2.7070000000000007,7.604689973726825
0.3962899999999996,6.800773168834016
2.9777000000000013,7.604689973726825
3.1548000000000016,7.140337446785025
3.1974300000000007,7.265125695775816
2.7658000000000014,7.604689973726825
3.165080000000001,7.265125695775816
3.3339200000000018,7.0155491977942335
2.0714,9.318680093672345
2.608430000000001,8.514763288779536
2.393700000000001,9.103904064712127
2.635300000000001,7.479901724736034
0.5941,2.0883548669178933
2.3462,7.604689973726825
1.85709,6.675984919843224
1.91692,8.219809626509502
3.7162000000000015,8.979115815721336
2.1581900000000003,6.336420641892215
3.8351200000000016,7.604689973726825
2.5961000000000007,7.729478222717616
1.7805,7.265125695775816
2.1063,7.604689973726825
2.663990000000001,6.675984919843224
2.8920000000000003,7.604689973726825
3.453500000000002,8.979115815721336
3.3386200000000024,9.443468342663136
1.5486699999999998,4.961994799897705
2.971300000000001,7.604689973726825
2.62028,7.604689973726825
1.5033,1.963566617927102
1.50659,6.675984919843224
3.254700000000001,7.604689973726825
1.44121,8.639551537770327
2.8420900000000016,6.800773168834016
1.99794,1.8387783689363106
2.9957900000000013,8.979115815721336
1.1441899999999998,7.094960282496574
1.3145000000000002,7.265125695775816
3.541500000000002,7.140337446785025
2.6065000000000005,7.604689973726825
0.1895,8.639551537770327
2.3833200000000003,7.265125695775816
3.065620000000002,7.604689973726825
3.6686200000000015,4.051921484844995
0.4227899999999999,6.755396004545564
2.3425,7.604689973726825
2.3273,7.604689973726825
3.1458000000000013,7.140337446785025
1.40149,8.175199010828527
2.558,10.693105935666855
1.6737,8.514763288779536
3.076820000000001,5.301559077848714
4.211000000000003,8.37231091149516
1.7412,7.604689973726825
1.1291999999999998,1.8387783689363106
2.3339,7.604689973726825
1.30255,8.5495637578009
2.6674700000000007,5.641123355799723
1.6361,3.292615295633161
2.5060900000000013,6.675984919843224
1.68737,5.006605415578681
0.92982,6.675984919843224
2.468280000000001,1.8387783689363106
3.2965000000000018,2.462719613890267
0.2747,7.604689973726825
2.3993,7.604689973726825
3.355100000000002,9.193891844681554
2.2224000000000004,3.4174035446239523
2.757200000000001,7.604689973726825
3.165900000000001,7.604689973726825
3.494800000000001,6.7205955355241995
3.1407200000000017,9.103904064712127
3.0345000000000013,7.140337446785025
2.0989,7.604689973726825
1.4663399999999998,8.175199010828527
2.23382,5.890699853781306
2.2961,6.925561417824807
2.971300000000001,9.318680093672345
1.7523999999999995,9.318680093672345
3.805380000000002,3.9271332358542037
3.4239000000000024,5.1313936645694715
2.4342200000000007,8.854327566730545
2.2074,7.604689973726825
3.987680000000001,1.8387783689363106
3.9267800000000026,1.8387783689363106
2.909800000000001,5.675923824821088
3.329900000000001,7.604689973726825
2.692500000000001,7.094960282496573
1.30255,8.5495637578009
2.3965200000000006,5.00660541557868
1.1923,10.013977379764837
3.225280000000001,1.8387783689363106
0.28572,10.058587995445812
2.7975600000000016,8.854327566730545
3.6319000000000026,4.051921484844995
3.1693000000000016,9.318680093672345
1.1711,2.462719613890267
1.97559,8.639551537770327
3.8054200000000025,7.604689973726825
3.3739000000000017,7.604689973726825
1.4988899999999998,6.041466979622181
1.7824399999999998,5.176770828857923
3.7287000000000026,2.3379313648994757
0.9834,2.3379313648994757
1.3996,9.103904064712127
2.9568000000000003,7.9790547206991995
1.3357,3.8023449868634125
2.21329,6.675984919843224
-0.4865999999999999,7.140337446785025
2.604410000000001,8.514763288779536
2.5786000000000007,7.140337446785025
3.0013000000000005,8.979115815721336
3.7901900000000017,9.103904064712127
2.3409000000000004,4.051921484844995
1.9427,4.372087475357638
1.878,2.2131431159086845
3.000020000000001,7.3551134757452425
0.6013899999999999,8.808950402442093
3.807120000000002,9.318680093672345
0.4731899999999999,8.299987259819318
2.969310000000001,1.963566617927102
3.3327000000000018,10.817894184657646
1.6367999999999998,5.890699853781306
3.945540000000002,3.6775567378726213
0.5084000000000002,7.604689973726825
2.04059,6.675984919843224
2.522730000000001,6.675984919843224
4.440200000000003,5.765911604790515
3.398200000000002,5.890699853781306
4.123940000000003,7.3551134757452425
1.9606,9.318680093672345
1.3598999999999997,7.140337446785025
2.463820000000001,7.604689973726825
2.3693200000000005,8.979115815721336
1.2586000000000002,4.791829386618463
0.7432000000000001,8.854327566730545
1.0002,7.604689973726825
4.147360000000004,4.051921484844995
0.8995,7.604689973726825
2.4205000000000005,7.140337446785025
2.951200000000001,7.604689973726825
3.3164300000000013,7.628762951033732
3.2299000000000007,8.979115815721336
1.8466,2.3379313648994757
1.94399,6.675984919843224
2.2073,2.3379313648994757
4.256390000000002,1.8387783689363106
1.26279,6.800773168834016
1.0372,7.140337446785025
3.448590000000002,6.675984919843224
0.5283899999999999,6.800773168834016
3.209890000000001,10.693105935666855
0.6104999999999996,5.516335106808932
2.09934,8.979115815721336
2.789720000000001,7.140337446785025
1.84439,6.675984919843224
2.488950000000001,6.800773168834016
1.33479,1.8387783689363106
0.9908,7.140337446785025
3.488000000000002,3.5875689579031946
0.9842,7.604689973726825
1.57339,7.880245348558492
2.962000000000001,2.0883548669178933
0.7536,2.0883548669178933
2.5364400000000007,7.265125695775816
2.8322000000000003,9.318680093672345
1.4164,9.318680093672345
1.1754999999999998,6.925561417824807
2.994510000000002,6.675984919843224
1.99794,1.963566617927102
2.3179,4.301497982826578
2.0441000000000003,6.140276351762889
2.1344000000000003,7.265125695775816
2.2792000000000003,1.963566617927102
2.2272,7.604689973726825
1.6693,4.881817166587889
2.831150000000001,6.675984919843224
1.42752,7.604689973726825
1.94542,8.979115815721336
3.115490000000002,6.675984919843224
1.1832899999999995,6.675984919843224
1.65119,7.265125695775816
2.456290000000001,6.630607755554774
3.262700000000001,5.516335106808932
3.094800000000001,4.051921484844995
2.4468000000000005,7.604689973726825
3.057520000000001,5.890699853781306
2.928700000000001,7.604689973726825
1.2775999999999998,2.0883548669178933
1.58019,6.336420641892215
1.4698999999999998,6.800773168834016
2.639220000000001,7.604689973726825
3.9375000000000018,3.8023449868634125
1.8072,7.140337446785025
3.4891200000000016,6.845383784514992
3.6194200000000025,7.604689973726825
2.4620900000000008,6.675984919843224
0.3612000000000002,1.8387783689363106
-0.1666999999999998,7.140337446785025
1.6954999999999998,11.52503318065907
2.912700000000001,7.604689973726825
1.9426,2.3379313648994757
3.0562000000000014,4.496875724348429
1.2472899999999998,6.800773168834016
2.5602400000000003,5.301559077848714
2.8146000000000004,7.604689973726825
1.50349,6.675984919843224
1.8895,7.265125695775816
1.4102799999999998,7.604689973726825
2.515180000000001,1.8387783689363106
2.518600000000001,7.729478222717616
3.383320000000001,2.0883548669178933
1.40669,6.800773168834016
1.2003999999999997,7.140337446785025
1.9769,8.651393247679259
1.61609,9.103904064712127
0.6042999999999997,6.675984919843224
3.1354000000000006,7.140337446785025
0.2205999999999992,7.604689973726825
2.1420000000000003,9.318680093672345
0.1232900000000001,6.800773168834016
3.4711000000000016,9.318680093672345
3.494800000000001,11.032670213617864
0.8894899999999999,7.265125695775816
2.1015,4.42628623181737
2.8322000000000003,9.318680093672345
3.015500000000001,3.6775567378726213
2.6392000000000007,1.9983670869484673
2.3848800000000008,7.604689973726825
1.5152,9.318680093672345
2.8008200000000008,7.265125695775816
2.287,7.604689973726825
2.7478,10.49017161661557
1.097,9.103904064712127
4.0604900000000015,1.8387783689363106
2.1925600000000003,6.800773168834016
2.700700000000001,7.604689973726825
2.6392000000000007,3.712357206893986
2.1516400000000004,7.729478222717616
2.621020000000001,7.604689973726825
3.478600000000001,7.604689973726825
2.8920000000000003,7.604689973726825
3.3246900000000013,8.979115815721336
0.9886,8.979115815721336
3.003800000000001,4.453291362267627
2.33502,5.00660541557868
2.4814000000000007,7.604689973726825
2.2704000000000004,8.808950402442093
1.1754999999999998,6.800773168834016
3.005300000000002,13.70337582754639
3.838940000000002,4.051921484844995
0.85869,6.800773168834016
2.5921000000000003,8.854327566730545
1.1971999999999998,3.0430387976515787
2.8946000000000014,7.265125695775816
1.40149,6.336420641892215
1.7226,5.516335106808932
1.875,7.604689973726825
1.9136,7.729478222717616
2.1925600000000003,6.800773168834016
3.222300000000001,7.604689973726825
2.7007000000000003,7.604689973726825
1.6674999999999995,8.639551537770327
0.9541999999999996,7.140337446785025
2.9808200000000014,7.479901724736034
4.059800000000003,2.0883548669178933
2.06938,2.3379313648994757
3.494010000000002,8.979115815721336
3.5017000000000014,3.4627807089124034
1.90171,4.961994799897705
1.85709,6.675984919843224
1.6045999999999998,7.604689973726825
3.017500000000001,3.712357206893986
0.6864700000000001,3.9271332358542037
2.3394000000000004,2.0883548669178933
0.0565,7.140337446785025
3.089230000000001,6.675984919843224
1.5522,7.604689973726825
1.94912,7.140337446785025
3.1335200000000007,8.639551537770327
1.9011,7.140337446785025
1.7109899999999998,6.800773168834016
3.3739000000000017,7.604689973726825
3.6479900000000014,10.02581908967377
3.805080000000003,1.8387783689363106
3.963300000000003,7.604689973726825
3.036430000000002,6.675984919843224
2.856490000000001,6.800773168834016
2.04044,1.8387783689363106
0.7802999999999992,9.318680093672345
3.140620000000002,9.443468342663136
1.5424,7.140337446785025
2.4205,7.140337446785025
3.006820000000001,1.7487905889668844
3.3512700000000013,3.9271332358542037
3.840720000000003,9.318680093672345
0.6547999999999999,7.604689973726825
2.686090000000001,6.675984919843224
1.4038,12.204161736561089
4.103300000000002,9.318680093672345
2.0957,7.140337446785025
2.9236400000000016,5.00660541557868
3.863800000000002,2.0883548669178933
0.9622000000000002,6.381031257573191
3.8713000000000015,3.6775567378726213
-0.5489,4.542252888636881
2.3374,7.604689973726825
2.738900000000001,10.647728771378404
4.219220000000003,4.881817166587889
3.0292900000000014,6.675984919843224
2.1082,7.604689973726825
-0.9070999999999994,7.265125695775816
3.1431000000000013,7.604689973726825
3.000720000000001,7.0155491977942335
0.2562,7.389913944766607
0.99413,8.5495637578009
2.661290000000001,7.0155491977942335
2.1303,9.318680093672345
2.8562000000000003,5.00660541557868
2.5965000000000007,7.265125695775816
2.832200000000001,7.604689973726825
0.6879,7.729478222717616
2.7735900000000013,6.675984919843224
2.2904,7.265125695775816
3.3654400000000013,9.318680093672345
2.109889999999999,1.963566617927102
3.194300000000001,2.998428181970603
2.5357000000000003,2.0883548669178933
0.9642,7.604689973726825
1.68659,6.675984919843224
1.3311899999999997,6.800773168834016
2.11226,2.0883548669178933
0.3701999999999998,2.4827127095377124
-0.2248999999999998,1.8387783689363106
1.4453999999999996,7.265125695775816
2.0611,1.8387783689363106
1.94652,8.979115815721336
3.1106000000000016,4.176709733835787
1.18372,10.058587995445812
0.85669,7.854266471708408
0.5128999999999999,6.505819506563983
2.6751900000000006,5.641123355799723
2.0106,4.42628623181737
0.46452,9.193891844681554
2.2574000000000005,5.00660541557868
2.2801800000000005,3.6775567378726213
0.91192,7.140337446785025
1.5894,1.8387783689363106
1.64707,5.006605415578681
1.309,7.604689973726825
1.0764,9.103904064712127
0.5047199999999998,8.979115815721336
0.6406,7.604689973726825
1.2982199999999997,9.318680093672345
1.3709,8.219809626509502
0.3577999999999999,7.265125695775816
-0.4294800000000003,8.175199010828527
2.3493700000000004,3.9271332358542037
2.04372,6.015488102772097
-0.1655100000000006,3.3727929289429768
-0.6647000000000001,1.8387783689363106
3.3670000000000027,4.301497982826578
2.5479000000000003,9.318680093672345
1.0019,9.443468342663136
0.4412000000000001,7.604689973726825
0.3115,8.175199010828527
0.3556999999999999,9.443468342663136
2.4458,1.963566617927102
-0.4620300000000003,4.961994799897705
2.3011100000000004,3.9271332358542037
1.3445000000000005,7.389913944766607
0.3627,7.140337446785025
0.8664000000000001,2.0883548669178933
1.8446,5.00660541557868
1.22739,7.265125695775816
1.2754,7.604689973726825
2.5903,6.845383784514991
2.836870000000001,5.641123355799723
1.3748,7.514702193757399
1.27739,6.675984919843224
0.3014999999999999,7.854266471708408
2.0264,7.140337446785025
2.2007000000000003,4.051921484844995
-0.4723000000000001,4.881817166587889
1.8741,1.8387783689363106
1.1911,4.301497982826578
0.9632,7.265125695775816
0.9765,1.963566617927102
2.3484,9.318680093672345
1.42369,1.8387783689363106
1.7824,2.2131431159086845
2.1001,7.265125695775816
1.61849,1.8387783689363106
0.4185199999999999,6.675984919843224
0.3677000000000002,2.0883548669178933
0.8662000000000001,1.8387783689363106
0.0159,8.344597875500293
0.4832199999999998,7.604689973726825
1.8304,10.433007196690848
0.1093999999999997,9.318680093672345
3.4434000000000022,3.9271332358542037
1.4057000000000002,5.4263473268395055
-2.043309999999999,8.005033597549284
0.6422000000000001,1.8387783689363106
1.3693000000000002,7.265125695775816
2.919690000000001,5.675923824821088
1.76162,7.0155491977942335
0.2632,7.265125695775816
2.5048000000000004,7.604689973726825
1.9387,7.265125695775816
1.2867,8.25563634913104
1.10942,9.318680093672345
2.3062000000000005,7.854266471708408
0.3677,2.0883548669178933
1.09392,5.176770828857923
2.2482200000000008,7.604689973726825
1.08822,7.604689973726825
1.6138,1.963566617927102
1.5822,1.8387783689363106
2.43501,1.8387783689363106
0.5552999999999999,4.881817166587889
2.1254,7.854266471708408
4.062210000000001,1.8387783689363106
1.9559,1.8387783689363106
0.5592000000000001,9.103904064712127
0.8681999999999999,7.604689973726825
1.5815,1.963566617927102
1.6119,4.88181716658789
2.719000000000001,3.8023449868634125
1.70887,3.4627807089124034
1.6517,5.4263473268395055
1.9738,5.00660541557868
1.7883,2.462719613890267
2.4171000000000005,4.051921484844995
1.7462,10.647728771378404
-0.93388,8.175199010828527
0.6540000000000001,7.265125695775816
-0.9269100000000006,5.086783048888496
-1.6962099999999989,6.800773168834016
2.4942,7.604689973726825
1.78519,10.02581908967377
-0.6261100000000002,6.800773168834016
1.96609,1.8387783689363106
1.69287,3.9271332358542037
2.728900000000001,9.443468342663136
2.5048000000000004,7.604689973726825
2.4876400000000007,8.854327566730545
-0.6404100000000001,6.675984919843224
1.4381,7.265125695775816
1.1567999999999998,12.114173956591662
0.3572999999999997,4.176709733835787
-0.7961000000000005,7.050349666815598
2.11222,8.979115815721336
0.88697,4.961994799897705
1.505,4.051921484844995
2.4656100000000007,5.675923824821088
-0.1068799999999999,7.140337446785025
0.9619,1.963566617927102
1.59262,7.604689973726825
1.87132,10.693105935666855
-0.3341999999999998,2.3379313648994757
2.0752,7.095014736769237
-0.7566000000000004,2.3379313648994757
0.3060199999999999,7.604689973726825
1.8767,4.301497982826578
0.7245900000000001,6.675984919843224
-0.0288099999999996,8.424775508810109
1.7547,2.2131431159086845
1.64007,5.00660541557868
1.6583,6.26506460075368
2.9005600000000014,2.2131431159086845
2.1940600000000003,2.0883548669178933
3.7057100000000007,1.8387783689363106
1.59262,11.032670213617864
0.3426999999999999,8.344597875500293
-0.8089300000000001,5.086783048888496
0.6406000000000001,7.604689973726825
1.2404000000000002,2.2131431159086845
2.5725000000000007,4.176709733835787
1.49622,2.3379313648994757
0.4832199999999999,9.318680093672345
2.0931,6.7205955355241995
2.197620000000001,5.641123355799723
1.2735,2.0883548669178933
2.374000000000001,1.963566617927102
0.7643000000000002,7.604689973726825
1.9361,7.265125695775816
2.3627,6.7205955355241995
-2.1646,1.8387783689363106
2.568200000000001,1.8387783689363106
3.203100000000002,5.641123355799723
1.2939,1.8387783689363106
1.3797,3.8023449868634125
0.5680999999999996,5.176770828857923
2.9005600000000014,2.0883548669178933
2.04011,1.8387783689363106
1.5408,3.9271332358542037
1.7773,3.8023449868634125
0.29399,5.746513317352148
2.01562,7.140337446785025
1.247,4.051921484844995
1.64438,3.337992459921612
0.9808,3.712357206893986
0.9843999999999998,1.8387783689363106
2.043,1.963566617927102
2.1004,9.318680093672345
-0.6261099999999999,6.800773168834016
1.3808999999999998,6.783109040540432
0.8214899999999998,6.1662552286129735
1.5536,1.7487905889668844
-0.21411,6.675984919843224
1.6644899999999998,5.301559077848714
2.728900000000001,9.443468342663136
2.062,4.051921484844995
2.04372,6.015488102772097
1.2745000000000002,9.103904064712127
0.967,2.0883548669178933
1.35732,10.693105935666855
0.4504899999999998,10.02581908967377
3.2462100000000014,1.8387783689363106
1.86279,5.80071207381188
0.88609,6.675984919843224
3.638700000000002,3.6775567378726213
1.989,3.9271332358542037
-0.0517999999999997,4.837206550906914
1.53642,9.443468342663136
2.3823700000000008,5.765911604790515
1.02859,6.675984919843224
2.3063200000000004,5.00660541557868
1.51887,3.9271332358542037
0.8214899999999998,6.166255228612973
1.9557,2.0883548669178933
0.0661999999999999,7.604689973726825
1.7165,1.8387783689363106
0.9897999999999998,7.604689973726825
2.5749000000000004,9.318680093672345
1.5037,7.729478222717616
2.2666000000000004,10.61495986560636
-0.4299999999999992,1.963566617927102
2.3136800000000006,1.8387783689363106
0.6520999999999999,8.175199010828527
1.2798,7.604689973726825
2.796800000000001,2.0883548669178933
0.4853999999999999,8.684162153451302
0.6475,8.979115815721336
1.9252,2.2131431159086845
1.2795800000000002,2.0883548669178933
-1.2938999999999987,6.140276351762889
1.76214,2.3379313648994757
1.57981,1.8387783689363106
2.2231000000000005,4.301497982826578
2.6064000000000007,5.1313936645694715
1.85419,6.675984919843224
1.45602,7.604689973726825
-1.696209999999999,6.800773168834016
1.59998,3.6775567378726213
1.01698,2.462719613890267
1.56579,7.265125695775816
1.2529999999999997,2.0883548669178933
0.5572199999999998,8.344597875500293
0.8183999999999999,2.3379313648994757
1.9483,5.516335106808932
1.69287,3.9271332358542037
2.00606,1.8387783689363106
1.5114899999999998,6.3810312575731905
2.964700000000001,3.9271332358542037
1.0916,6.140276351762889
1.87132,7.604689973726825
1.496,1.963566617927102
2.2801800000000005,1.8387783689363106
3.8380000000000014,8.651393247679259
0.3014999999999999,4.176709733835787
1.5349999999999997,8.639551537770327
1.5728,7.729478222717616
2.10352,10.693105935666855
1.8672,2.462719613890267
1.3827,7.265125695775816
1.869,2.0883548669178933
2.665,5.551135575830297
2.7617900000000004,5.675923824821088
0.0414899999999998,4.961994799897705
0.1131,1.963566617927102
1.87132,7.140337446785025
2.2397,3.8187734220465845
0.8664000000000001,2.0883548669178933
-0.3405999999999999,3.8023449868634125
1.1869999999999998,2.462719613890267
2.0085,1.8387783689363106
2.0267,6.845383784514991
1.0217,7.389913944766607
0.5365000000000004,2.0883548669178933
0.1114999999999997,1.8387783689363106
-0.3149000000000006,9.318680093672345
2.8580200000000007,4.301497982826578
1.99972,8.651393247679259
0.2067,7.265125695775816
1.3039899999999998,8.005033597549284
2.4521000000000006,2.3379313648994757
2.2162999999999995,7.604689973726825
1.59262,7.604689973726825
0.4574999999999999,9.719023717494803
-2.10741,6.1662552286129735
2.1940600000000003,2.0883548669178933
-0.7189000000000005,7.265125695775816
1.7883,2.3379313648994757
1.23812,10.49017161661557
1.98367,1.963566617927102
1.221,1.963566617927102
0.5276,7.389913944766607
3.302690000000001,1.8387783689363106
2.4781000000000004,1.4992140909853016
0.3701999999999998,2.4827127095377124
0.5287,7.265125695775816
0.8111999999999999,8.639551537770327
0.7526000000000002,1.8387783689363106
2.9586900000000007,1.8387783689363106
1.3604,1.8387783689363106
0.78472,7.604689973726825
1.7872,7.604689973726825
1.62922,1.8387783689363106
1.4503,7.604689973726825
1.41157,5.641123355799723
-0.4283999999999994,1.963566617927102
1.60131,8.979115815721336
2.0085999999999995,5.516335106808932
1.0058200000000002,7.389913944766607
2.11852,9.318680093672345
1.9311,3.612781286145805
0.0836900000000001,6.675984919843224
3.126000000000001,1.8387783689363106
2.3627,6.7205955355241995
1.08822,9.318680093672345
1.87959,6.845383784514992
1.7665000000000002,9.103904064712127
2.5090000000000003,7.488216473292535
0.9105999999999996,3.9619337048755683
1.4017000000000002,7.604689973726825
1.0901999999999998,7.604689973726825
2.2845000000000004,4.051921484844995
1.0399999999999998,7.604689973726825
2.2042,3.9271332358542037
1.0107,8.639551537770327
0.9921,3.5875689579031946
3.3412000000000006,1.963566617927102
1.42689,5.4263473268395055
0.3620000000000001,2.0883548669178933
2.8580200000000007,6.26506460075368
0.8664000000000001,2.0883548669178933
0.98762,7.604689973726825
-0.1483,1.8387783689363106
1.73242,5.256181913560263
0.9609,5.516335106808932
0.0102999999999998,7.835634732877517
1.6851,3.612781286145805
0.9847899999999998,3.837145455884777
3.8709400000000014,9.318680093672345
1.621,7.094960282496574
2.0580000000000003,2.0883548669178933
-1.26991,6.800773168834016
0.1204999999999998,4.176709733835787
1.6439999999999997,7.265125695775816
1.5451,4.42628623181737
2.117,3.8023449868634125
1.8337,3.9271332358542037
0.3620000000000001,2.0883548669178933
0.2006000000000004,7.604689973726825
1.9877,8.979115815721336
1.3241999999999998,6.925561417824807
1.9771,7.265125695775816
0.2147899999999996,4.667041137627672
1.4552,5.301559077848714
-0.3564000000000002,5.641123355799723
0.5445,7.265125695775816
1.17662,5.516335106808932
-0.0924,5.641123355799723
-2.502309999999999,10.26355387774642
2.8832000000000013,4.301497982826578
0.4296899999999999,6.675984919843224
0.8662000000000001,1.8387783689363106
0.1463099999999998,2.0883548669178933
0.4828900000000002,1.8387783689363106
-0.2570000000000001,5.176770828857923
0.9578,2.462719613890267
0.8664000000000001,3.292615295633161
0.1321,1.8387783689363106
0.64009,8.514763288779536
1.18552,7.140337446785025
2.085,4.881817166587889
0.3620000000000001,2.0883548669178933
0.34769,6.675984919843224
-2.3656999999999995,4.881817166587889
1.2625,4.372087475357638
1.96637,5.641123355799723
1.4433999999999998,1.624002339976093
2.5759000000000007,7.479901724736034
2.1988000000000003,3.612781286145805
0.8452100000000002,8.764339786761118
2.1421,3.9271332358542037
2.18482,3.390247617726322
0.1458900000000001,6.675984919843224
1.20998,1.963566617927102
1.8493,7.265125695775816
1.8011,4.849048260815846
1.0871,7.604689973726825
0.70019,8.979115815721336
3.5794000000000024,3.8023449868634125
1.54389,1.8387783689363106
2.3351000000000006,3.337992459921612
2.8743800000000013,1.8387783689363106
1.79588,1.8387783689363106
2.5085000000000006,4.051921484844995
2.8958000000000013,3.9271332358542037
1.21619,1.8387783689363106
-0.93388,8.175199010828527
1.104,1.8387783689363106
0.0153999999999996,6.925561417824807
1.6198,1.4992140909853016
1.7813,3.337992459921612
-0.7189000000000003,7.265125695775816
0.6685000000000001,8.639551537770327
1.1539,2.462719613890267
0.828,5.641123355799723
1.42996,1.8387783689363106
1.9337,11.65661145857182
0.3848,7.265125695775816
2.1939,8.979115815721336
1.4434,1.4992140909853016
2.741820000000001,4.176709733835787
0.4803999999999997,2.3379313648994757
0.6613199999999999,10.353541657715846
1.5668799999999998,1.8387783689363106
0.5884999999999998,2.2131431159086845
2.5156000000000014,2.0883548669178933
1.1874999999999998,2.3379313648994757
2.1041000000000003,7.219802985760028
1.0986,1.8387783689363106
1.40107,5.006605415578681
2.40608,1.8387783689363106
0.8582999999999998,7.604689973726825
-1.1037100000000004,8.979115815721336
0.5607899999999999,5.4263473268395055
0.4412000000000001,9.318680093672345
2.17512,1.8387783689363106
1.0063,7.140337446785025
0.6848000000000001,1.7487905889668844
0.6843999999999999,8.299987259819318
1.7872,2.0883548669178933
0.3115000000000002,8.514763288779536
1.0049,7.604689973726825
-0.7189000000000005,7.265125695775816
-0.19632,1.963566617927102
0.2631999999999999,8.979115815721336
0.6613199999999999,8.979115815721336
0.4816999999999998,7.140337446785025
0.5011999999999999,5.006605415578681
0.6785,2.3379313648994757
1.60109,1.8387783689363106
1.6843,8.979115815721336
2.901800000000001,11.282246711599447
2.40088,1.8387783689363106
1.92929,9.34275307097925
1.2131,7.604689973726825
1.2735,7.729478222717616
0.7423,7.729478222717616
1.1874999999999998,2.2131431159086845
2.717220000000001,9.318680093672345
2.3808000000000007,2.0883548669178933
2.567100000000001,5.890699853781306
2.30209,8.31182896972825
1.2798,7.604689973726825
0.967,2.0883548669178933
1.5536,3.4627807089124034
1.5668,5.675923824821088
2.26093,3.5875689579031946
1.48729,7.389913944766607
1.2632999999999996,3.4174035446239523
2.871600000000001,10.61495986560636
2.29269,1.8387783689363106
2.2482200000000008,9.443468342663136
1.2907699999999998,7.265125695775816
3.2462100000000014,1.8387783689363106
0.9673,9.318680093672345
3.193500000000002,3.16782704664237
1.8907,4.051921484844995
1.6298,9.318680093672345
1.49979,6.675984919843224
1.3287999999999998,10.61495986560636
0.975,1.8387783689363106
1.49979,6.675984919843224
1.552,3.4627807089124034
3.092200000000002,4.881817166587889
2.913600000000001,6.853698533071493
1.5189,12.781460802584748
2.3747000000000007,5.1313936645694715
1.4389,7.140337446785025
2.3025,4.453291362267627
2.29042,5.176770828857923
0.99322,9.193891844681554
1.1833,2.462719613890267
2.452500000000001,1.8387783689363106
2.2461,4.176709733835787
1.237,9.568256591653928
1.16262,6.675984919843224
0.8165900000000001,6.800773168834016
0.2063999999999999,3.8023449868634125
-0.8423000000000005,7.265125695775816
2.7617900000000004,5.675923824821088
2.3922,2.2131431159086845
2.221,3.8023449868634125
-0.36638,7.0155491977942335
1.0107000000000002,7.140337446785025
1.0206,1.8387783689363106
1.6362,7.265125695775816
1.81609,10.353541657715846
1.49979,6.675984919843224
1.4235,2.3379313648994757
-0.3308800000000002,7.0155491977942335
0.62632,7.140337446785025
2.01839,3.8023449868634125
0.7189,7.604689973726825
0.7298,8.979115815721336
-0.38751,6.675984919843224
2.34579,1.8387783689363106
0.3231100000000001,1.8387783689363106
2.1355000000000004,2.0883548669178933
1.964,1.963566617927102
-0.8354099999999989,6.800773168834016
2.256,1.8387783689363106
2.1254,7.854266471708408
2.6078400000000017,5.00660541557868
0.1463099999999998,1.8387783689363106
2.0167,7.265125695775816
-0.8523099999999999,8.31182896972825
1.95257,5.006605415578681
1.1551,1.963566617927102
2.3988000000000005,3.9271332358542037
0.5691900000000001,6.800773168834016
0.5458999999999996,4.051921484844995
0.6939,6.675984919843224
1.7087899999999998,1.8387783689363106
1.4235,2.3379313648994757
1.70704,10.398152273396821
0.1604899999999999,1.8387783689363106
2.01562,7.140337446785025
-1.6601099999999995,6.585997139873798
1.5076999999999998,5.006605415578681
1.7369199999999996,7.140337446785025
1.1432,7.604689973726825
-0.4542000000000004,5.641123355799723
-0.1139,7.604689973726825
1.1568,5.890699853781306
0.0142999999999999,12.361718891323925
3.2619000000000016,3.8023449868634125
1.73692,7.265125695775816
1.1258,5.516335106808932
2.3995000000000006,4.372087475357638
1.9292,7.265125695775816
0.5643,6.3810312575731905
1.8672,2.462719613890267
2.8530000000000006,5.765911604790515
1.87132,9.193891844681554
1.15429,8.933738651432886
0.5586999999999999,9.443468342663136
-0.1073000000000003,7.140337446785025
-0.7649099999999998,7.514702193757399
1.1539,2.462719613890267
1.30748,8.979115815721336
2.0164,3.4627807089124034
2.490240000000001,2.2131431159086845
0.94552,7.140337446785025
1.8141,5.1313936645694715
1.592,4.176709733835787
0.4049999999999998,4.42628623181737
0.828,5.641123355799723
-0.6446000000000003,5.00660541557868
2.919690000000001,5.80071207381188
0.2281999999999999,2.7034745197005696
0.1093999999999997,7.604689973726825
1.09392,5.301559077848714
1.7649,9.103904064712127
2.5737000000000005,1.8387783689363106
2.3806000000000003,6.3898528497444715
2.6887000000000008,4.301497982826578
-0.22355,6.800773168834016
1.59262,7.604689973726825
0.8359000000000001,7.604689973726825
1.2689,1.8387783689363106
1.31399,6.675984919843224
1.31372,7.604689973726825
2.2247900000000005,11.86459745861008
2.8009900000000005,6.015488102772097
1.4951,8.639551537770327
0.2136899999999997,6.4612088908830065
1.5489,6.925561417824807
0.4152000000000001,8.764339786761118
2.2666000000000004,10.61495986560636
-0.1302999999999999,1.8387783689363106
1.8888,7.604689973726825
1.83648,3.6775567378726213
1.5668799999999998,1.8387783689363106
0.8045899999999999,8.639551537770327
0.6204,2.0883548669178933
1.5204,7.604689973726825
0.8664000000000001,8.979115815721336
0.9286999999999996,1.8387783689363106
0.9578,2.462719613890267
-0.0706000000000003,8.979115815721336
-0.2344999999999998,1.8387783689363106
2.0381,5.890699853781306
2.2915,7.140337446785025
0.3370999999999998,1.963566617927102
1.4869,5.301559077848714
1.1914,4.881817166587889
2.4644700000000004,5.765911604790515
1.02859,6.675984919843224
2.723300000000001,3.8023449868634125
0.6242,4.176709733835787
1.6859000000000002,2.0883548669178933
3.097800000000002,5.00660541557868
0.63869,1.8387783689363106
2.5048000000000004,7.604689973726825
0.6498999999999999,4.176709733835787
3.203100000000002,6.140276351762889
2.3022800000000005,1.8387783689363106
2.18243,1.8387783689363106
2.3922,2.0883548669178933
2.4742000000000006,3.4627807089124034
1.93549,5.4263473268395055
1.78872,8.684162153451302
0.8664000000000001,7.604689973726825
0.7182,3.4627807089124034
1.4714,2.0883548669178933
2.5592000000000006,9.318680093672345
-0.1915999999999998,8.764339786761118
0.6153000000000001,8.175199010828527
0.3215000000000001,7.389913944766607
1.47107,4.961994799897705
-1.22298,10.817894184657646
0.83049,6.800773168834016
0.9174,7.604689973726825
0.7087000000000001,7.604689973726825
0.3149999999999999,1.8387783689363106
0.1282,8.254610095530866
0.5226000000000001,1.7487905889668844
0.2388999999999999,7.604689973726825
1.5451,4.551074480808161
-0.3622000000000001,5.1313936645694715
2.3253999999999992,7.265125695775816
1.1523,1.8387783689363106
0.1321,1.8387783689363106
1.54459,6.800773168834016
0.4707000000000001,1.8387783689363106
2.6047200000000013,12.32894998555188
1.6205,6.140276351762889
0.0721999999999998,7.140337446785025
2.6230800000000007,4.051921484844995
0.8252900000000001,6.675984919843224
2.985390000000001,6.3810312575731905
1.2266199999999998,9.318680093672345
2.8817900000000014,5.4263473268395055
1.5526,7.265125695775816
2.4374,7.604689973726825
0.9225,5.176770828857923
2.778590000000001,8.344597875500293
3.0055000000000014,7.604689973726825
2.1666,9.103904064712127
0.8565999999999998,7.140337446785025
2.2985000000000007,2.462719613890267
1.9598,8.808950402442093
2.7048000000000005,7.604689973726825
1.56119,6.800773168834016
2.23222,6.7205955355241995
2.604590000000001,5.4263473268395055
3.317380000000001,1.8387783689363106
2.804900000000001,7.479901724736034
2.3308,9.318680093672345
1.0202999999999998,6.675984919843224
2.826200000000001,7.604689973726825
0.8224,1.7487905889668844
1.0573,3.8023449868634125
1.5191899999999998,8.639551537770327
1.6722400000000002,2.0883548669178933
2.3308,2.0883548669178933
4.145300000000003,3.9435616710373758
1.41209,7.924855964239468
2.16117,5.4263473268395055
0.6708999999999998,7.265125695775816
1.2517,2.462719613890267
1.9796,4.837206550906914
1.3834999999999995,7.140337446785025
2.4253,5.641123355799723
3.4522000000000013,4.176709733835787
1.382,7.604689973726825
0.0478000000000002,6.140276351762889
1.5716,7.265125695775816
2.6935400000000005,7.604689973726825
1.8433,7.265125695775816
1.02982,8.175199010828527
1.59412,3.9271332358542037
1.51274,2.0883548669178933
2.508120000000001,10.739748114597152
1.382,9.318680093672345
0.65289,6.675984919843224
2.0829,12.204161736561089
1.27914,7.265125695775816
1.9206,7.389913944766607
1.57758,7.604689973726825
2.3308,7.604689973726825
1.2695900000000002,6.4612088908830065
3.532000000000002,10.61495986560636
1.88414,8.854327566730545
2.5081000000000007,7.094960282496573
3.4987000000000013,9.318680093672345
2.23982,7.0155491977942335
3.310390000000001,5.675923824821088
1.8817,9.326584340788775
3.1186000000000016,5.765911604790515
2.0500000000000003,8.979115815721336
1.7948,7.094960282496573
1.5936,7.265125695775816
0.2019899999999999,10.603118155697429
1.35319,7.050349666815598
1.9598,10.897305269359986
1.63482,6.800773168834016
1.1855199999999997,7.604689973726825
2.8722000000000003,2.3379313648994757
1.4824,7.604689973726825
1.6956,9.103904064712127
1.5425199999999997,8.979115815721336
2.7146800000000004,1.8387783689363106
0.9596,5.516335106808932
2.2607000000000004,5.380970162551054
2.0927,4.667041137627671
2.3308,7.604689973726825
2.3308,8.979115815721336
2.38032,7.604689973726825
1.3687,5.890699853781306
3.0532000000000004,1.963566617927102
1.91229,6.675984919843224
2.5829000000000004,3.337992459921612
3.6396000000000015,5.256181913560263
2.5153000000000008,7.265125695775816
1.933,9.318680093672345
4.279240000000003,9.193891844681554
2.4240900000000005,6.675984919843224
1.8093,7.604689973726825
2.525990000000001,6.675984919843224
2.597500000000001,5.4263473268395055
1.8016,4.88181716658789
1.5162999999999998,3.8023449868634125
2.0981,5.516335106808932
0.51217,4.961994799897705
1.29527,4.961994799897705
1.58949,8.187040720737459
1.29649,6.675984919843224
2.3252900000000007,6.675984919843224
1.9987,4.301497982826578
1.02982,6.675984919843224
1.3263999999999998,7.265125695775816
1.7233,1.8387783689363106
3.1304000000000016,7.265125695775816
1.61229,6.3810312575731905
2.6481000000000003,10.058587995445812
2.1779,7.389913944766607
1.63482,6.675984919843224
2.8531000000000004,12.114173956591662
1.6211999999999998,6.800773168834016
4.676400000000004,6.086077595303157
3.042320000000001,7.604689973726825
3.253320000000002,5.4263473268395055
3.515600000000002,2.0883548669178933
0.13889,6.800773168834016
2.6967000000000008,8.854327566730545
2.770010000000001,8.979115815721336
2.489140000000001,7.265125695775816
1.46066,1.8387783689363106
2.5990200000000003,5.641123355799723
2.4686000000000003,6.3898528497444715
1.02982,6.336420641892215
2.45688,1.8387783689363106
1.0033,7.604689973726825
1.6848,3.9271332358542037
2.6935400000000005,7.140337446785025
2.3368,1.8387783689363106
1.0320000000000005,6.800773168834016
1.85849,6.800773168834016
1.9383,7.729478222717616
2.5153000000000008,7.265125695775816
1.45651,6.041466979622181
2.44167,5.006605415578681
0.84569,6.800773168834016
0.99642,11.032670213617864
0.0827199999999995,8.854327566730545
2.23222,6.845383784514992
0.7901999999999999,1.8387783689363106
1.8922,6.336420641892215
2.2887000000000004,10.15060733866456
3.294970000000002,5.641123355799723
0.0520999999999998,8.854327566730545
1.3156,7.389913944766607
2.873900000000001,8.684162153451302
3.2935000000000016,7.729478222717616
2.5062000000000006,6.460442342275531
1.6227,1.8387783689363106
2.1602999999999994,9.318680093672345
3.9683100000000016,9.077007842807193
1.63482,7.140337446785025
2.1288,7.729478222717616
-0.3639000000000003,6.675984919843224
1.5730000000000002,7.389913944766607
1.98899,1.8387783689363106
1.1603,6.800773168834016
2.578500000000001,5.256181913560263
1.6779,5.4263473268395055
2.3179,7.604689973726825
1.5304999999999995,6.336420641892215
2.4724000000000004,3.6775567378726213
2.780590000000001,6.970172033505783
2.956100000000001,7.265125695775816
1.10419,6.675984919843224
-0.6138000000000008,5.086783048888496
3.3337900000000014,1.8387783689363106
2.783300000000001,8.979115815721336
1.5136899999999998,8.639551537770327
2.9040000000000017,11.407034960590238
-0.2140000000000004,9.798434802197145
2.5848000000000004,7.265125695775816
-0.6790100000000001,7.6394904427481904
3.3960000000000026,6.015488102772097
1.88414,6.925561417824807
2.8450000000000006,7.604689973726825
1.3156,9.103904064712127
1.96732,8.639551537770327
2.525990000000001,6.675984919843224
2.4243700000000006,5.131393664569472
-0.0052999999999996,1.963566617927102
2.45202,7.604689973726825
1.90149,6.675984919843224
2.2560900000000004,9.103904064712127
1.9288,7.604689973726825
3.180600000000002,7.854266471708408
1.65699,5.551135575830297
2.873900000000001,7.604689973726825
2.33822,6.800773168834016
2.5307200000000005,8.854327566730545
2.8771000000000013,7.604689973726825
2.32629,8.31182896972825
2.5848000000000004,7.140337446785025
4.514510000000001,1.8387783689363106
2.3814,1.963566617927102
1.6355,8.469386124491084
3.5763000000000025,4.453291362267627
1.965,8.854327566730545
1.9624,4.42628623181737
2.451390000000001,9.228692313702918
1.1585100000000002,6.800773168834016
1.21719,6.675984919843224
2.6712000000000007,5.4263473268395055
2.2627000000000006,4.301497982826578
1.13898,3.6775567378726213
2.6679900000000005,6.800773168834016
1.92999,10.647728771378404
1.91069,5.380970162551054
3.723200000000003,11.032670213617864
2.5817,8.854327566730545
1.6495,9.318680093672345
1.1752900000000002,6.845383784514992
2.016,5.765911604790515
2.6781000000000006,5.301559077848714
0.5091199999999998,7.140337446785025
2.23222,6.845383784514992
2.0675,7.604689973726825
3.0477100000000004,1.8387783689363106
-0.9491299999999998,4.961994799897705
1.2887,7.604689973726825
1.3495,7.265125695775816
2.33822,6.675984919843224
2.0623,5.176770828857923
1.02982,6.800773168834016
3.474400000000002,9.568256591653928
3.530520000000002,4.051921484844995
3.4370800000000026,1.8387783689363106
1.78367,6.675984919843224
0.3948899999999997,6.800773168834016
2.404490000000001,3.9619337048755683
2.588800000000001,1.963566617927102
1.6271,7.265125695775816
2.7048000000000005,7.604689973726825
0.9138,7.604689973726825
1.7948,8.933738651432886
-0.9297999999999982,4.301497982826578
2.0853,7.265125695775816
3.5134000000000016,5.890699853781306
2.7148900000000005,6.800773168834016
1.8271,1.963566617927102
1.3495,7.0155491977942335
3.7977000000000034,5.890699853781306
0.2837999999999999,6.925561417824807
1.7148199999999998,6.800773168834016
1.26279,7.6394904427481904
2.0016,5.256181913560263
2.0873,8.514763288779536
1.63482,8.639551537770327
2.06339,6.675984919843224
1.3664899999999998,2.0883548669178933
2.589520000000001,5.301559077848714
1.382,7.604689973726825
0.7660899999999999,6.925561417824807
2.78427,5.4263473268395055
0.93428,1.8387783689363106
3.111200000000002,4.881817166587889
2.4831200000000004,8.808950402442093
3.429100000000002,7.604689973726825
2.6935400000000005,7.604689973726825
1.7507199999999998,9.318680093672345
1.68952,1.8387783689363106
1.9365,9.103904064712127
1.6476,6.140276351762889
2.5967900000000004,3.4627807089124034
1.5188700000000002,9.318680093672345
2.489140000000001,8.854327566730545
1.2154699999999998,6.505819506563983
2.23982,7.140337446785025
3.433800000000004,2.0883548669178933
1.4818,5.1313936645694715
2.597500000000001,8.854327566730545
1.8809,7.265125695775816
2.3955199999999994,8.854327566730545
2.2746200000000005,1.8387783689363106
1.8095,7.265125695775816
3.0302000000000016,9.318680093672345
1.6093,4.051921484844995
1.60931,6.675984919843224
2.18717,5.765911604790515
2.32149,1.8387783689363106
2.3490900000000003,6.675984919843224
0.7825,9.103904064712127
2.770010000000001,8.979115815721336
1.0879,3.737569535136596
2.1261,7.729478222717616
3.449320000000002,9.318680093672345
3.164960000000001,3.9435616710373758
0.7293999999999993,2.2131431159086845
1.8284,5.4263473268395055
3.2218000000000018,8.979115815721336
0.5650999999999997,5.00660541557868
1.5136,10.353541657715846
1.5371,6.140276351762889
2.2262000000000004,7.140337446785025
0.6302999999999999,4.301497982826578
2.688400000000001,5.551135575830297
1.13898,6.800773168834016
1.2531,8.764339786761118
1.30577,5.765911604790515
1.5531999999999997,5.301559077848714
3.402000000000002,7.604689973726825
1.98899,1.8387783689363106
2.759290000000001,8.639551537770327
2.527590000000001,6.675984919843224
1.8753,3.8023449868634125
1.7948,7.094960282496573
0.7787899999999998,6.800773168834016
0.95299,6.675984919843224
0.6528899999999997,6.675984919843224
2.6391,7.140337446785025
1.8533,9.318680093672345
2.383490000000001,6.675984919843224
1.5932,3.292615295633161
3.024690000000001,1.8387783689363106
2.0767999999999995,7.140337446785025
1.58809,7.389913944766607
1.7439799999999996,3.6775567378726213
1.36,7.265125695775816
1.3264,7.604689973726825
2.3600000000000003,5.00660541557868
3.174300000000001,5.176770828857923
1.7976,9.443468342663136
2.817400000000001,5.80071207381188
1.18552,6.336420641892215
2.6034900000000007,3.837145455884777
2.20379,6.3810312575731905
1.6649899999999995,6.800773168834016
3.0576000000000016,7.604689973726825
3.464730000000001,8.31182896972825
0.65449,6.675984919843224
2.2959900000000006,6.675984919843224
3.4000900000000023,1.8387783689363106
1.27428,3.337992459921612
3.5890100000000027,5.675923824821088
3.429100000000002,7.604689973726825
2.573220000000001,7.0155491977942335
0.7276,7.604689973726825
2.830400000000001,10.15060733866456
2.7166,7.265125695775816
1.9798,6.800773168834016
0.7209999999999999,2.3379313648994757
4.279240000000003,5.516335106808932
2.1258,7.265125695775816
1.7847999999999995,5.516335106808932
1.637,7.265125695775816
1.0099899999999995,9.103904064712127
2.0454,7.604689973726825
1.04149,6.675984919843224
1.84702,9.318680093672345
2.48914,7.265125695775816
1.6084999999999998,8.979115815721336
2.17086,3.5875689579031946
1.4543,2.3379313648994757
1.1835999999999998,5.1313936645694715
2.5153,7.265125695775816
1.7611,6.845383784514991
2.5861300000000007,3.5875689579031946
1.94838,7.140337446785025
2.808020000000001,5.00660541557868
1.23392,7.389913944766607
1.64369,10.693105935666855
1.653,7.604689973726825
-0.2977999999999998,4.301497982826578
2.01772,7.0155491977942335
1.02982,8.175199010828527
2.9356000000000018,7.265125695775816
2.489140000000001,8.979115815721336
1.0975000000000004,1.8387783689363106
2.11709,1.8387783689363106
1.32387,3.8023449868634125
1.4878999999999998,2.2131431159086845
0.6198000000000001,6.800773168834016
3.0526000000000018,7.140337446785025
2.7502000000000013,1.8387783689363106
2.8199200000000006,10.308218947700057
0.07709,1.963566617927102
1.1209000000000002,7.140337446785025
3.4338000000000024,2.0883548669178933
1.3279999999999998,9.318680093672345
0.2266,7.604689973726825
3.4522000000000013,4.176709733835787
1.0177,1.963566617927102
1.2715,5.00660541557868
1.94929,6.675984919843224
2.23982,7.140337446785025
2.18053,6.800773168834016
2.1171,7.265125695775816
2.3008,7.604689973726825
2.1394900000000003,6.675984919843224
2.35891,1.8387783689363106
2.4483900000000007,12.656672553593957
1.5841999999999998,5.516335106808932
1.6864,10.353541657715846
1.3046,5.00660541557868
1.67998,1.8387783689363106
1.11919,1.8387783689363106
1.30838,4.301497982826578
0.84009,5.336359546870079
1.5027199999999998,7.140337446785025
2.7853200000000014,8.854327566730545
1.965,8.514763288779536
2.9358000000000013,2.0883548669178933
1.5060999999999996,9.318680093672345
2.8885000000000014,6.015488102772097
2.21431,6.675984919843224
2.55182,9.318680093672345
2.672400000000001,7.604689973726825
1.4911,2.0883548669178933
1.24279,6.800773168834016
3.318600000000001,8.809004856714756
1.1173,1.8387783689363106
1.4999,7.265125695775816
1.74398,7.265125695775816
2.0881,5.00660541557868
1.61757,5.641123355799723
0.5664,7.604689973726825
2.23982,7.265125695775816
2.5939900000000007,1.8387783689363106
2.1243,2.0883548669178933
2.713800000000001,7.265125695775816
1.7258,8.979115815721336
3.33699,5.675923824821088
2.2457,5.516335106808932
3.216200000000001,11.032670213617864
1.7798999999999998,2.2131431159086845
0.4857999999999993,7.604689973726825
1.6475,1.963566617927102
0.9325999999999997,1.8387783689363106
0.9417000000000002,7.604689973726825
2.3308,7.604689973726825
2.81618,1.8387783689363106
1.49497,8.344597875500293
2.11268,1.8387783689363106
1.637,7.140337446785025
2.478700000000001,1.963566617927102
3.0037400000000014,5.890699853781306
2.6950900000000013,8.514763288779536
2.30729,8.684162153451302
2.1686,5.4263473268395055
3.8385000000000025,4.453291362267627
0.7866,3.612781286145805
2.5592000000000006,4.551074480808161
2.906100000000001,7.604689973726825
3.282020000000002,9.318680093672345
2.1697,8.979115815721336
1.7258,7.604689973726825
0.1830899999999998,10.478329906706637
1.8297,6.800773168834016
0.6708999999999997,6.4612088908830065
3.2615000000000016,3.6775567378726213
3.227570000000001,5.890699853781306
1.19229,6.675984919843224
0.4747999999999999,6.336420641892215
0.6227999999999998,5.765911604790515
1.9642,5.641123355799723
2.2494,12.14699731663637
1.1093,10.61495986560636
2.6765100000000013,7.514702193757399
1.202,5.176770828857923
2.17407,4.961994799897705
1.68282,9.318680093672345
2.5580000000000007,5.516335106808932
2.0155899999999995,6.800773168834016
3.436720000000002,7.140337446785025
2.330800000000001,7.604689973726825
1.0338,7.604689973726825
0.91519,5.675923824821088
2.18053,6.800773168834016
2.4063800000000004,3.5875689579031946
2.5847999999999995,7.265125695775816
3.531600000000002,6.140276351762889
0.9188999999999998,10.013977379764837
2.6751000000000005,3.8623577841273873
2.34898,1.8387783689363106
2.0979,10.49017161661557
2.843500000000001,10.739748114597152
2.8322700000000003,3.4627807089124034
1.882,9.443468342663136
2.525990000000001,6.675984919843224
1.987,1.624002339976093
2.0807,7.265125695775816
3.0570200000000014,7.604689973726825
1.18552,6.336420641892215
0.5434999999999999,7.140337446785025
2.7714800000000013,1.8387783689363106
2.791300000000001,7.140337446785025
2.09702,2.2131431159086845
3.4987000000000013,9.318680093672345
1.8809,7.265125695775816
3.8214000000000015,9.193891844681554
1.70529,6.675984919843224
2.8895000000000017,5.00660541557868
3.243720000000001,2.3379313648994757
2.1899,7.265125695775816
0.1498999999999997,8.639551537770327
1.9434,1.8387783689363106
3.079600000000002,5.516335106808932
1.5636,7.604689973726825
3.4228000000000023,3.6775567378726213
2.0392900000000003,6.925561417824807
1.4239,4.88181716658789
2.2118900000000004,6.675984919843224
1.8852,5.516335106808932
1.1218,4.881817166587889
4.279240000000003,5.516335106808932
2.4416,7.389913944766607
2.32669,3.4627807089124034
1.5519999999999998,7.140337446785025
3.5838000000000028,5.516335106808932
2.5337000000000005,3.8023449868634125
1.9915,8.639551537770327
0.2149999999999994,2.3379313648994757
3.209800000000002,9.443468342663136
1.2023199999999996,7.265125695775816
3.8023000000000025,7.604689973726825
2.4861000000000004,1.8387783689363106
1.4559,8.979115815721336
0.93389,6.925561417824807
3.532300000000002,9.318680093672345
3.487400000000002,9.318680093672345
0.9199,9.318680093672345
2.3732200000000008,7.0155491977942335
2.639220000000001,2.0883548669178933
1.3952900000000004,6.800773168834016
1.0413899999999998,6.675984919843224
2.995700000000002,7.265125695775816
2.9288900000000018,7.514702193757399
1.77757,6.675984919843224
3.560240000000001,5.176770828857923
3.225280000000001,1.8387783689363106
0.9793199999999996,7.265125695775816
2.8322000000000003,9.318680093672345
3.151730000000001,1.8387783689363106
1.7275,7.514702193757399
3.0268000000000006,7.604689973726825
2.6457000000000006,7.729478222717616
0.8994999999999999,7.604689973726825
-1.3059,8.639551537770327
2.997630000000002,6.3810312575731905
1.50879,11.19225893163002
1.04299,6.675984919843224
2.1925600000000003,6.800773168834016
2.530290000000001,6.3810312575731905
1.2692,8.684162153451302
1.0510000000000002,11.682590335421907
2.2941400000000005,11.282246711599447
3.7141600000000015,3.8023449868634125
1.4221,8.684162153451302
0.2038199999999997,2.0883548669178933
3.1431000000000013,7.604689973726825
1.6401,4.837206550906914
2.3284,7.604689973726825
3.040700000000001,7.265125695775816
3.3654400000000013,7.604689973726825
2.3100000000000005,10.739748114597152
2.56184,2.0883548669178933
0.63757,6.800773168834016
1.4669299999999998,6.800773168834016
2.72982,8.639551537770327
2.4622,9.318680093672345
2.2058,7.604689973726825
1.46693,6.800773168834016
2.3076,7.604689973726825
2.709100000000001,8.979115815721336
1.0884999999999998,2.462719613890267
1.2683899999999997,6.675984919843224
2.784200000000001,7.604689973726825
4.244100000000003,5.890699853781306
0.87109,6.3810312575731905
1.99737,4.961994799897705
3.0824000000000016,8.979115815721336
2.5060900000000013,6.675984919843224
2.8322000000000003,9.318680093672345
2.2277,5.516335106808932
2.8248000000000006,5.176770828857923
3.439700000000002,3.337992459921612
2.1483,3.5875689579031946
1.8199,3.712357206893986
3.4140400000000017,9.318680093672345
3.8419000000000016,3.6775567378726213
1.6635999999999995,7.265125695775816
2.3687000000000005,10.183376244436603
1.58432,6.675984919843224
1.99794,1.8387783689363106
2.6937000000000006,7.604689973726825
0.8154999999999998,7.389913944766607
2.30311,7.265125695775816
1.9108000000000005,1.4992140909853016
3.1354900000000017,8.187040720737459
1.2411,1.8387783689363106
1.94,8.219809626509502
2.17619,1.8387783689363106
3.466300000000002,7.0155491977942335
2.5151000000000003,1.8387783689363106
2.7977000000000007,7.604689973726825
0.9589,7.604689973726825
1.77757,6.675984919843224
1.40669,6.800773168834016
2.7689000000000004,7.265125695775816
2.7182000000000013,5.890699853781306
2.0214,9.318680093672345
2.2964,9.318680093672345
2.30239,6.675984919843224
1.4781,5.641123355799723
1.50071,6.675984919843224
1.2213,6.675984919843224
1.2553,7.0155491977942335
1.88002,7.265125695775816
1.3152000000000004,1.8387783689363106
2.2194000000000003,1.963566617927102
3.0580900000000018,6.800773168834016
1.8744200000000004,1.963566617927102
1.6137199999999998,6.336420641892215
1.5424,7.265125695775816
3.0824000000000016,8.854327566730545
3.3654400000000013,7.604689973726825
0.5872999999999999,7.604689973726825
2.908100000000001,12.204161736561089
1.73072,8.854327566730545
3.0132200000000013,7.604689973726825
0.98809,6.675984919843224
2.7990700000000013,5.641123355799723
2.510700000000001,8.37231091149516
0.4208999999999999,8.764339786761118
3.1517300000000006,1.8387783689363106
2.17798,3.337992459921612
3.439700000000002,3.337992459921612
2.0729,7.265125695775816
1.99608,1.8387783689363106
2.2046,8.979115815721336
2.4526400000000006,2.3379313648994757
1.0929000000000002,7.604689973726825
2.9476000000000013,3.737569535136596
3.4048000000000007,3.8023449868634125
2.0657,3.9271332358542037
2.562400000000001,7.389913944766607
0.4492999999999998,7.604689973726825
-0.1569099999999993,6.800773168834016
4.135400000000003,1.8735788379576759
2.645880000000001,5.641123355799723
3.1550200000000013,6.845383784514991
4.331300000000003,6.7205955355241995
3.4529000000000014,1.8387783689363106
1.93049,8.299987259819318
2.2964,9.318680093672345
2.9273000000000016,8.979115815721336
2.2074,7.604689973726825
2.58059,9.103904064712127
2.26,8.808950402442093
3.1335200000000016,7.265125695775816
2.960100000000001,8.979115815721336
2.912700000000001,7.604689973726825
2.9160900000000014,6.675984919843224
2.3935000000000004,2.3379313648994757
2.4814000000000007,7.604689973726825
1.94,7.265125695775816
4.024800000000001,12.204161736561089
0.9908,7.140337446785025
2.684490000000001,6.675984919843224
1.9268,9.719023717494803
4.587660000000003,7.3551134757452425
2.2965,7.265125695775816
1.2978,1.8387783689363106
1.8594,7.265125695775816
3.1192,11.032670213617864
1.9241,5.301559077848714
3.168820000000002,8.979115815721336
2.2046,9.443468342663136
1.97559,8.979115815721336
2.6058000000000003,7.604689973726825
2.870300000000001,7.729478222717616
4.219220000000004,4.881817166587889
0.9935,7.604689973726825
2.27342,8.639551537770327
0.72177,6.800773168834016
2.6323100000000013,4.961994799897705
2.5039000000000007,7.604689973726825
2.668490000000001,10.02581908967377
1.2048,7.604689973726825
2.6533000000000007,7.265125695775816
2.5611000000000006,3.8023449868634125
2.5039000000000007,7.604689973726825
3.1054200000000014,7.604689973726825
2.0749,7.265125695775816
3.1693000000000016,9.318680093672345
0.9818999999999998,2.3379313648994757
0.1023999999999996,9.103904064712127
2.8596000000000013,2.0883548669178933
2.907190000000001,1.8387783689363106
1.3462999999999998,8.344597875500293
2.0609,8.979115815721336
1.1458000000000002,7.604689973726825
2.9494900000000017,10.817894184657646
0.4709899999999994,9.0139162847427
0.6884899999999994,6.675984919843224
1.7630899999999996,6.630607755554774
2.5296200000000004,7.265125695775816
1.9204,7.140337446785025
0.3115999999999994,7.604689973726825
2.757200000000001,7.604689973726825
2.4510900000000007,6.675984919843224
-0.0287100000000002,6.675984919843224
2.9331700000000005,5.890699853781306
2.832200000000001,7.604689973726825
2.0528,7.140337446785025
1.3306,7.389913944766607
2.1884,7.479901724736034
2.62028,7.604689973726825
2.15879,7.265125695775816
3.183300000000002,5.00660541557868
3.4970000000000017,7.604689973726825
2.1925599999999994,6.925561417824807
1.04299,6.675984919843224
2.9316000000000013,7.389913944766607
2.832200000000001,8.979115815721336
3.805080000000003,1.8387783689363106
1.1541100000000002,6.800773168834016
2.4045000000000005,7.604689973726825
3.0134000000000016,2.2131431159086845
4.362920000000003,3.6775567378726213
1.7567,7.729478222717616
2.7689000000000004,7.604689973726825
2.8023000000000007,1.963566617927102
4.899900000000003,3.8023449868634125
2.522730000000001,6.675984919843224
-0.5225000000000002,7.140337446785025
1.26038,2.0883548669178933
3.131000000000002,8.979115815721336
3.6766000000000014,7.604689973726825
2.4624900000000007,6.675984919843224
0.955,10.72790640468822
1.47449,6.675984919843224
2.4076000000000004,8.219809626509502
2.03578,2.3379313648994757
1.0895,5.516335106808932
0.5890999999999997,6.336420641892215
1.1807,6.925561417824807
-0.1665100000000001,6.675984919843224
2.7975600000000007,7.265125695775816
0.0364000000000004,11.557802086431114
-0.7960000000000005,8.979115815721336
2.54064,6.845383784514992
0.9642,7.604689973726825
0.6619999999999999,6.800773168834016
2.4813,7.265125695775816
1.0741999999999996,5.00660541557868
1.33479,1.8387783689363106
1.35879,6.675984919843224
2.530290000000001,6.3810312575731905
1.19714,5.176770828857923
1.7805,7.265125695775816
1.5286899999999997,6.3810312575731905
3.978900000000003,3.9271332358542037
1.53219,6.675984919843224
2.902410000000001,1.8387783689363106
2.5418400000000005,7.389913944766607
1.37549,6.675984919843224
3.1673100000000014,1.8387783689363106
0.3347999999999995,5.301559077848714
2.9011000000000005,7.265125695775816
2.580590000000001,8.979115815721336
2.4366900000000005,6.675984919843224
3.733340000000002,5.765911604790515
3.323100000000002,12.871448582554175
0.6958199999999998,7.604689973726825
2.32982,5.641123355799723
4.5505400000000025,3.6775567378726213
2.5207000000000006,4.176709733835787
2.1710900000000004,7.265125695775816
2.1554,7.604689973726825
2.639800000000001,8.979115815721336
2.0975,8.639551537770327
3.189620000000001,7.604689973726825
2.814470000000001,5.131393664569472
1.90171,4.961994799897705
1.8937,1.963566617927102
2.760440000000001,9.318680093672345
3.1917000000000018,4.176709733835787
1.6863,7.604689973726825
2.4372700000000007,5.006605415578681
2.0045,10.398152273396821
2.1946000000000003,4.372087475357638
2.8322000000000003,9.318680093672345
1.95052,10.693105935666855
1.6113,7.604689973726825
2.5382000000000007,7.604689973726825
2.2561,5.641123355799723
0.3367899999999998,6.800773168834016
2.4183000000000003,8.979115815721336
2.518,2.2131431159086845
2.378920000000001,7.265125695775816
1.8921,1.963566617927102
2.2467900000000007,4.961994799897705
0.1117999999999998,8.979115815721336
2.878420000000001,7.265125695775816
3.1855900000000013,8.979115815721336
-1.1755,8.979115815721336
2.3126,7.604689973726825
2.254600000000001,7.604689973726825
3.4270200000000024,5.765911604790515
3.231300000000002,7.729478222717616
3.022000000000002,7.604689973726825
1.8263,5.641123355799723
0.98479,8.639551537770327
1.54629,6.800773168834016
1.4223,2.2131431159086845
2.723490000000001,6.3810312575731905
2.2058,7.604689973726825
3.101280000000001,1.8387783689363106
2.9643000000000006,7.604689973726825
3.3739000000000017,3.9271332358542037
1.24772,8.344597875500293
1.9377,1.8387783689363106
-0.9179,7.265125695775816
-0.21911,8.424775508810109
1.2524000000000002,2.2131431159086845
2.645880000000001,5.516335106808932
2.748200000000001,2.587507862881058
3.2901900000000017,1.8387783689363106
1.2375,7.604689973726825
1.39817,4.961994799897705
2.34589,8.31182896972825
2.1082,1.8387783689363106
2.974500000000001,5.765911604790515
-0.3673099999999991,6.800773168834016
2.2074,9.318680093672345
2.781600000000001,10.398152273396821
0.6547999999999999,9.318680093672345
3.5446000000000017,3.8023449868634125
3.354890000000002,1.8387783689363106
2.6952000000000007,6.210865844293949
4.109400000000004,3.9271332358542037
2.06318,1.8387783689363106
1.9416,9.103904064712127
1.2283,3.612781286145805
2.554120000000001,5.516335106808932
2.46016,7.389913944766607
4.362920000000003,3.6775567378726213
1.0429899999999996,6.675984919843224
3.044520000000001,9.443468342663136
2.670020000000001,9.318680093672345
3.866920000000002,10.61495986560636
2.1925600000000003,6.800773168834016
0.4470999999999996,7.514702193757399
1.13379,8.979115815721336
2.1955,7.265125695775816
1.993,5.4263473268395055
3.3654400000000013,7.604689973726825
2.725200000000001,2.0883548669178933
1.38589,8.5495637578009
2.5260000000000007,6.800773168834016
4.017300000000003,4.881817166587889
2.29542,1.4992140909853016
1.7954799999999995,8.219809626509502
2.6152200000000008,4.88181716658789
2.4408000000000003,4.301497982826578
0.0839000000000002,2.0883548669178933
4.1114000000000015,7.604689973726825
-1.4575000000000002,8.514763288779536
1.4473999999999998,8.514763288779536
2.0952,9.228692313702918
3.306700000000003,9.077007842807193
2.1251,6.675984919843224
2.5303000000000004,5.765911604790515
1.7902199999999997,1.624002339976093
3.0379000000000014,4.301497982826578
2.995700000000001,7.265125695775816
2.07949,6.675984919843224
1.60499,9.228692313702918
2.893220000000001,7.140337446785025
1.77757,6.675984919843224
1.31089,3.6775567378726213
1.33899,6.675984919843224
2.6870900000000013,6.800773168834016
1.48649,7.265125695775816
1.2229,7.604689973726825
3.975100000000003,4.176709733835787
1.9567,7.140337446785025
3.3739000000000017,3.9271332358542037
1.5617899999999996,6.800773168834016
1.2927899999999997,6.675984919843224
1.64212,9.318680093672345
1.9207,7.604689973726825
0.2302000000000001,4.051921484844995
0.72177,6.800773168834016
3.1146100000000008,1.8387783689363106
2.1459199999999994,5.516335106808932
-0.0344999999999999,4.837206550906914
5.066500000000004,4.247299226366847
2.46016,7.389913944766607
2.1893199999999995,7.265125695775816
1.5580899999999998,8.299987259819318
2.5951000000000004,7.604689973726825
0.3605,6.336420641892215
4.550540000000003,3.6775567378726213
1.99941,6.675984919843224
1.6975,2.3379313648994757
1.7076,7.265125695775816
0.5649,6.336420641892215
2.492290000000001,1.8387783689363106
2.25357,4.961994799897705
3.3739000000000017,3.9271332358542037
2.29159,6.675984919843224
2.3651,9.103904064712127
2.3792,2.0883548669178933
1.5704999999999998,7.140337446785025
1.4586,7.604689973726825
1.07581,10.38834212673721
0.4835000000000001,2.462719613890267
2.4441,4.837206550906914
3.031200000000002,1.624002339976093
2.4239000000000006,6.26506460075368
2.2058,7.604689973726825
0.58779,6.800773168834016
0.7240100000000003,9.811043060713551
0.3119199999999998,11.032670213617864
2.8395100000000006,3.4627807089124034
2.7091000000000003,7.140337446785025
2.0531900000000003,8.514763288779536
2.580590000000001,8.979115815721336
3.2513000000000014,8.979115815721336
2.986220000000001,7.604689973726825
0.98479,6.800773168834016
2.04059,6.675984919843224
2.2396000000000003,9.103904064712127
2.4357000000000006,4.301497982826578
1.28271,6.800773168834016
2.518600000000001,7.729478222717616
1.0094,9.318680093672345
2.757200000000001,7.604689973726825
1.64618,3.6775567378726213
1.1080399999999997,4.301497982826578
0.4485,2.3379313648994757
2.913140000000001,12.204161736561089
1.2607,7.604689973726825
0.6726000000000001,2.0883548669178933
2.748000000000001,1.8387783689363106
2.810100000000001,10.61495986560636
2.2732,5.641123355799723
2.681680000000001,1.8387783689363106
-0.8386099999999985,8.424775508810109
2.1543,3.6775567378726213
1.67033,3.497581177933768
2.1615,2.462719613890267
-0.5677099999999997,6.675984919843224
-1.3226999999999989,7.729478222717616
2.765720000000001,3.4627807089124034
2.1985,4.42628623181737
1.607,7.604689973726825
2.0367,4.032523197406629
0.7899,1.8387783689363106
2.6644900000000007,10.02581908967377
0.6704000000000001,3.712357206893986
1.4610999999999998,2.0883548669178933
1.46648,1.8387783689363106
1.62436,1.8387783689363106
0.94039,7.265125695775816
2.1966900000000003,8.979115815721336
1.9278,7.604689973726825
0.4461999999999998,7.265125695775816
3.160800000000002,10.817894184657646
0.3645199999999999,7.265125695775816
0.6507000000000002,10.308164493427395
0.2642899999999999,1.8387783689363106
3.2843000000000018,3.8023449868634125
2.8001900000000006,5.80071207381188
-0.5003000000000004,5.176770828857923
0.4721900000000001,6.675984919843224
0.1634999999999997,4.301497982826578
1.81991,6.3810312575731905
2.5663,2.0883548669178933
0.6205999999999998,4.032523197406629
2.127,4.051921484844995
1.0410899999999998,1.8387783689363106
1.2833,2.2131431159086845
2.2357200000000006,7.265125695775816
2.0767,7.604689973726825
2.6519,2.0883548669178933
1.4626,2.0883548669178933
0.6088199999999999,10.49017161661557
1.45162,7.604689973726825
0.9000600000000002,1.8387783689363106
0.2498999999999996,7.604689973726825
2.31769,8.31182896972825
0.6262,7.265125695775816
0.9797,10.61495986560636
1.8488,11.98938570760087
1.5188,2.3379313648994757
1.82882,7.604689973726825
1.8488,11.98938570760087
2.788900000000001,3.8023449868634125
2.2051,7.604689973726825
2.6221000000000005,1.8387783689363106
2.2051,10.02581908967377
0.7046899999999996,6.800773168834016
1.793,4.88181716658789
1.55402,3.4627807089124034
2.4293000000000005,5.551135575830297
3.680320000000001,1.8387783689363106
1.3815000000000002,2.3379313648994757
1.0554,2.0883548669178933
0.906,11.282246711599447
2.0767,7.140337446785025
1.55402,3.5875689579031946
1.2848,4.42628623181737
0.9231,8.979115815721336
2.53391,1.8387783689363106
2.0239,6.845383784514991
2.06629,6.675984919843224
2.9350500000000013,3.9271332358542037
2.442,4.176709733835787
2.2216,6.086077595303157
1.72149,6.675984919843224
-0.5551000000000001,6.26506460075368
2.12252,5.1313936645694715
1.1935,7.140337446785025
1.6000999999999996,10.15060733866456
1.5208000000000002,4.176709733835787
0.7695999999999998,3.5875689579031946
0.5039900000000002,10.478329906706637
1.5790899999999997,1.8387783689363106
0.3928,1.963566617927102
2.3193,7.265125695775816
2.67821,1.8387783689363106
1.4202899999999998,10.603118155697429
2.087,7.604689973726825
0.3797899999999998,6.3810312575731905
0.7441000000000001,7.140337446785025
2.7133900000000004,7.140337446785025
2.5760000000000005,7.729478222717616
0.5094000000000001,10.522940522387612
1.7149,2.2131431159086845
0.7548000000000001,2.2131431159086845
1.88989,6.675984919843224
2.06502,5.675923824821088
2.598840000000001,5.176770828857923
0.87469,7.389913944766607
2.7740300000000007,5.675923824821088
-1.7537999999999994,1.8387783689363106
-1.230799999999999,5.641123355799723
2.435390000000001,5.675923824821088
0.6726,2.2131431159086845
1.16457,8.979115815721336
1.95342,5.4263473268395055
0.4700999999999998,6.336420641892215
2.6137700000000006,3.9271332358542037
1.67772,1.8735788379576759
1.1333,1.963566617927102
3.4857000000000022,3.6775567378726213
2.462320000000001,7.140337446785025
1.7519999999999998,2.3379313648994757
1.4102,9.103904064712127
1.5185,3.4627807089124034
0.6533,7.265125695775816
1.43199,8.979115815721336
0.7434199999999997,7.265125695775816
2.08843,3.9271332358542037
2.4338200000000008,7.729478222717616
1.817,9.318680093672345
2.2876000000000003,2.0883548669178933
-0.9331999999999998,1.963566617927102
1.4003,2.0883548669178933
1.4716999999999998,7.140337446785025
0.7321899999999999,8.979115815721336
0.3939999999999994,2.462719613890267
1.3995,5.641123355799723
1.93822,9.318680093672345
1.0817999999999997,4.301497982826578
1.1851,3.8023449868634125
0.3849999999999999,1.963566617927102
0.5161000000000001,1.7487905889668844
1.3808,2.0883548669178933
2.0624,9.443468342663136
1.3664,1.963566617927102
1.5796,7.604689973726825
0.3255,1.8387783689363106
0.8912,7.604689973726825
1.7840999999999998,5.4263473268395055
1.2909000000000002,1.8387783689363106
1.46522,10.739748114597152
1.2486,2.0883548669178933
1.7917999999999998,8.979115815721336
-0.7841800000000001,8.854327566730545
-0.613,6.26506460075368
0.6927999999999999,8.005033597549284
3.0867000000000013,4.578079611258418
0.2163999999999999,7.479901724736034
1.7158,8.344597875500293
2.2645,7.854266471708408
1.6095,1.8387783689363106
1.395,7.604689973726825
2.502320000000001,10.693105935666855
1.2963999999999998,7.265125695775816
1.2635900000000002,6.675984919843224
0.7834,7.604689973726825
1.0815,7.604689973726825
2.5432200000000007,9.318680093672345
0.3728000000000002,7.604689973726825
3.1073200000000014,11.032670213617864
2.7140000000000013,9.318680093672345
1.5651,3.8023449868634125
0.6622999999999999,6.925561417824807
1.62261,7.050349666815598
2.3109,2.2131431159086845
2.0562,8.854327566730545
0.4591999999999996,7.729478222717616
2.4538,11.98938570760087
1.7938999999999998,5.516335106808932
2.8101000000000003,7.604689973726825
3.533100000000002,4.301497982826578
0.4349999999999998,8.639551537770327
2.9128000000000016,6.26506460075368
2.6875000000000018,2.0883548669178933
0.6455,5.301559077848714
-2.711709999999999,8.5495637578009
1.00347,6.675984919843224
1.7608800000000002,1.8387783689363106
0.67042,2.0883548669178933
3.593200000000002,5.641123355799723
1.188,7.729478222717616
1.88289,1.8387783689363106
0.8172900000000001,6.505819506563982
2.2576,5.516335106808932
2.7740300000000016,5.675923824821088
1.68809,1.8387783689363106
0.8382899999999998,7.265125695775816
0.6840899999999999,5.4263473268395055
1.9716,1.8387783689363106
1.48328,3.337992459921612
1.9528,5.551135575830297
0.4504,7.604689973726825
3.4565000000000023,8.651393247679259
2.2687,2.3379313648994757
1.1755,2.462719613890267
1.7921,5.890699853781306
1.93822,8.979115815721336
2.18692,12.204161736561089
1.45162,9.318680093672345
-0.8076100000000002,6.800773168834016
1.56369,6.800773168834016
2.2447,7.729478222717616
2.0562,7.140337446785025
0.0329999999999998,8.639551537770327
1.41,9.318680093672345
0.0848999999999995,7.265125695775816
1.5244,7.265125695775816
3.306600000000003,2.0883548669178933
2.4251000000000005,3.9271332358542037
-0.8814099999999994,6.800773168834016
2.1004,1.963566617927102
0.8912,7.604689973726825
2.5319000000000003,13.70337582754639
2.1486,7.140337446785025
-0.6817000000000002,1.8387783689363106
2.1876000000000007,2.0883548669178933
0.6053899999999999,9.228692313702918
1.6801,8.854327566730545
1.08894,5.516335106808932
1.7488,2.462719613890267
0.3855900000000001,6.675984919843224
1.34379,6.755396004545564
-1.181509999999999,6.800773168834016
1.35662,7.0155491977942335
1.7862,7.094960282496573
1.6921000000000002,1.963566617927102
0.89482,7.265125695775816
0.7473999999999998,4.176709733835787
3.254700000000001,4.051921484844995
0.8449200000000001,2.0883548669178933
1.99792,10.693105935666855
1.5476,3.9271332358542037
2.362,5.516335106808932
2.6674000000000007,9.443468342663136
0.4557,6.26506460075368
1.5796,7.604689973726825
1.2113,2.3379313648994757
1.93469,6.800773168834016
0.8435000000000001,2.3379313648994757
2.4088200000000004,7.604689973726825
1.3416999999999997,7.140337446785025
2.2347,5.00660541557868
2.1014,6.26506460075368
0.94849,6.845383784514991
1.62469,6.675984919843224
1.5762,10.522940522387612
0.7709999999999999,5.1313936645694715
0.93952,2.2131431159086845
1.66749,6.675984919843224
1.041,7.729478222717616
1.485,2.4827127095377124
2.3751000000000007,5.256181913560263
-0.7638000000000003,6.4612088908830065
0.0009900000000001,6.675984919843224
-0.4142999999999997,2.587507862881058
1.41814,5.00660541557868
3.434700000000002,4.051921484844995
0.8167,1.8387783689363106
0.6170999999999999,7.265125695775816
2.1110999999999995,7.854266471708408
-0.6815000000000002,4.667041137627672
0.3728000000000001,7.604689973726825
2.681680000000001,1.8387783689363106
0.3474999999999997,8.514763288779536
1.4716999999999998,7.604689973726825
3.853000000000002,6.210865844293949
3.964400000000002,6.015488102772097
2.5432200000000007,9.318680093672345
1.9334,10.61495986560636
2.1598,5.1313936645694715
1.6021,8.979115815721336
1.90897,5.641123355799723
1.47619,8.005033597549284
1.9352,4.301497982826578
-0.4769000000000001,1.8387783689363106
2.13929,7.3551134757452425
2.08297,3.9271332358542037
1.2877,7.140337446785025
2.4835400000000005,3.6775567378726213
2.3416,7.604689973726825
2.1276,4.176709733835787
0.6969900000000001,7.050349666815598
2.859700000000001,5.505758411541847
2.0130000000000003,4.247299226366847
2.4409,5.890699853781306
2.655190000000001,1.8387783689363106
1.4716999999999998,7.604689973726825
2.1513,5.211571297879288
1.79579,6.630607755554774
1.6175,1.7487905889668844
-1.5968299999999995,8.764339786761118
1.93822,11.032670213617864
0.7685,4.301497982826578
2.4075000000000006,2.3379313648994757
2.3416,6.970172033505782
-0.2955100000000001,8.594174373481875
1.5786,5.765911604790515
2.810100000000001,5.641123355799723
2.5665000000000004,4.051921484844995
0.6235999999999999,7.140337446785025
-0.2470800000000001,8.854327566730545
0.4913,3.737569535136596
2.4221700000000004,5.006605415578681
1.6428,4.372087475357638
1.0535,2.3379313648994757
1.2672999999999996,8.979115815721336
2.6345300000000007,1.8387783689363106
1.1262899999999998,8.31182896972825
1.817,7.604689973726825
2.8153200000000007,3.9271332358542037
0.8407,2.3379313648994757
2.599920000000001,7.140337446785025
1.45162,7.604689973726825
0.4906899999999998,8.344597875500293
1.2055,5.176770828857923
3.307500000000002,3.6775567378726213
1.5716,2.0883548669178933
2.5874000000000006,7.265125695775816
1.663,7.389913944766607
1.1812,7.094960282496573
2.883320000000001,9.318680093672345
1.0198000000000005,1.8387783689363106
0.8804000000000001,3.712357206893986
1.4716999999999998,7.604689973726825
3.041660000000001,2.3379313648994757
3.706700000000003,3.6775567378726213
1.54509,6.675984919843224
1.7566,5.675923824821088
1.7042000000000002,5.505758411541847
1.71,7.604689973726825
1.3405,2.3379313648994757
2.813220000000001,7.604689973726825
1.7862,8.808950402442093
0.5035,1.8387783689363106
1.7108999999999994,7.265125695775816
1.27542,2.0883548669178933
0.8716000000000002,8.854327566730545
0.2384999999999998,2.462719613890267
2.0924,5.516335106808932
0.4530999999999999,7.604689973726825
2.5432200000000007,9.318680093672345
3.228400000000001,5.516335106808932
2.1004,1.963566617927102
1.82882,7.604689973726825
1.1373,7.265125695775816
2.1818,7.729478222717616
1.2449,2.2131431159086845
2.687520000000001,7.604689973726825
3.5059000000000022,5.1313936645694715
0.6808000000000001,7.265125695775816
3.1073200000000014,11.157458462608655
-1.0685099999999994,7.514702193757399
2.0767,7.604689973726825
-0.0287000000000006,7.265125695775816
1.5624,7.604689973726825
0.0662,9.318680093672345
4.000710000000001,1.8387783689363106
2.6423000000000005,5.301559077848714
2.858100000000001,3.8023449868634125
0.7429000000000001,2.3379313648994757
1.0882999999999996,7.140337446785025
2.7082700000000006,1.963566617927102
2.23998,1.8387783689363106
1.99069,6.3810312575731905
2.3893000000000004,7.479901724736034
2.1373,2.3379313648994757
2.7090200000000006,8.854327566730545
2.5750200000000003,10.49017161661557
2.7116000000000007,4.176709733835787
1.7608800000000002,1.8387783689363106
1.6390999999999998,1.8387783689363106
1.4722000000000002,9.193891844681554
1.5061,6.015488102772097
-0.3198000000000001,5.516335106808932
1.7779,8.979115815721336
1.4126,2.2131431159086845
0.2411999999999999,6.675984919843224
1.15222,5.516335106808932
1.79571,7.389913944766607
1.5322,7.604689973726825
0.6622999999999998,8.639551537770327
0.9750999999999996,5.301559077848714
2.0146,8.219809626509502
2.0367,7.604689973726825
2.08739,5.551135575830297
1.66589,6.675984919843224
1.8111,5.4263473268395055
2.1456,4.176709733835787
0.5150999999999997,2.3379313648994757
1.62261,6.925561417824807
2.810100000000001,7.604689973726825
0.8959000000000001,2.0883548669178933
-0.1063000000000001,7.140337446785025
2.03557,5.256181913560264
0.2081999999999999,4.176709733835787
2.0146,8.219809626509502
1.4854199999999995,2.0883548669178933
2.4084900000000005,3.8023449868634125
1.88829,6.675984919843224
0.067,8.764339786761118
-2.00131,6.800773168834016
0.6726999999999999,4.881817166587889
2.17974,10.693105935666855
1.4129999999999996,1.8387783689363106
2.1657900000000003,5.675923824821088
1.46659,6.925561417824807
1.3388000000000002,1.4992140909853016
1.6566,6.140276351762889
2.0742,3.8023449868634125
1.2227,5.00660541557868
-0.96758,4.881817166587889
1.6631999999999998,5.890699853781306
1.0978,7.729478222717616
0.9646,7.265125695775816
1.63,8.979115815721336
1.39379,3.8023449868634125
1.9237,1.963566617927102
1.3614000000000002,7.604689973726825
1.36919,8.187040720737459
1.88172,7.0155491977942335
1.7844,4.881817166587889
2.9764000000000017,8.344597875500293
2.0365999999999995,5.176770828857923
-0.5968000000000002,7.729478222717616
2.697960000000001,3.337992459921612
1.75182,3.4627807089124034
1.5033,5.1313936645694715
0.6328699999999998,4.961994799897705
2.17974,7.479901724736034
1.3388000000000002,1.4992140909853016
2.1599000000000004,2.0883548669178933
1.7596699999999998,5.641123355799723
0.7177,7.604689973726825
-0.6589000000000003,5.00660541557868
1.2828000000000002,7.389913944766607
0.3325999999999993,1.8735788379576759
1.6027999999999998,2.0883548669178933
1.3479,2.3379313648994757
2.7006200000000007,2.0883548669178933
0.8666999999999998,6.800773168834016
0.6533,7.265125695775816
0.98587,4.961994799897705
1.06209,5.336359546870079
2.4835400000000005,1.8387783689363106
2.784600000000001,5.00660541557868
0.1120999999999999,4.327476859676663
-0.27398,8.639551537770327
0.5795999999999999,5.516335106808932
2.16903,5.675923824821088
0.7736000000000001,4.881817166587889
1.47509,5.675923824821088
2.53904,2.0883548669178933
3.339100000000002,8.122734413513578
2.2492,4.881817166587889
2.4206000000000003,4.301497982826578
2.1615,2.462719613890267
-0.2387999999999999,7.604689973726825
1.395,7.604689973726825
2.06502,5.675923824821088
1.82317,5.641123355799723
3.0515000000000017,5.256181913560263
1.2487,10.61495986560636
2.9869600000000025,2.3379313648994757
2.864300000000001,3.4627807089124034
0.9394000000000002,4.42628623181737
1.3388000000000002,4.113727084316618
3.1659700000000006,3.8023449868634125
1.3294,1.8387783689363106
1.66869,6.675984919843224
1.34434,2.462719613890267
1.908,8.979115815721336
2.973860000000001,1.4992140909853016
1.4014999999999995,1.8387783689363106
2.540890000000001,1.8387783689363106
1.7759,1.8387783689363106
2.06469,6.675984919843224
1.8304,2.0883548669178933
0.20919,6.675984919843224
2.916970000000001,3.9271332358542037
-0.3736000000000001,7.265125695775816
1.4512,6.675984919843224
0.4675900000000001,6.800773168834016
2.646000000000001,3.9271332358542037
3.172000000000001,1.4992140909853016
2.1846,4.176709733835787
1.8410999999999995,8.979115815721336
3.7494900000000015,1.8387783689363106
-0.1425000000000001,2.3379313648994757
2.5028000000000006,10.739748114597152
0.0572999999999997,6.925561417824807
2.1235,1.8387783689363106
2.913140000000001,8.651393247679259
2.3612,5.675923824821088
1.9853,11.98938570760087
-0.2848099999999999,6.925561417824807
1.8102,10.739748114597152
0.9392,4.42628623181737
2.887900000000002,7.854266471708408
0.7834,9.318680093672345
3.4190200000000024,4.176709733835787
0.1096999999999999,8.639551537770327
-0.9162800000000004,10.058587995445812
0.7,9.318680093672345
1.89746,3.712357206893986
2.5139000000000005,9.693044840644719
1.3353999999999997,10.058587995445812
3.853000000000003,4.881817166587889
3.013100000000001,2.2131431159086845
0.9693,4.301497982826578
2.681680000000001,1.8387783689363106
1.351,5.516335106808932
0.4391000000000005,5.551135575830297
0.3998,7.729478222717616
-0.5489000000000002,6.800773168834016
0.9601,3.9271332358542037
1.9278,7.604689973726825
0.30587,4.961994799897705
1.90159,6.3810312575731905
-0.24048,6.675984919843224
2.17974,8.979115815721336
0.7954999999999997,3.0430387976515787
1.7366,6.381031257573191
1.3171999999999997,1.8387783689363106
1.817,7.604689973726825
2.762690000000001,1.8387783689363106
1.67033,5.211571297879288
2.1004,1.963566617927102
1.3614000000000002,7.604689973726825
2.0624,9.568256591653928
0.96779,8.979115815721336
1.2558999999999996,2.3379313648994757
-0.6223999999999996,2.0883548669178933
0.5884999999999998,8.514763288779536
3.2025000000000023,1.8387783689363106
2.851700000000001,4.176709733835787
2.5432200000000007,9.318680093672345
1.9859,1.963566617927102
2.2915,7.729478222717616
2.997300000000001,9.318680093672345
1.97799,7.514702193757399
2.7740300000000016,5.80071207381188
2.2003700000000004,5.006605415578681
1.93822,9.318680093672345
-0.12571,6.675984919843224
0.7454999999999998,4.176709733835787
1.9438,9.326584340788775
0.82189,10.603118155697429
0.81819,6.675984919843224
2.51262,3.9271332358542037
0.9385999999999998,6.336420641892215
2.0972,5.451559655082115
2.2876000000000003,2.0883548669178933
-0.5824000000000003,10.478329906706637
1.3484199999999995,7.604689973726825
2.48179,1.8387783689363106
1.2877,7.140337446785025
0.4948999999999999,5.890699853781306
1.95679,7.344536780478157
2.462320000000001,8.979115815721336
-0.0364000000000001,7.140337446785025
1.7844,3.8023449868634125
-0.0936099999999999,6.800773168834016
2.670200000000001,9.318680093672345
0.4878999999999999,7.265125695775816
2.1041600000000003,4.051921484844995
2.19799,6.800773168834016
2.07056,2.462719613890267
1.93822,9.318680093672345
1.64707,5.131393664569472
2.0767,7.604689973726825
1.6585,2.462719613890267
2.3493,2.3379313648994757
0.7834000000000001,7.604689973726825
0.7,7.604689973726825
1.9929,7.265125695775816
2.7721,7.140337446785025
1.78162,5.00660541557868
2.3829,10.398152273396821
2.1657900000000003,5.675923824821088
0.7293700000000001,5.00660541557868
1.8723,7.604689973726825
2.6996900000000013,7.265125695775816
0.4504,2.0883548669178933
1.02039,1.8387783689363106
2.703500000000001,3.6775567378726213
3.8595000000000015,1.8387783689363106
0.5837999999999995,2.3379313648994757
2.1657900000000003,5.675923824821088
1.4593,1.8387783689363106
-0.7628,8.175199010828527
2.851700000000001,4.176709733835787
1.3663999999999998,3.9271332358542037
0.7599,1.8387783689363106
1.74739,6.675984919843224
1.4512,6.675984919843224
1.1145,5.380970162551055
-1.0098000000000005,7.140337446785025
1.489,3.9271332358542037
2.0624,9.568256591653928
-0.447,2.3379313648994757
0.5926,7.094960282496574
0.7771999999999999,2.0883548669178933
-0.0832,3.337992459921612
0.6212,3.5421917936147436
0.2718999999999999,4.7918293866184625
0.87249,3.8023449868634125
0.5898900000000001,3.9271332358542037
-0.01532,1.8387783689363106
0.276,6.015488102772097
-0.0682,6.3898528497444715
1.08608,3.6775567378726213
-0.53132,1.8387783689363106
-0.2257,3.8023449868634125
0.6551899999999999,3.5875689579031946
0.6076999999999999,1.8387783689363106
-0.0824,3.1232164309613943
0.9361,2.2131431159086845
0.83559,6.970172033505783
-0.6428,3.4627807089124034
1.18039,10.15060733866456
1.0442,2.2131431159086845
0.0708,3.4627807089124034
0.1204,7.265125695775816
0.9801,1.8387783689363106
0.5410000000000001,2.2131431159086845
-0.2839999999999999,2.3379313648994757
1.58802,7.604689973726825
1.6894,5.00660541557868
1.31008,1.8387783689363106
0.9912,2.3379313648994757
1.7578,4.176709733835787
-0.5064000000000001,2.3379313648994757
-2.6833,2.0883548669178933
-0.8245100000000001,7.050349666815598
0.3833,3.337992459921612
1.4871,7.729478222717616
-0.1137000000000001,7.59411327845974
-0.2662,3.9271332358542037
1.2395,3.4627807089124034
-0.0221099999999999,4.7918293866184625
-1.029,2.2131431159086845
0.70628,1.8387783689363106
-0.5286000000000002,1.963566617927102
0.92169,1.5514692487900115
-0.4935,3.292615295633161
0.03,3.4627807089124034
0.8601700000000001,3.5150358667171133
2.1479,4.051921484844995
0.9114,4.9524443582307915
0.3023,6.015488102772097
0.0399700000000001,5.006605415578681
0.7727,5.256181913560263
-0.0993999999999998,2.2131431159086845
-0.1428199999999998,1.8387783689363106
0.6299,5.80071207381188
0.58527,4.881817166587889
0.6970000000000001,3.337992459921612
1.0248,2.3379313648994757
-0.99303,4.881817166587889
0.41589,6.3810312575731905
0.3918,4.42628623181737
0.4084699999999999,5.641123355799723
0.0354,5.1313936645694715
-0.49772,1.8387783689363106
1.343,6.015488102772097
0.681,7.094960282496574
0.48799,7.219748531487366
0.52988,1.8387783689363106
1.73667,3.8023449868634125
0.9181,1.963566617927102
0.6982900000000001,7.265125695775816
0.48908,1.8387783689363106
-0.9703,4.881817166587889
-0.2503999999999999,2.2131431159086845
0.19517,4.881817166587889
-0.7089,5.380970162551055
0.9113,2.3379313648994757
2.7346000000000004,11.536874890568003
0.65587,3.9271332358542037
1.0059,4.42628623181737
-0.2083999999999995,1.8387783689363106
1.1337,2.2131431159086845
-0.5802,2.3379313648994757
0.6006800000000001,1.8387783689363106
-0.7166,3.5875689579031946
-0.1682999999999999,3.8023449868634125
0.7749,4.849048260815846
1.9571,4.051921484844995
1.7594,4.301497982826578
0.226,4.667041137627671
0.6157999999999999,4.42628623181737
1.2103000000000002,1.8387783689363106
1.3702,1.8387783689363106
0.8321,6.381031257573191
0.6891899999999999,6.845383784514991
-0.06163,5.131393664569472
-0.1604999999999999,1.8387783689363106
1.2631,6.015488102772097
0.6499,5.890699853781306
-0.1036,5.890699853781306
0.5024,4.453291362267627
0.02559,3.8023449868634125
0.2101999999999999,2.3379313648994757
0.5969899999999999,10.701010182783286
0.0976,1.8387783689363106
0.3848,4.849048260815846
-0.2363100000000002,8.639551537770327
-0.2704300000000001,5.176770828857923
0.3334,6.015488102772097
0.5651999999999999,1.8387783689363106
1.24909,7.094960282496574
0.6142000000000001,4.176709733835787
-0.6399100000000002,6.505819506563983
1.5622,1.963566617927102
1.6268,4.176709733835787
1.7862,1.8387783689363106
-0.0665999999999999,3.337992459921612
-0.02701,5.80071207381188
-0.161,4.42628623181737
-0.3303999999999998,5.380970162551054
-0.0014,2.2131431159086845
0.9062,2.7034745197005696
1.0309,4.301497982826578
-0.7899000000000003,6.336420641892215
1.34657,3.8023449868634125
0.5531000000000001,1.963566617927102
-0.0183999999999998,2.3379313648994757
0.9432,1.8387783689363106
-0.37173,3.9271332358542037
-1.3367,5.176770828857923
0.7253000000000002,5.765911604790515
0.4787,2.0883548669178933
0.6527000000000001,4.301497982826578
1.3702,1.8387783689363106
-0.6829999999999999,2.0883548669178933
1.85269,22.49898912197644
0.54965,5.641123355799723
-0.37301,5.675923824821088
0.1138799999999999,3.0430387976515787
1.5154,1.624002339976093
-0.2068000000000003,3.9271332358542037
1.0043,4.176709733835787
-0.6741000000000001,2.3379313648994757
0.14318,3.6775567378726213
1.9255,4.301497982826578
1.7594,4.176709733835787
0.627,3.337992459921612
0.5531000000000001,1.8387783689363106
1.13249,10.02581908967377
0.1715899999999999,4.238515333307409
0.2639700000000001,5.006605415578681
-1.3966,3.4174035446239523
2.1763000000000003,1.8387783689363106
0.2052,3.8023449868634125
0.2665000000000002,1.8387783689363106
0.1635999999999999,5.4263473268395055
0.1178799999999999,1.8387783689363106
1.8887,5.890699853781306
0.754,4.372087475357638
1.68207,3.9271332358542037
1.24769,6.845383784514992
0.1793,5.006605415578681
1.9255,4.301497982826578
-1.0669100000000002,6.925561417824807
0.9112,5.603390733635006
-0.6131000000000002,8.299987259819318
0.4585000000000001,1.8387783689363106
1.7513,1.8387783689363106
0.8536999999999999,1.8387783689363106
0.26437,3.9271332358542037
-0.0081000000000001,7.140337446785025
1.182,4.301497982826578
-0.3170200000000001,1.8387783689363106
-0.8483000000000003,2.2131431159086845
0.24728,1.8387783689363106
0.8486,1.8387783689363106
0.0183699999999999,5.641123355799723
0.3168,4.301497982826578
1.43607,5.765911604790515
-0.0774,2.3379313648994757
0.5952999999999999,3.8023449868634125
0.5464800000000001,1.8387783689363106
0.3551000000000002,2.3379313648994757
-0.4675,3.8023449868634125
0.873,6.015488102772097
0.1574699999999999,2.998428181970603
0.9384,4.301497982826578
-0.0081000000000001,8.639551537770327
0.5509,4.849048260815846
-0.0657999999999999,5.380970162551055
0.5724000000000001,2.2131431159086845
1.0248,2.3379313648994757
0.8347,4.42628623181737
1.3246,2.0883548669178933
1.29197,3.9271332358542037
0.4609,3.337992459921612
0.5074,2.3379313648994757
0.1047800000000002,2.3379313648994757
0.9097,2.2131431159086845
0.0136,2.3379313648994757
-0.2531000000000001,3.8023449868634125
0.97178,1.8387783689363106
-0.0942999999999998,1.8387783689363106
0.98302,6.7205955355241995
-0.3466999999999999,1.963566617927102
-0.0774,3.8023449868634125
1.7013999999999998,5.641123355799723
0.2482000000000001,3.712357206893986
0.0766900000000002,8.31182896972825
2.05652,3.6775567378726213
0.7614,5.765911604790515
-1.6855000000000002,2.2131431159086845
1.9019,5.765911604790515
0.0715799999999999,1.8387783689363106
0.8024,1.8387783689363106
1.46029,8.890355351281913
0.69149,5.256181913560263
1.5722,2.462719613890267
0.8412999999999999,3.9271332358542037
-0.8019000000000001,4.42628623181737
1.097,7.729478222717616
1.22058,1.8387783689363106
0.79607,5.006605415578681
-0.3265,3.5875689579031946
1.16829,5.675923824821088
1.2526,5.890699853781306
-0.0080999999999998,8.639551537770327
0.5196000000000001,2.2131431159086845
0.65927,5.765911604790515
0.1935,1.4992140909853016
0.2867,3.292615295633161
-0.4118000000000001,4.301497982826578
-0.4658999999999999,2.3379313648994757
-1.3089,2.3379313648994757
-0.3265,3.712357206893986
0.851,3.337992459921612
0.6956799999999999,1.8387783689363106
0.1370999999999999,1.8387783689363106
0.1131199999999999,6.800773168834016
2.53909,1.8387783689363106
-0.2284000000000002,4.881817166587889
0.3826,3.4174035446239523
-0.1910300000000001,3.9271332358542037
1.9076000000000004,2.3379313648994757
-0.0757999999999997,2.3379313648994757
1.08608,1.8387783689363106
0.6157999999999999,6.140276351762889
0.66966,3.6775567378726213
1.1612,6.845383784514991
1.7578,4.051921484844995
0.8953,1.8387783689363106
0.3467,1.4992140909853016
0.7771999999999999,2.0883548669178933
-0.1419,3.837145455884777
0.0152,2.2131431159086845
-0.0111100000000001,6.800773168834016
0.8034999999999999,2.2131431159086845
0.6324000000000001,5.1313936645694715
-0.9205,4.086721953866361
-0.2108000000000001,3.16782704664237
0.7234,1.963566617927102
-1.2181000000000004,6.4612088908830065
1.0826000000000002,2.2131431159086845
0.5694,5.006605415578681
1.8903,5.516335106808932
0.2256999999999999,4.42628623181737
1.097,6.015488102772097
0.98302,6.845383784514991
0.1131199999999999,6.800773168834016
-0.5022000000000002,6.514641098735263
1.73667,3.8023449868634125
-0.4322999999999999,5.516335106808932
0.22497,3.9271332358542037
2.05379,6.015488102772097
-0.0183999999999998,2.3379313648994757
1.55608,1.8387783689363106
1.9019,6.015488102772097
0.8836999999999999,4.176709733835787
0.1662000000000001,2.2131431159086845
1.45152,10.49017161661557
0.4609,3.9271332358542037
-0.2222999999999999,2.3379313648994757
0.1357999999999999,9.228692313702918
-0.31312,3.337992459921612
0.0463,5.890699853781306
-0.5817999999999999,2.3379313648994757
0.6708700000000001,4.051921484844995
0.87809,7.854266471708408
0.2568000000000001,6.845383784514992
1.8399,2.0883548669178933
-0.0915,2.2131431159086845
0.6141999999999999,4.301497982826578
-0.4133999999999999,2.462719613890267
1.0640900000000002,14.292533358639798
1.0858,6.26506460075368
-0.2477,5.301559077848714
1.2698999999999998,2.2131431159086845
0.40687,3.9271332358542037
1.2089,4.301497982826578
-0.2839999999999997,2.2131431159086845
0.75079,7.265125695775816
-0.1419,3.837145455884777
-0.9924099999999992,4.622430521946696
1.1024,5.1313936645694715
-1.389299999999999,3.4174035446239523
0.3416999999999999,4.301497982826578
0.1424000000000001,5.176770828857923
1.34709,8.013964098265888
0.79565,3.9271332358542037
1.55608,1.8387783689363106
0.19757,3.9271332358542037
0.0627,3.292615295633161
1.08159,5.256181913560263
1.0043,4.176709733835787
0.98302,6.845383784514992
1.4479,1.8387783689363106
1.2395,9.443468342663136
0.9416,1.963566617927102
0.8187,1.963566617927102
1.1673,1.963566617927102
0.92,2.0883548669178933
1.2589,2.0883548669178933
0.40112,4.051921484844995
0.4085899999999999,7.389913944766607
-0.1033999999999998,3.4174035446239523
2.1479,4.051921484844995
1.0586,4.578079611258418
0.6877,4.176709733835787
-0.0066999999999998,7.389913944766607
-0.39021,5.900116254161665
1.90853,1.8387783689363106
0.6825000000000001,1.8387783689363106
1.2545,2.4827127095377124
0.7922,4.301497982826578
0.7842,1.8387783689363106
1.9744,24.462555739903543
0.0516999999999999,1.963566617927102
1.6357,8.122734413513578
-1.4657,4.916617635609255
0.0989799999999999,1.8387783689363106
0.80769,3.292615295633161
2.4934700000000003,5.256236367832926
-0.3423,5.301559077848714
-1.5696000000000006,5.301559077848714
-0.9277,5.4263473268395055
0.3218999999999999,6.26506460075368
-0.3087999999999999,5.505758411541847
-0.7352000000000001,4.051921484844995
-0.6456000000000002,2.78288560440291
0.7819,4.301497982826578
-0.2794299999999999,3.9271332358542037
-0.4517300000000001,5.006605415578681
0.39728,1.963566617927102
0.3409000000000001,7.265125695775816
0.4475000000000001,1.8387783689363106
-0.2029999999999999,1.8387783689363106
0.7476,3.8023449868634125
0.3763900000000001,12.998285149955104
-0.2840000000000001,2.0883548669178933
1.0142999999999998,7.140337446785025
0.46379,6.505819506563983
1.2089,4.176709733835787
2.412700000000001,8.122734413513578
-0.9024,4.88181716658789
2.6172000000000017,6.408744293568058
-0.0976999999999999,1.963566617927102
-0.63991,6.505819506563983
-0.4512,6.140276351762889
1.0214999999999996,1.8387783689363106
-1.0037999999999998,5.301559077848714
-1.00472,1.8387783689363106
0.97222,7.604689973726825
0.58917,5.641123355799723
0.72139,1.8387783689363106
0.4852000000000001,8.639551537770327
1.29202,7.140337446785025
-0.3194999999999999,4.881817166587889
-0.1936999999999999,1.8387783689363106
0.36722,8.979115815721336
0.3939,8.979115815721336
1.6312,7.729478222717616
1.8519,1.963566617927102
-2.17721,6.925561417824807
1.0920999999999998,3.8023449868634125
0.4851999999999998,8.344597875500293
0.36722,8.639551537770327
0.8676,9.443468342663136
0.36722,10.353541657715846
1.7146899999999998,1.8387783689363106
-0.2355999999999998,7.265125695775816
-0.0531100000000001,6.800773168834016
-0.9215000000000002,2.462719613890267
0.31072,8.979115815721336
1.1892,1.8387783689363106
0.8627,5.1313936645694715
0.8639000000000001,9.103904064712127
1.7519,5.1313936645694715
0.76749,6.800773168834016
-0.2356000000000001,9.719023717494803
2.1232,7.729478222717616
2.3778,1.8387783689363106
0.8747,5.4263473268395055
0.8102,7.729478222717616
0.9605899999999998,1.8387783689363106
1.7453999999999996,4.051921484844995
1.3924,5.256181913560263
1.21749,10.02581908967377
1.3203,7.095014736769237
-0.6996800000000001,6.800773168834016
2.4465000000000003,5.765911604790515
1.4641,11.86459745861008
1.2126,4.051921484844995
1.4506,10.739748114597152
-0.2265000000000003,4.301497982826578
1.5458,2.3379313648994757
0.7122000000000002,7.265125695775816
-0.9918000000000002,7.729478222717616
0.752,6.845383784514991
-0.1795999999999999,1.4992140909853016
-0.3659000000000001,4.88181716658789
1.6861999999999997,7.479901724736034
0.3847999999999998,6.140276351762889
0.72119,6.800773168834016
1.69844,9.318680093672345
-0.4024000000000001,2.2131431159086845
0.6287,5.301559077848714
0.8510000000000002,2.0883548669178933
0.4906199999999999,7.265125695775816
-0.1956000000000003,8.639551537770327
-0.5906000000000005,8.979115815721336
-1.3094999999999992,7.17513791580639
0.7403,9.103904064712127
0.5708000000000001,5.765911604790515
0.2104199999999999,7.265125695775816
1.0785,1.8387783689363106
1.0695,7.094960282496573
1.2684000000000002,7.604689973726825
0.07637,5.301559077848714
0.8219000000000001,8.933738651432886
0.5403000000000001,7.604689973726825
0.8885000000000001,3.737569535136596
-1.30468,6.336420641892215
0.3075000000000001,13.36381154959538
-0.1569299999999999,4.961994799897705
0.3909999999999999,7.265125695775816
-0.1769,7.389913944766607
1.0326,9.228692313702918
0.4479,5.131393664569472
0.8412999999999999,3.4174035446239523
0.4906199999999999,8.344597875500293
-0.3445,9.888422582166571
-0.8609999999999995,1.8387783689363106
-0.5445000000000004,7.050349666815598
-0.0313999999999998,1.8387783689363106
0.5357,7.389913944766607
0.5255000000000001,3.8023449868634125
0.3698999999999999,3.8023449868634125
-0.4934000000000003,1.8387783689363106
1.8035,7.604689973726825
0.4943999999999999,9.077007842807193
1.5678999999999998,7.219802985760028
-1.1458999999999993,4.176709733835787
0.487,7.265125695775816
0.0345799999999998,1.8387783689363106
0.1228,5.641123355799723
1.5385,4.301497982826578
0.9722000000000002,3.712357206893986
0.6636,5.301559077848714
-0.2355999999999999,7.265125695775816
0.2460000000000001,7.604689973726825
2.3884000000000007,7.604689973726825
2.667300000000001,5.641123355799723
0.76909,6.800773168834016
0.3289999999999998,5.765911604790515
0.7122000000000002,7.265125695775816
1.09344,9.318680093672345
1.9765,7.604689973726825
-0.1673299999999998,4.961994799897705
0.3747900000000001,7.265125695775816
1.776,4.176709733835787
1.0956199999999998,9.318680093672345
0.37729,3.712357206893986
1.7603,1.8387783689363106
1.4954200000000002,2.2131431159086845
1.0785,1.8387783689363106
-0.098,7.265125695775816
0.3785,5.176770828857923
1.72218,3.6775567378726213
1.32639,1.8387783689363106
1.7727,3.337992459921612
-0.3919000000000001,2.3379313648994757
0.0128999999999997,7.140337446785025
2.04544,6.845383784514991
0.1164999999999998,5.176770828857923
1.34214,2.0883548669178933
1.99462,9.318680093672345
0.36722,8.639551537770327
-0.3732000000000002,1.963566617927102
0.1235199999999999,8.639551537770327
0.262,10.478329906706637
0.756,5.765911604790515
1.9764,7.35272167653831
0.6397999999999999,4.88181716658789
0.3453999999999999,4.881817166587889
0.1413199999999999,8.979115815721336
-0.7038,1.8387783689363106
2.0213,7.729478222717616
2.28372,1.963566617927102
0.2890999999999999,7.265125695775816
0.3058,9.443468342663136
0.97222,7.604689973726825
-0.7296000000000002,6.800773168834016
-0.0618,6.925561417824807
1.2993,2.2131431159086845
0.7121999999999999,2.0883548669178933
1.5606,3.8023449868634125
-0.4697299999999997,3.8023449868634125
0.3178999999999998,7.265125695775816
1.06,3.7741628063656085
1.29202,8.979115815721336
0.999,4.42628623181737
0.9734000000000002,1.4992140909853016
1.464,8.979115815721336
0.5450900000000001,6.800773168834016
0.0022999999999998,8.639551537770327
-0.0251999999999998,1.8387783689363106
1.0629,7.604689973726825
-0.5849000000000002,10.353541657715846
1.2493,6.015488102772097
1.0354,6.800773168834016
1.80178,1.8387783689363106
0.86687,5.006605415578681
1.2391,7.140337446785025
0.6634000000000001,8.639551537770327
0.6833199999999999,5.641123355799723
1.7915199999999998,12.14699731663637
1.08839,7.265125695775816
0.6087400000000001,7.140337446785025
-1.2976000000000003,8.175199010828527
1.2684,8.979115815721336
1.03694,7.140337446785025
1.2986999999999995,8.514763288779536
1.32639,1.8387783689363106
1.6749,9.318680093672345
2.12129,1.8387783689363106
-0.0349099999999999,9.673646553206353
-1.493499999999999,4.301497982826578
1.4994,1.963566617927102
1.94,3.4627807089124034
0.2460000000000001,2.0883548669178933
0.5553899999999999,6.800773168834016
1.55299,7.140337446785025
0.7691999999999999,2.0883548669178933
0.6795899999999999,10.15060733866456
0.7386999999999999,7.389913944766607
1.44599,6.845383784514991
-0.7238000000000002,5.00660541557868
0.4851999999999998,7.265125695775816
2.1232,9.443468342663136
-1.4383099999999995,6.800773168834016
0.97222,9.318680093672345
-1.7245,1.8387783689363106
0.9968199999999998,1.963566617927102
0.0689999999999997,6.015488102772097
0.2459999999999998,10.353541657715846
1.5385,4.176709733835787
-0.1643999999999997,1.8387783689363106
1.3922,1.963566617927102
1.6899000000000002,2.2131431159086845
1.2342,3.337992459921612
2.0063,1.963566617927102
-0.4009000000000006,5.301559077848714
1.5772199999999998,2.0883548669178933
0.4906199999999999,8.344597875500293
1.6755,1.963566617927102
-0.4474999999999998,12.114173956591662
0.4066799999999999,7.265125695775816
2.854900000000001,8.933793105705547
1.5564,7.140337446785025
0.4424000000000002,1.8387783689363106
1.2493,2.3379313648994757
1.18199,1.8387783689363106
0.8060999999999998,10.02581908967377
0.6649999999999999,4.176709733835787
1.3802,7.265125695775816
0.756,5.765911604790515
1.17251,3.4627807089124034
1.57627,5.131393664569472
0.6307999999999998,4.176709733835787
0.1256999999999996,8.175199010828527
2.4572000000000003,5.256236367832926
2.693900000000001,5.256236367832926
3.6082000000000014,5.256236367832926
3.237400000000002,5.256236367832926
1.295,5.131448118842135
2.0102,8.594228827754538
1.6285,5.131448118842135
2.5276000000000005,5.3810246168237175
1.7023,5.256236367832926
4.187000000000003,5.131448118842135
4.209300000000003,6.9702264877784454
3.5747000000000027,5.256236367832926
2.524000000000001,5.131448118842135
3.041300000000001,5.256236367832926
2.1339,5.131448118842135
1.0929000000000002,5.131448118842135
3.4556000000000022,5.131448118842135
3.276730000000001,5.3810246168237175
2.0655,5.131448118842135
3.7180000000000017,5.131448118842135
0.4606999999999999,5.256236367832926
1.865,5.131448118842135
0.9545,5.131448118842135
3.131670000000001,5.256236367832926
2.3425,5.256236367832926
3.136800000000002,5.256236367832926
2.9872000000000014,5.131448118842135
3.4589000000000025,5.131448118842135
2.3888000000000007,5.256236367832926
1.8823,5.131448118842135
2.3057,5.131448118842135
1.5606,5.131448118842135
4.100300000000003,5.256236367832926
2.43597,5.256236367832926
2.35147,5.256236367832926
5.187700000000004,5.256236367832926
3.6030700000000015,5.256236367832926
3.1431000000000022,5.3810246168237175
3.1178000000000017,5.3810246168237175
-1.4282999999999992,5.131448118842135
2.3441,5.256236367832926
2.0596,5.131448118842135
2.051,5.131448118842135
1.4490999999999998,5.256236367832926
2.2430200000000005,5.131448118842135
2.375000000000001,5.131448118842135
2.2430200000000005,5.131448118842135
1.9987,5.131448118842135
0.8617999999999999,5.256236367832926
3.5341000000000014,5.3810246168237175
3.7180000000000017,5.131448118842135
2.808200000000001,5.131448118842135
2.4343699999999995,5.3810246168237175
3.260400000000001,5.131448118842135
1.9507,5.131448118842135
3.1033000000000017,5.256236367832926
2.8632000000000017,5.3810246168237175
3.462720000000002,5.131448118842135
2.796100000000001,5.131448118842135
2.572000000000001,5.131448118842135
3.911100000000002,5.131448118842135
3.358670000000002,5.256236367832926
1.4113999999999998,5.131448118842135
3.320100000000002,5.256236367832926
-0.3708999999999995,5.131448118842135
-0.0648999999999999,8.639551537770327
2.5043999999999995,2.0883548669178933
-0.3149000000000006,7.604689973726825
0.6302900000000001,1.8387783689363106
-1.0744000000000002,6.336420641892215
-0.0648999999999999,7.140337446785025
0.7186999999999999,3.337992459921612
1.69287,3.9271332358542037
2.2463000000000006,3.8023449868634125
0.9081199999999998,10.398152273396821
2.13699,1.8387783689363106
1.7369,4.176709733835787
0.7513099999999998,1.8387783689363106
1.5332,10.61495986560636
0.7186999999999999,1.4992140909853016
1.6818,7.604689973726825
3.305000000000001,5.890699853781306
2.4454100000000007,1.8387783689363106
1.45352,8.514763288779536
0.0661999999999999,9.443468342663136
-1.2845000000000002,7.729478222717616
0.94902,7.604689973726825
1.7833,6.800773168834016
1.9019,7.604689973726825
0.0133999999999996,2.0883548669178933
-0.8521999999999998,6.015488102772097
-0.36638,7.140337446785025
0.0560999999999999,7.265125695775816
1.29822,9.318680093672345
0.9174,9.318680093672345
0.95682,4.881817166587889
1.07819,4.238515333307409
2.871600000000001,10.61495986560636
2.39888,1.8387783689363106
3.448500000000003,2.0883548669178933
0.5365000000000004,2.0883548669178933
1.87132,7.604689973726825
2.0065,4.176709733835787
1.42029,6.675984919843224
2.1679000000000004,5.551135575830297
3.3618000000000023,5.256181913560263
1.05058,2.2131431159086845
2.0322,2.0883548669178933
1.82617,5.641123355799723
-0.4512,7.9790547206991995
1.4871,9.443468342663136
-1.0387,3.292615295633161
0.6370899999999999,14.712275269900623
1.56167,9.432946101668712
-0.3450999999999999,1.8387783689363106
0.8206899999999999,7.265125695775816
0.0797,1.963566617927102
0.3228,4.176709733835787
1.0162000000000002,2.3379313648994757
0.7566999999999999,3.9271332358542037
-0.3839099999999999,6.381031257573191
0.3668999999999998,5.461147795860871
0.61507,5.641123355799723
1.18039,8.31182896972825
0.6700799999999999,1.8387783689363106
0.254,5.675923824821088
0.7686000000000002,2.2131431159086845
1.60217,5.765911604790515
-0.4565999999999999,5.1313936645694715
1.1242,1.8387783689363106
1.45152,5.765911604790515
1.0619999999999998,3.6775567378726213
-0.2052,4.42628623181737
1.89869,3.9271332358542037
-0.2691,2.4827127095377124
0.8924799999999999,3.0430387976515787
-0.7096000000000002,4.42628623181737
0.51379,4.113727084316618
0.2808800000000001,1.8387783689363106
0.93167,5.00660541557868
0.90059,9.103904064712127
2.0868,1.8387783689363106
1.21207,5.641123355799723
1.1295,4.051921484844995
0.7298,8.979115815721336
1.99972,7.140337446785025
1.69287,3.9271332358542037
3.8709400000000014,9.318680093672345
2.22338,1.8387783689363106
1.0871,7.604689973726825
-2.502309999999999,10.26355387774642
2.0381,6.140276351762889
0.7245900000000001,6.675984919843224
0.63672,7.140337446785025
1.59262,11.032670213617864
1.76162,8.854327566730545
3.302690000000001,1.8387783689363106
2.0085999999999995,5.516335106808932
-0.21411,6.675984919843224
2.3627,6.7205955355241995
2.919690000000001,5.675923824821088
1.15499,6.675984919843224
1.5894,1.8387783689363106
1.0908,4.051921484844995
1.60109,1.8387783689363106
2.4656100000000007,5.675923824821088
0.5128999999999999,6.505819506563983
0.4152000000000001,8.764339786761118
2.1988000000000003,3.8623577841273873
2.0752,7.219802985760028
0.1204999999999998,4.176709733835787
2.04011,1.8387783689363106
0.3572999999999997,4.176709733835787
2.0164,3.337992459921612
1.86279,5.80071207381188
0.6540000000000001,7.265125695775816
0.5691900000000001,6.800773168834016
1.99972,8.651393247679259
1.6119,4.88181716658789
1.87132,8.979115815721336
2.30209,8.31182896972825
1.8987,3.9271332358542037
2.1004,9.318680093672345
2.18243,1.8387783689363106
0.5226000000000001,1.4992140909853016
1.7773,3.8023449868634125
1.78519,10.02581908967377
-0.3405999999999999,3.8023449868634125
0.8664000000000001,2.0883548669178933
2.6751900000000006,5.641123355799723
0.4832199999999998,7.604689973726825
1.3827,7.265125695775816
1.1523,1.8387783689363106
2.568200000000001,1.8387783689363106
1.15429,8.933738651432886
-0.7189000000000005,7.265125695775816
-0.8354099999999989,6.800773168834016
1.6165,7.265125695775816
-0.36638,7.0155491977942335
2.5090000000000003,7.613004722283327
1.08822,7.604689973726825
0.5327999999999997,2.2131431159086845
1.3241999999999998,6.925561417824807
0.99322,9.193891844681554
1.0107000000000002,8.639551537770327
1.7165,1.8387783689363106
-0.22355,6.800773168834016
2.01839,3.8023449868634125
0.3014999999999999,6.015488102772097
2.3988000000000005,3.9271332358542037
1.8907,4.051921484844995
2.719000000000001,3.6775567378726213
3.2462100000000014,1.8387783689363106
1.3604,1.8387783689363106
2.3484,9.318680093672345
2.2461,4.301497982826578
1.0063,7.140337446785025
2.2666000000000004,10.61495986560636
0.2006000000000004,7.604689973726825
1.1869999999999998,2.462719613890267
0.8510199999999999,7.265125695775816
1.48629,6.675984919843224
2.26093,3.712357206893986
2.0283,5.641123355799723
-0.3564000000000002,5.641123355799723
1.6608699999999998,5.301559077848714
0.6153000000000001,8.175199010828527
1.5204,7.604689973726825
1.6196000000000002,5.641123355799723
2.4742000000000006,3.4627807089124034
3.1106000000000016,4.176709733835787
1.83229,6.675984919843224
2.5759000000000007,7.479901724736034
2.256,1.8387783689363106
2.1940600000000003,2.0883548669178933
-3.5740099999999995,8.5495637578009
2.836870000000001,5.765911604790515
-0.5555000000000001,5.516335106808932
0.8759000000000001,3.5875689579031946
-1.6962099999999989,6.800773168834016
0.8045899999999999,8.514763288779536
1.2948,5.516335106808932
1.31399,6.675984919843224
1.3693000000000002,7.265125695775816
2.0580000000000003,2.2131431159086845
1.45602,7.604689973726825
0.70019,8.979115815721336
2.7551000000000005,5.890699853781306
2.18482,3.390247617726322
1.0206,1.963566617927102
2.2801800000000005,3.6775567378726213
-0.1655100000000006,3.3727929289429768
2.953890000000001,7.488216473292535
0.9578,2.462719613890267
1.621,7.219748531487366
1.8011,4.849048260815846
3.203000000000002,4.301497982826578
1.5489,6.925561417824807
2.1041000000000003,7.219802985760028
1.4714,2.0883548669178933
1.2705,7.604689973726825
2.796800000000001,2.0883548669178933
1.96637,5.641123355799723
2.1940600000000003,2.0883548669178933
2.3791,7.604689973726825
1.54459,6.800773168834016
0.6172,1.8387783689363106
1.6583,6.26506460075368
1.6859000000000002,2.0883548669178933
0.78472,7.604689973726825
1.5728,7.729478222717616
1.0058200000000002,7.389913944766607
0.2632,7.265125695775816
1.49622,2.3379313648994757
2.3922,2.0883548669178933
2.9586900000000007,1.8387783689363106
3.5794000000000024,3.8023449868634125
1.5037,7.729478222717616
1.29822,10.693105935666855
2.00606,1.8387783689363106
0.7513099999999999,1.963566617927102
2.4656100000000007,5.675923824821088
2.17512,1.8387783689363106
2.1959,5.516335106808932
0.8664000000000001,2.0883548669178933
1.7872,7.604689973726825
2.7617900000000004,5.675923824821088
1.0049,7.604689973726825
-0.3308800000000002,7.0155491977942335
-0.7088,3.9271332358542037
1.0069,8.684162153451302
2.567100000000001,5.890699853781306
1.1833,2.3379313648994757
1.6843,7.140337446785025
2.17512,1.8387783689363106
2.0752,7.219802985760028
0.4707000000000001,1.8387783689363106
1.467,3.4627807089124034
0.1114999999999997,1.8387783689363106
3.3412000000000006,1.963566617927102
2.418000000000001,11.157458462608655
2.7617900000000004,5.80071207381188
1.2798,7.604689973726825
2.30209,8.31182896972825
-0.1139,7.604689973726825
0.6993,7.265125695775816
0.3231100000000001,1.963566617927102
1.1874999999999998,2.3379313648994757
1.01698,2.462719613890267
1.2404000000000002,2.3379313648994757
1.9771,7.265125695775816
2.7617900000000004,5.675923824821088
1.6517,5.4263473268395055
2.9922000000000013,5.505758411541847
1.505,4.051921484844995
1.83489,5.675923824821088
3.5859000000000023,3.8023449868634125
2.2042,3.9271332358542037
-0.6647000000000001,1.8387783689363106
2.9005600000000014,2.0883548669178933
1.869,1.963566617927102
0.8662000000000001,1.8387783689363106
-2.3656999999999995,4.881817166587889
-0.8089300000000001,5.086783048888496
2.8580200000000007,4.301497982826578
0.8664000000000001,2.0883548669178933
1.11289,6.800773168834016
-0.6261100000000002,6.800773168834016
1.5652,10.942682433648438
2.04011,1.8387783689363106
1.63509,8.854327566730545
1.45602,9.318680093672345
1.49979,6.675984919843224
-0.1120000000000001,7.265125695775816
2.2801,7.604689973726825
1.76214,2.3379313648994757
0.88697,4.961994799897705
-0.9269100000000006,4.961994799897705
2.43637,5.006605415578681
0.6520999999999999,4.497642272955905
1.3923,8.979115815721336
1.09392,5.4263473268395055
0.3215000000000001,7.265125695775816
1.0901999999999998,7.604689973726825
2.5048000000000004,7.604689973726825
-0.1915999999999998,8.764339786761118
2.4656100000000007,5.675923824821088
0.3620000000000001,2.0883548669178933
2.3253999999999992,7.265125695775816
2.3025,4.702867860249209
1.49622,2.3379313648994757
0.4053999999999998,3.0430387976515787
0.9302,5.505758411541847
2.17512,1.8387783689363106
1.1539,2.462719613890267
0.8664000000000001,8.979115815721336
2.34579,1.8387783689363106
-0.4294800000000003,6.336420641892215
1.94309,3.6775567378726213
-1.2071999999999994,5.516335106808932
3.203100000000002,6.140276351762889
0.9898,8.684162153451302
1.985,5.256181913560263
1.9292,7.265125695775816
2.0106,4.551074480808161
2.11852,9.318680093672345
1.8141,5.1313936645694715
0.9683,6.675984919843224
-0.0649000000000001,8.639551537770327
-0.3341999999999998,2.3379313648994757
1.85419,6.675984919843224
0.7182,3.337992459921612
1.5839,6.675984919843224
0.0500900000000003,6.675984919843224
1.245,6.845383784514992
0.9187,1.8387783689363106
2.0164,3.4627807089124034
0.967,2.0883548669178933
1.3709,8.219809626509502
0.3403999999999999,1.8387783689363106
2.0505,3.8023449868634125
0.9673,9.318680093672345
2.01562,7.140337446785025
0.3426999999999999,8.344597875500293
2.473,7.604689973726825
2.20322,8.854327566730545
3.603100000000003,5.301559077848714
3.141560000000002,3.9271332358542037
4.371200000000004,7.3551134757452425
2.2121000000000004,5.765911604790515
1.4429,8.979115815721336
2.7989200000000007,7.604689973726825
3.902700000000002,5.890699853781306
2.3627900000000004,6.675984919843224
1.8336,5.641123355799723
2.3293,7.604689973726825
4.840700000000004,4.881817166587889
3.9018000000000015,7.604689973726825
1.5983999999999998,7.140337446785025
4.811900000000004,5.641123355799723
3.470550000000002,1.8387783689363106
0.6650499999999999,10.26355387774642
2.9598000000000013,7.604689973726825
2.11339,6.675984919843224
2.665090000000001,6.675984919843224
4.034480000000003,1.8387783689363106
0.7592899999999999,8.514763288779536
2.847590000000001,6.845383784514992
1.3699199999999998,6.800773168834016
3.5141000000000018,8.639551537770327
3.449040000000002,7.604689973726825
3.807890000000003,6.675984919843224
3.987990000000004,6.505819506563983
0.39913,10.38834212673721
1.044,8.979115815721336
3.609750000000002,6.675984919843224
3.239700000000002,5.4263473268395055
2.6176000000000004,8.639551537770327
2.36618,3.6775567378726213
3.176780000000001,7.604689973726825
2.3009000000000004,2.0883548669178933
2.554290000000001,6.675984919843224
2.750840000000001,7.0155491977942335
3.412580000000002,4.032523197406629
2.1397700000000004,6.675984919843224
3.375100000000001,7.3551134757452425
2.32482,7.729478222717616
2.5207000000000006,2.0883548669178933
2.666800000000001,8.514763288779536
1.9701,7.265125695775816
2.21284,10.603118155697429
3.4352500000000026,8.639551537770327
2.3341000000000003,5.641123355799723
1.55123,6.675984919843224
2.7210100000000006,6.675984919843224
2.2002,4.247299226366847
1.77072,9.103904064712127
1.60929,6.800773168834016
3.5177900000000024,6.675984919843224
2.1939,7.140337446785025
2.974210000000001,6.675984919843224
3.5107900000000027,7.140337446785025
2.898200000000001,7.604689973726825
1.9569,7.604689973726825
-0.1664999999999987,6.925561417824807
1.86569,6.675984919843224
1.2431999999999996,6.800773168834016
3.515100000000002,5.176770828857923
4.206030000000004,1.8387783689363106
4.558320000000004,6.015488102772097
3.0427000000000017,6.3810312575731905
0.7545000000000001,5.516335106808932
2.0603,8.594174373481877
4.003600000000003,7.389913944766607
2.5974000000000004,4.881817166587889
3.710010000000002,6.675984919843224
3.2887000000000013,7.0155491977942335
1.41942,10.183376244436603
-0.4874999999999989,10.603118155697429
3.2718000000000016,4.667041137627671
3.028690000000002,5.675923824821088
0.8927,7.764278691738982
1.3490000000000002,9.103904064712127
3.0373400000000013,7.140337446785025
2.5291999999999994,2.0883548669178933
3.261700000000002,9.568256591653928
3.659900000000002,8.979115815721336
2.8112200000000014,3.8023449868634125
3.420420000000002,3.6775567378726213
2.4112000000000005,5.641123355799723
2.9320900000000014,6.845383784514992
2.471800000000001,4.202688610685871
2.494190000000001,6.675984919843224
3.2653000000000025,2.2131431159086845
1.8154,7.604689973726825
3.303700000000001,7.140337446785025
3.5393000000000017,7.604689973726825
0.9487,7.389913944766607
3.006800000000001,1.963566617927102
0.9043000000000004,2.0883548669178933
2.22683,6.675984919843224
3.100690000000002,6.675984919843224
3.1917000000000018,9.318680093672345
3.5393000000000017,7.265125695775816
2.7986000000000004,7.604689973726825
1.98321,8.424775508810109
1.82291,6.800773168834016
2.750490000000001,6.675984919843224
2.7880200000000013,7.140337446785025
3.4950000000000028,5.765911604790515
2.4986000000000006,6.015488102772097
0.8953999999999998,10.478329906706637
2.716500000000001,5.516335106808932
2.7289200000000005,7.140337446785025
-1.1399299999999994,6.675984919843224
1.3400000000000003,1.8387783689363106
3.072490000000001,6.675984919843224
1.6222,2.0883548669178933
0.6942999999999999,1.8387783689363106
3.689200000000002,7.140337446785025
4.461200000000004,9.193891844681554
4.238600000000003,5.516335106808932
0.9896899999999998,6.675984919843224
2.7083000000000013,5.516335106808932
4.076990000000003,1.8387783689363106
2.7939000000000007,8.854327566730545
2.5708200000000003,7.140337446785025
4.238820000000003,3.9271332358542037
1.54059,10.38834212673721
4.313100000000003,4.301497982826578
3.526130000000003,6.675984919843224
2.4236000000000004,8.764339786761118
3.6560900000000025,7.0155491977942335
3.149220000000001,7.604689973726825
3.235410000000001,3.837145455884777
1.7404,7.604689973726825
1.8997,6.800773168834016
2.6121000000000008,7.604689973726825
1.4529999999999998,7.265125695775816
3.267100000000002,7.604689973726825
3.222190000000001,1.8387783689363106
3.693800000000002,5.641123355799723
3.113030000000001,6.800773168834016
2.898200000000001,9.318680093672345
3.521810000000002,6.3810312575731905
2.8511900000000017,6.675984919843224
3.8927000000000014,8.684162153451302
1.02889,7.050349666815598
2.3798200000000005,9.318680093672345
3.4840000000000018,7.604689973726825
0.8332899999999994,6.4612088908830065
2.6739000000000006,7.604689973726825
2.3200200000000004,7.604689973726825
3.238500000000001,7.0155491977942335
2.35759,6.675984919843224
3.8256000000000014,9.318680093672345
2.823800000000001,10.739748114597152
2.5342900000000004,6.675984919843224
2.4395000000000007,5.3810246168237175
3.8256000000000014,11.032670213617864
3.839140000000002,9.318680093672345
4.593090000000003,1.8387783689363106
3.4098900000000016,6.675984919843224
2.8408000000000007,7.604689973726825
3.089290000000002,7.0155491977942335
3.645030000000003,1.8387783689363106
-0.7162000000000004,7.604689973726825
2.9152700000000014,3.9271332358542037
3.4292000000000025,2.3379313648994757
2.02472,10.49017161661557
3.0770000000000017,2.0883548669178933
4.145400000000003,5.765911604790515
2.740400000000001,7.604689973726825
2.6786000000000003,2.0883548669178933
2.44409,7.514702193757399
1.8574,7.604689973726825
3.9018000000000015,7.604689973726825
3.115490000000002,6.675984919843224
3.1065000000000014,7.604689973726825
4.688500000000002,6.7205955355241995
1.7688,7.265125695775816
4.548400000000004,5.765911604790515
2.18392,7.265125695775816
1.6001999999999998,1.8387783689363106
0.2353999999999998,8.979115815721336
3.6957900000000015,6.800773168834016
2.641090000000001,1.8387783689363106
3.4655000000000014,7.0155491977942335
2.718490000000001,6.710785388864589
1.7242999999999993,9.318680093672345
3.4042900000000023,10.353541657715846
3.807590000000003,6.675984919843224
4.083300000000003,4.051921484844995
1.6887,7.265125695775816
2.8732200000000017,8.514763288779536
4.592200000000004,8.24752266250437
2.16327,6.675984919843224
3.3047900000000023,6.336420641892215
0.066790000000001,10.38834212673721
2.12392,8.514763288779536
2.681800000000001,9.318680093672345
3.399840000000002,11.032670213617864
1.44202,7.265125695775816
2.4651900000000007,6.675984919843224
3.3614000000000024,7.604689973726825
2.6583900000000007,6.675984919843224
-0.0280800000000002,8.979115815721336
4.110500000000003,6.140276351762889
1.4860999999999993,7.265125695775816
3.449040000000002,9.318680093672345
3.571220000000002,5.641123355799723
3.098590000000001,6.675984919843224
3.645030000000003,1.8387783689363106
4.465900000000003,11.032670213617864
3.4651000000000023,8.979115815721336
2.764850000000001,8.424775508810109
5.621460000000004,3.9271332358542037
0.0869000000000013,5.516335106808932
2.381900000000001,3.8023449868634125
2.4975900000000006,6.845383784514992
4.232200000000003,6.845383784514992
4.153600000000004,9.318680093672345
2.65679,6.675984919843224
3.4456400000000027,9.103904064712127
3.259680000000001,11.032670213617864
1.22139,6.800773168834016
3.1198900000000016,6.675984919843224
2.3813000000000004,7.265125695775816
2.754100000000001,1.8387783689363106
2.02589,6.800773168834016
2.702300000000001,8.684162153451302
3.6695100000000025,3.837145455884777
2.7720900000000004,6.800773168834016
0.8190999999999997,10.693105935666855
0.0141999999999998,4.542252888636881
3.9018000000000015,9.318680093672345
0.2396199999999997,10.693105935666855
3.5738900000000022,6.675984919843224
1.8358,4.032523197406629
3.619780000000002,1.8387783689363106
3.2410900000000025,6.675984919843224
3.251100000000001,1.8387783689363106
0.8185900000000002,6.800773168834016
1.86569,6.675984919843224
3.4019000000000013,5.516335106808932
1.98869,1.8387783689363106
2.5312,8.979115815721336
2.5422900000000004,6.336420641892215
2.6583900000000007,6.675984919843224
2.6518000000000006,5.00660541557868
2.7289200000000005,8.979115815721336
3.2407200000000005,7.140337446785025
2.938500000000001,7.604689973726825
4.000500000000002,7.604689973726825
3.5514100000000024,1.8387783689363106
3.494400000000001,7.604689973726825
2.6777000000000006,7.604689973726825
2.8732200000000017,8.514763288779536
3.1751000000000014,7.389913944766607
3.449040000000002,7.604689973726825
2.853600000000001,1.8387783689363106
2.9659000000000013,10.693105935666855
0.7185,2.462719613890267
2.9502000000000006,7.265125695775816
2.8406899999999995,3.6775567378726213
4.3229200000000025,9.318680093672345
2.775400000000001,5.516335106808932
3.3568200000000026,7.389913944766607
3.2411600000000016,3.8023449868634125
2.7136000000000013,7.604689973726825
4.249900000000004,5.765911604790515
1.1251,7.140337446785025
2.9056900000000017,6.675984919843224
0.8592899999999998,6.675984919843224
1.0100000000000002,2.3379313648994757
2.591820000000001,9.318680093672345
1.45339,8.979115815721336
3.616600000000002,7.140337446785025
3.538320000000001,7.265125695775816
2.845860000000001,7.389913944766607
2.569790000000001,6.675984919843224
3.144780000000001,8.122734413513578
3.221250000000002,6.675984919843224
2.2158999999999995,2.462719613890267
3.071790000000002,6.675984919843224
1.3629,4.301497982826578
3.982280000000003,7.604689973726825
2.917700000000001,7.604689973726825
1.4990900000000005,6.675984919843224
2.9217000000000013,4.176709733835787
2.851000000000001,7.604689973726825
2.6423200000000007,7.604689973726825
1.67909,6.675984919843224
4.030530000000002,7.140337446785025
3.449040000000002,7.604689973726825
2.0116,7.604689973726825
3.983520000000002,3.6775567378726213
4.855200000000002,5.516335106808932
2.2623999999999995,7.265125695775816
3.4441900000000025,6.675984919843224
2.3823,7.265125695775816
2.4240000000000004,2.2131431159086845
3.3524900000000013,8.31182896972825
2.5346,6.800773168834016
5.086900000000004,3.8023449868634125
3.1199900000000023,10.603118155697429
3.296800000000001,9.318680093672345
3.3339200000000018,8.979115815721336
1.2827400000000004,1.8387783689363106
4.161900000000003,4.051921484844995
-0.5144099999999998,8.005033597549284
3.738000000000001,8.979115815721336
-1.481699999999999,8.979115815721336
4.209290000000004,1.8387783689363106
0.78389,6.336420641892215
2.852390000000001,6.675984919843224
3.227990000000002,8.808950402442093
3.404300000000002,9.103904064712127
4.089000000000002,2.2131431159086845
3.5032000000000023,9.318680093672345
3.6838900000000026,8.514763288779536
3.149220000000001,7.604689973726825
3.236110000000002,6.675984919843224
4.373020000000003,7.140337446785025
1.10928,1.8387783689363106
3.230900000000002,7.604689973726825
3.0373400000000013,7.265125695775816
2.9598000000000013,7.604689973726825
0.1976899999999999,6.675984919843224
3.8180000000000014,1.8387783689363106
3.190300000000001,5.765911604790515
4.008600000000003,6.845383784514991
3.324200000000002,7.604689973726825
4.067300000000003,7.479901724736034
3.662700000000002,9.318680093672345
3.0144800000000007,1.8387783689363106
1.9524,7.389913944766607
4.009530000000003,11.067470682639229
3.806790000000003,3.712357206893986
3.230900000000001,7.604689973726825
1.6382,5.516335106808932
2.872630000000002,12.691473022615321
4.119100000000003,7.265125695775816
1.28627,4.961994799897705
4.564000000000004,5.641123355799723
2.752320000000001,7.140337446785025
3.448290000000002,6.675984919843224
2.7510900000000014,8.514763288779536
3.223700000000002,7.140337446785025
3.6456000000000017,7.265125695775816
2.3425,7.604689973726825
3.0373400000000013,8.514763288779536
2.6384000000000007,5.765911604790515
2.689300000000001,4.881817166587889
3.138550000000002,6.925561417824807
2.898200000000001,9.318680093672345
1.64899,6.675984919843224
1.32039,6.800773168834016
3.083190000000002,6.675984919843224
3.6564900000000025,1.8387783689363106
3.227040000000001,10.61495986560636
2.5557,7.604689973726825
1.7471,7.265125695775816
0.3991299999999998,7.299926164797181
-2.2154000000000007,8.344597875500293
2.4496900000000004,6.675984919843224
3.193010000000002,5.211571297879288
1.68809,6.675984919843224
2.43289,6.925561417824807
1.7608700000000002,6.675984919843224
1.88942,6.800773168834016
3.230900000000002,7.604689973726825
4.396000000000004,5.516335106808932
2.19365,6.675984919843224
2.530100000000001,7.140337446785025
5.202380000000002,1.8387783689363106
4.480590000000003,1.8387783689363106
3.223700000000002,7.140337446785025
4.406390000000004,1.8387783689363106
2.854000000000001,2.0883548669178933
3.5100900000000026,10.478329906706637
3.298700000000002,5.890699853781306
4.250320000000002,7.479901724736034
4.324660000000004,5.00660541557868
2.8857000000000017,5.516335106808932
1.20219,6.675984919843224
1.0307,8.854327566730545
3.187290000000001,6.800773168834016
-0.8344999999999996,7.604689973726825
3.4156900000000023,8.764339786761118
3.699600000000003,7.604689973726825
4.525500000000004,3.8023449868634125
4.025240000000003,8.016875307458216
1.8968,7.265125695775816
2.6633000000000004,7.265125695775816
2.934300000000001,6.675984919843224
1.3477900000000005,6.800773168834016
2.8971800000000014,7.140337446785025
2.3515200000000007,3.16782704664237
4.138700000000003,6.140276351762889
3.390890000000001,1.8387783689363106
5.187300000000004,4.051921484844995
1.5092899999999998,7.050349666815598
2.4008000000000003,7.604689973726825
2.90064,1.963566617927102
4.764200000000004,8.122734413513578
4.0287200000000025,3.6775567378726213
1.39389,6.800773168834016
1.7645999999999995,6.800773168834016
1.4234999999999995,8.979115815721336
3.8136000000000014,5.641123355799723
0.9466900000000004,6.675984919843224
4.588400000000004,6.845383784514992
4.119100000000003,7.265125695775816
2.687790000000001,8.764339786761118
2.5185000000000004,7.604689973726825
3.105190000000001,1.8387783689363106
1.2832899999999998,6.800773168834016
3.9965100000000016,1.8387783689363106
2.873800000000001,9.443468342663136
2.9343000000000004,6.800773168834016
4.003700000000002,3.0430387976515787
2.4087000000000005,7.389913944766607
1.9814,6.800773168834016
2.2782,2.3379313648994757
2.8680200000000005,8.854327566730545
1.7733,3.5875689579031946
3.0313800000000013,5.641123355799723
4.620400000000004,7.604689973726825
3.2363200000000023,7.604689973726825
1.3679,7.729478222717616
3.604700000000002,7.265125695775816
3.276200000000002,9.103904064712127
2.5181900000000006,3.9619337048755683
7.145600000000006,12.10167460662058
2.9343000000000004,7.604689973726825
2.4237,7.389913944766607
2.32119,8.299987259819318
3.408520000000002,5.516335106808932
3.965900000000003,3.4627807089124034
3.7662900000000032,6.630607755554774
1.9632,1.963566617927102
0.5927999999999995,1.8387783689363106
4.753140000000004,3.8023449868634125
2.20242,7.604689973726825
2.9475000000000007,5.301559077848714
3.462100000000002,7.729478222717616
2.9343000000000004,9.318680093672345
2.817000000000001,1.8387783689363106
2.8214900000000016,6.675984919843224
4.022600000000002,5.516335106808932
3.4448900000000027,6.675984919843224
2.2055799999999994,7.604689973726825
1.1738000000000002,7.265125695775816
0.7239000000000007,4.301497982826578
0.8616000000000001,3.9271332358542037
1.2753199999999998,4.961994799897705
2.3599999999999994,5.516335106808932
2.0892,5.551135575830297
1.1082,9.103904064712127
2.9820400000000014,9.318680093672345
3.559520000000002,1.8387783689363106
3.198300000000001,7.265125695775816
2.818900000000001,8.122734413513578
3.860990000000003,6.675984919843224
1.80413,10.353541657715846
4.059300000000002,9.318680093672345
2.8214900000000007,6.675984919843224
1.5779999999999998,7.0155491977942335
4.235100000000003,4.247299226366847
1.8433,9.318680093672345
2.617000000000001,9.318680093672345
3.6842200000000025,7.729478222717616
3.691200000000002,7.604689973726825
2.740400000000001,9.318680093672345
4.733500000000004,1.963566617927102
3.6472000000000016,7.604689973726825
3.157500000000001,5.301559077848714
2.0684,7.140337446785025
3.5180900000000017,6.3810312575731905
2.33195,6.800773168834016
3.5708400000000022,7.604689973726825
3.833100000000002,3.8023449868634125
2.2886,10.693105935666855
2.7902000000000013,10.522940522387612
3.525820000000002,8.979115815721336
2.2793,1.963566617927102
3.0373400000000013,8.514763288779536
4.033860000000002,3.8023449868634125
2.5933,6.800773168834016
3.514190000000003,5.1313936645694715
3.6529000000000016,1.963566617927102
3.1133200000000008,2.0883548669178933
2.8993,10.61495986560636
2.0365,2.0883548669178933
2.5470000000000006,7.604689973726825
3.1953000000000014,5.00660541557868
0.4770000000000014,5.516335106808932
2.6187000000000005,8.979115815721336
3.7706000000000026,3.8023449868634125
2.22982,9.318680093672345
4.110850000000003,8.979115815721336
1.7926000000000002,2.3379313648994757
3.2674900000000004,9.0139162847427
1.8562,4.202688610685871
3.181490000000001,11.032670213617864
1.48729,6.800773168834016
1.4810899999999998,6.336420641892215
3.141560000000002,3.9271332358542037
3.5854900000000027,6.675984919843224
1.9781,2.3379313648994757
2.7647000000000004,7.265125695775816
2.662100000000001,7.604689973726825
3.892300000000003,1.963566617927102
0.37249,6.800773168834016
2.4904900000000003,1.8387783689363106
3.605220000000002,8.979115815721336
5.347200000000004,3.712357206893986
3.482800000000001,1.963566617927102
2.594290000000001,6.800773168834016
3.131200000000001,7.265125695775816
1.2736199999999995,6.336420641892215
3.3637000000000024,7.389913944766607
2.32937,6.800773168834016
1.2417,3.737569535136596
1.48963,10.478329906706637
3.5792100000000024,6.675984919843224
4.322300000000003,4.453291362267627
1.6414399999999998,8.854327566730545
3.6113500000000025,6.675984919843224
1.8822,7.604689973726825
3.3873500000000023,6.800773168834016
3.4359600000000023,1.8387783689363106
0.8686600000000007,6.925561417824807
3.641400000000001,2.0883548669178933
2.4993000000000007,10.603118155697429
1.5732,7.389913944766607
2.3726900000000004,7.140337446785025
2.193599999999999,9.318680093672345
3.955600000000003,7.604689973726825
3.660890000000002,6.675984919843224
4.210220000000002,11.032670213617864
1.46923,10.852694653679011
3.209270000000002,5.00660541557868
