Encoded SMILES,log P,Ligand coordination bulkiness (Å$^3$)
[Li]<-n1ccc(C2CCc3ccccc3N2)cc1,3.181000000000001,7.604689973726825
[Li]<-n1cccc(-c2nc3ccccc3n2C)c1,2.635300000000001,7.604689973726825
[Li]<-n1ccc(NN=Cc2ccnc(C)c2)cc1,2.23102,7.604689973726825
[Li]<-n1ccn(C(C)=Nc2ccc(Cl)cc2)c1,3.1347000000000014,7.265125695775816
[Li]<-N1=COC(Nc2ccc(C)c(C)c2)C1C,2.4884400000000007,8.808950402442093
[Li]<-P12CC[Si](c3cccc(C)c3)(CC1)CC2,3.1599200000000014,6.26506460075368
[Be]=C1NC(N)=CN1c1c(C)ccc(C)c1C,1.7753499999999998,6.800773168834016
[Li]<-n1cccc(B2Oc3cccc(C)c3O2)c1,1.5566199999999997,7.604689973726825
[Li]<-n1ccc(-c2[nH]cnc2N)c(C(O)O)c1,0.0371,7.604689973726825
[Li]<-n1nnn(-c2ccc(C(=O)O)cc2)c1C,0.66892,6.336420641892215
[Li]<-n1ccc(C(=O)OCC)c(COCC)c1,1.7948,7.604689973726825
[Li]<-n1cn(-c2cccc3ccccc23)cc1C,3.3339200000000018,7.140337446785025
[Li]<-O=Cc1ccc2ccccc2c1N(C)C,2.718300000000001,3.9271332358542037
[Be]=C1N(CC)C=CN1Cc1ccccc1F,2.43069,6.675984919843224
[Be]=C1N(C)C(C)=C(N)N1Cc1ccccc1,1.5779900000000002,6.675984919843224
[Be]=C1NC=CN1CS(=O)(=O)c1ccccc1,0.7904900000000001,6.800773168834016
[Li]<-N=c1[nH]c(N)cn1Cc1ccc(Cl)cc1,1.57957,4.961994799897705
[Li]<-N1=CN(C(C)C)C2c3ccccc3CC2C1,2.652300000000001,7.389913944766607
[Li]<-n1ccc(C=Nc2cccc(F)c2)cc1,2.971300000000001,7.604689973726825
[Li]<-n1ccc(CO)c(-c2cccc(C)c2)c1,2.5493200000000007,7.604689973726825
[Li]<-n1ccc(-c2scc3ccccc23)cc1,3.963300000000001,7.604689973726825
[Li]<-n1ccc(C(C)=NNC(=S)N(C)C)cc1,1.2417,7.604689973726825
[Li]<-n1ccc(-c2nc3cc(Cl)ccc3o2)cc1,3.543200000000001,7.604689973726825
[Li]<-n1c(-c2ccccc2)c(C)c2n1CCC2,2.8047200000000005,7.0155491977942335
[Li]<-n1ccc(N=Cc2cccc(Cl)c2)cc1,3.4856000000000025,7.604689973726825
[Li]<-n1cccc(-c2cccc(C(C)=O)c2)c1,2.951200000000001,7.604689973726825
[Li]<-n1cc(C)c(OC)c(-c2ncccc2C)c1,2.7690400000000013,7.604689973726825
[Li]<-N#CC=C(c1ccccc1)N(CC)CC,2.8928800000000017,1.8387783689363106
[Be]=C1N(C)C=CN1Cc1c(F)cccc1Cl,2.693990000000001,6.675984919843224
[Be]=C1N(C)C(C#N)=C(C#N)N1CC(C)(C)C,1.5349499999999998,6.675984919843224
[Be]=C1N(CCO)C=CN1C(C)c1ccccc1,1.82499,6.675984919843224
[Li]<-P(Cl)(c1ccccc1)C(F)(F)C(F)(F)F,4.102700000000001,8.122734413513578
[Li]<-S=c1[nH]c(N)cn1Cc1cccc(C)c1,2.48461,1.8387783689363106
[Li]<-N=c1n(C)ccn1C(C)c1ccccc1,1.91537,4.961994799897705
[Be]=C1N(Cc2ccccc2)C=CN1C(C)(F)F,2.8843900000000016,6.675984919843224
[Be]=C1N(Cc2ccncc2)C=CN1C(C)C,2.07509,6.675984919843224
[Li]<-P(CN)(c1ccccc1)c1ccccn1,1.4305,5.765911604790515
[Li]<-N1=CC(Nc2c(C)cc(C)cc2C)CC1,2.866860000000001,7.729478222717616
[Be]=C1N(C)C=CN1Cc1ccc(C(C)=O)cc1,2.10409,6.675984919843224
[Be]=C1NC2=C(C=CNC2)N1c1cccnc1,0.81599,6.800773168834016
[Li]<-S=C1Cc2cc(C(F)(F)F)ccc2N1C,3.025100000000002,1.8387783689363106
[Li]<-n1cc(-c2ccccc2)n(CC(C)(C)C)c1,3.5962000000000023,7.265125695775816
[Be]=C1N(Cc2ccccc2)C=CN1C(C)C,2.6800900000000007,6.675984919843224
[Li]<-n1cccc(C(=O)N(N)c2ccccc2)c1,1.6021,7.604689973726825
[Be]=C1N(CC=C)C=CN1c1cc(C)cc(C)n1,2.47393,6.675984919843224
[Li]<-n1cccc(C(C)=NNC(=O)NCC)c1,1.1247000000000005,7.604689973726825
[Li]<-n1ccc(Nc2cc(C(C)(C)C)[nH]n2)[nH]1,2.1739,7.265125695775816
[Li]<-n1ccn(C)c1COc1ccc(Cl)cc1,2.6525000000000007,8.979115815721336
[Li]<-n1cc2ccc(C)cc2c2cnccc21,3.091420000000001,9.318680093672345
[Li]<-Nc1cccc(C(=O)Nc2ccccc2)c1,2.521100000000001,2.0883548669178933
[Li]<-N(=CC(C)C)c1ccc(NC(C)C)cc1,3.8652000000000015,9.318680093672345
[Be]=C1CC(COC)C(c2ccc(OC)cc2)O1,2.457990000000001,6.970172033505783
[Li]<-S=C(NN=C(C)c1ccccc1)N(C)C,1.8467,1.963566617927102
[Li]<-n1ccn(CC(=O)c2ccccc2F)c1,1.9051,7.265125695775816
[Li]<-Pc1cc(C(=O)OC)cc(C(=O)OC)c1,0.7602,2.0883548669178933
[Li]<-n1ccc(N=Cc2[nH]c(C)cc2C)cc1,2.77714,7.604689973726825
[Li]<-n1ccc(-c2c(C)cncc2C)c(C)c1,3.068860000000001,7.604689973726825
[Li]<-n1ccc(C(C)(C)N)c(-c2c[nH]c(C)c2)c1,2.57892,7.604689973726825
[Li]<-N#Cc1ccc2sc3ccccc3c2c1,3.926180000000001,3.6775567378726213
[Li]<-N#CC(F)(F)c1cccc(C)c1C(F)(F)F,3.629200000000001,1.963566617927102
[Li]<-P1(N2CCCCC2)C(C(C)=O)C1C(C)=O,1.798,5.176770828857923
[Li]<-N(=Cc1ccncc1)c1ccc(C)cc1,3.140620000000001,9.318680093672345
[Li]<-n1ccc(C=NNc2ccccc2)cc1,2.5276000000000005,7.604689973726825
[Li]<-n1cccc(NN=C(C)c2ccsc2)c1,2.9792000000000014,7.604689973726825
[Li]<-P1(C)C(c2ccccc2)=C1c1ccccc1,4.637700000000003,5.765911604790515
[Be]=C1N(C)C=CN1Cn1nc(C)c(Br)c1C,1.93483,6.675984919843224
[Li]<-P(c1ccccc1)=c1c(Cl)c1C(F)(F)F,4.038090000000002,3.6775567378726213
[Be]=C(NCc1ccco1)c1ccc(C)cc1,2.764710000000001,8.979115815721336
[Li]<-S(CC)C1=C(C(F)(F)F)c2ccccc2C1,4.269200000000002,3.9271332358542037
[Li]<-n1ccc(C(C)=O)c(-c2ccccc2)c1,2.951200000000001,7.604689973726825
[Li]<-N=C(CC)n1nccc1-c1ccccc1,2.785470000000001,5.4263473268395055
[Li]<-N#CC(c1ccc(C)cc1)c1ccsc1,3.7120000000000015,1.8387783689363106
[Li]<-P1(c2ccccc2)C(C)=C1c1ccccc1,4.196100000000003,5.516335106808932
[Li]<-n1cn(C(C)O)c2c1c(=O)n(C)c(=O)n2C,-1.0554999999999994,7.140337446785025
[Li]<-n1ccc(N=Nc2ccc(C)cc2)c(C)c1,4.113840000000002,7.604689973726825
[Li]<-n1cn(CC(C)=O)c2c(C)cc(C)cc21,2.24214,8.979115815721336
[Li]<-n1cnc(NC(=O)c2ccco2)cc1O,1.0275,8.344597875500293
[Li]<-n1ccc(N)c(C(=O)c2ccncc2C)c1,1.59822,7.604689973726825
[Li]<-n1cc(C)cc(Cc2cccc(C)c2)c1,3.289240000000002,7.604689973726825
[Li]<-N1=CN(C(Cl)C(C)=O)C(c2cccnc2)C1,1.6205,7.389913944766607
[Be]=C1N(CC)C=C(c2ccccc2)N1CC,2.6386900000000013,6.675984919843224
[Li]<-P1(OC)OC=CC(C)(c2ccccc2)O1,3.335600000000001,3.612781286145805
[Li]<-n1ccc(C2=CN(C)C(C(C)(C)C)N2)cc1,2.2872000000000003,7.604689973726825
[Be]=C1N(CC)C=C(c2ccccc2)N1CCO,1.61109,6.675984919843224
[Be]=C1NC=C(c2cccnc2)N1CC(C)C,1.93749,6.800773168834016
[Li]<-P(O)(c1ccccc1)c1cccc(F)c1,2.1657,5.00660541557868
[Li]<-P1=CCC=C(c2ccc(C)c(C)c2C)C1,4.147360000000004,4.051921484844995
[Li]<-N1=CC=CC2N=CNC21c1ccccc1,1.4801,10.817894184657646
[Li]<-n1ccc(CN(C)C)c(C(=O)OCC)c1,1.3199,7.604689973726825
[Li]<-S=C(Nc1c(C)cccc1C)NC(C)C,2.998240000000001,1.8387783689363106
[Be]=C1N(CCC(C)C)C=CN1CCC(C)C,3.1636900000000017,6.675984919843224
[Li]<-S1c2ccccc2Nc2cc(C)ccc21,4.203220000000002,3.6775567378726213
[Li]<-P1(c2ccccc2)OC1c1ccccc1,3.437800000000001,4.881817166587889
[Li]<-n1cccc(C=C(C)N2CCCC2=O)c1,2.0648,7.604689973726825
[Li]<-n1ccc(-c2nc3c(C)cccc3o2)cc1,3.198220000000002,7.604689973726825
[Li]<-Nc1ccc(C)c(-c2ccc(C)cc2)c1,3.552640000000001,2.0883548669178933
[Li]<-n1c(-c2ccc(O)cc2)[nH]c2ccccc21,2.9355,7.0155491977942335
[Li]<-n1csc(-c2nc3ccccc3[nH]2)c1C,2.9948200000000007,12.32894998555188
[Li]<-n1csc(-c2cccc(C(=O)OC)c2)c1,2.5967,10.61495986560636
[Be]=C1N(CC)C=C(c2ccccn2)N1CC,2.03369,6.675984919843224
[Li]<-n1cccc(C2Cc3ccccc3S2)c1,3.4711000000000025,7.604689973726825
[Li]<-S=C(N)P(c1ccccc1)c1ccccc1,2.3629000000000007,1.8387783689363106
[Li]<-n1oc(-c2ccc(Br)cc2)c2ccccc21,4.2573000000000025,8.55937390446051
[Be]=C1Nc2ccc(C(=O)OC)cc2N1OC,1.2627899999999996,8.005033597549284
[Li]<-P(C)=C(c1ccccc1)c1ccccc1,3.831400000000002,4.051921484844995
[Li]<-n1cc(COC)cc(-c2cc(C)[nH]c2C)c1,2.839940000000001,7.604689973726825
[Li]<-p1c(-c2ccccc2)c(C)n2c1CCC2,3.9898200000000026,3.6775567378726213
[Li]<-n1cc(-c2ccsc2)cc2cc(C)ccc21,4.271720000000002,9.318680093672345
[Li]<-S(Cc1ccccc1)C1CC2C=CC1C2,3.884400000000003,4.051921484844995
[Be]=C1NC2(C=C3C=CN=CC3CN2)NC1N,-1.0995099999999995,8.5495637578009
[Li]<-n1c(C)c(C)cn1C(=O)c1ccccc1,2.18844,8.854327566730545
[Be]=C1N(C)C=CN1c1ccc([N+](=O)[O-])cc1,1.81409,6.675984919843224
[Li]<-n1c(-c2ccsc2)[nH]c2ccc(C)cc21,3.599820000000002,7.0155491977942335
[Li]<-n1c(-n2cc(C)nn2)sc2ccccc21,2.18542,12.204161736561089
[Li]<-n1ncn(Cc2ccc(OC)cc2)c1C,1.64342,6.675984919843224
[Li]<-N(C(=O)c1ccccc1F)=C(C)OCC,2.4208000000000007,7.924855964239468
[Be]=C1N(C(=C)C)C=CN1c1ccc(F)cc1,2.9487900000000016,6.675984919843224
[Be]=C1N(CC#N)C=CN1C(C)c1ccccc1,2.3562700000000003,6.675984919843224
[Li]<-n1nc(-c2ccccc2)n2ccccc21,2.3963,8.514763288779536
[Li]<-n1ccc(N=Cc2ccc(Cl)cc2)cc1,3.4856000000000016,7.604689973726825
[Li]<-O=c1c(-c2ccccc2)c1-c1ccsc1,3.3179000000000016,1.8387783689363106
[Li]<-[N-]=[N+]=C(c1ccccc1)c1ccccc1,2.753800000000001,1.4992140909853016
[Li]<-n1cn(C(C)C)c(-c2ccccc2C)n1,2.8344200000000006,6.800773168834016
[Be]=C1NC(N)=C(NC(=O)c2ccccc2)N1,-0.3092100000000004,6.925561417824807
[Li]<-n1cn(CC)c2c1c(=O)n(C)c(=O)n2C,-0.5464000000000002,7.140337446785025
[Li]<-n1ccc(C=Nc2cccc(C)c2)cc1,3.140620000000001,7.604689973726825
[Be]=C1NC(C(C)(C)C)=C(N)N1C(C)C(=O)O,0.5348899999999998,6.800773168834016
[Li]<-N1=NNC2(c3ccccn3)C=CC=CC12,1.7418999999999998,8.639551537770327
[Li]<-n1cnc(C(=O)OCC)c(C(=O)OCC)c1,0.83,7.265125695775816
[Li]<-P1(c2ccccc2C(F)(F)F)OCCO1,2.689400000000001,6.086077595303157
[Be]=C1N(CC(=O)OC)C=CN1C(C)C(=O)OC,-0.19401,6.675984919843224
[Li]<-n1cc(C)cc(Cc2ccccc2C)c1,3.289240000000002,7.604689973726825
[Li]<-Nc1cc(C(=O)OC)ccc1C(=O)OC,0.8420000000000001,2.0883548669178933
[Li]<-n1cccc(Cc2cc(C)cc(C)c2)c1,3.2892400000000013,7.604689973726825
[Li]<-n1ccccc1C(=O)Nc1ccccc1F,2.473,9.318680093672345
[Li]<-n1cccc(C(=C)c2cccc(C#N)c2)c1,3.014780000000001,7.604689973726825
[Li]<-n1ccc(-c2ccc(C)c(C)c2C)cc1,3.673860000000002,7.604689973726825
[Li]<-P(C)(Cc1ccccc1)c1ccccc1,3.623800000000002,6.015488102772097
[Li]<-N=C(CC)ON=C(Cl)c1ccccc1C,3.299290000000001,5.006605415578681
[Be]=C1Cc2ccccc2CN1c1ccccc1,3.288090000000002,9.103904064712127
[Li]<-n1cccc2c(-c3ccccc3)c[nH]c21,3.229900000000001,8.979115815721336
[Li]<-n1ccn(C(=COC)c2ccccc2)c1,2.3762000000000008,7.265125695775816
[Li]<-n1cn(CC(=O)C(C)(C)C)c2ccccc21,2.6515000000000004,8.979115815721336
[Li]<-P1(c2ccccc2)C2C=CC1(C)C(C)C2,3.530700000000002,5.516335106808932
[Li]<-n1cc(CC)cc(-c2cc[n+]([O-])cc2)c1,1.9444,7.604689973726825
[Li]<-n1ccn(C(C)=NNc2ccccc2)c1,2.1767000000000003,7.265125695775816
[Li]<-P(O)(Cc1ccccc1)c1ccccc1,2.901300000000001,5.256181913560263
[Li]<-S=C(NC(=O)c1ccsc1)N(CC)CC,2.1046000000000005,3.16782704664237
[Li]<-n1cc2ccc(F)cc2c2ccccc21,3.5271000000000017,9.318680093672345
[Li]<-O=c1ccc2cc(C)cc(C(=O)OC)c2o1,1.88802,5.006605415578681
[Li]<-n1cccc(C(=O)Nc2ccccc2C)c1,2.6423200000000007,7.604689973726825
[Li]<-n1ccn(-c2nccc(S(C)(=O)=O)n2)c1C,0.37422,7.140337446785025
[Li]<-P1(Nc2ccc(C)cc2)OCCC(C)(C)O1,3.8493200000000014,4.032523197406629
[Be]=C1N(C)C=CN1Cc1ccc(SC)cc1,2.623390000000001,6.675984919843224
[Be]=C1NC(SCc2ccccc2)=C(N)N1C,1.53639,6.800773168834016
[Li]<-n1c(C(=O)OCC)n(C)c2ccccc21,1.75,8.854327566730545
[Li]<-n1cncc(C=C2SC3=C(SCCS3)S2)c1,3.861600000000002,7.265125695775816
[Li]<-n1ccn(-c2ccc3ccccc3c2)c1,3.025500000000001,7.265125695775816
[Be]=C1CN(c2cc(C)c(C)c(C)c2)C(N)N1,1.30255,7.050349666815598
[Li]<-N#Cc1cc(C)c(C)c(N=C(C)C#N)c1,2.791100000000001,1.8387783689363106
[Li]<-Nc1ccc(C2CN=C(C(C)C)O2)cc1,2.3946000000000005,2.0883548669178933
[Li]<-N(=Cc1cnc[nH]1)C(C)c1ccccc1,2.589800000000001,9.443468342663136
[Be]=C1N(C)C=CN1Cn1cnc2ccccc21,1.70869,6.675984919843224
[Be]=C1N(C)C=CN1CC(=O)c1ccccc1,1.58419,6.675984919843224
[Li]<-n1ccc(-c2ccccc2)c(C(C)=NO)c1,2.9468000000000014,7.604689973726825
[Li]<-N1=C(C)N(c2ccc(F)cc2)C(=O)CC1,1.9808,9.103904064712127
[Li]<-n1ccc(Cc2ccc(C#N)cc2)cc1,2.54408,7.604689973726825
[Li]<-n1cc(C)cc(C(=C)c2cccnc2)c1,2.846520000000001,7.604689973726825
[Li]<-n1cccc(C(S)(S)c2ccccc2F)c1,3.2814000000000023,7.604689973726825
[Be]=C(Nc1cccc(C)c1)c1ccccc1,3.494010000000001,8.979115815721336
[Li]<-O=c1[nH][nH]c(-c2ccc(OC)cc2)c1O,1.0841999999999996,5.176770828857923
[Be]=C1NC(c2cccc(OC)c2)=C(C(C)=O)S1,2.28549,8.31182896972825
[Li]<-n1cc(C)c(-c2cc(OC)cc(OC)c2)[nH]1,2.4023200000000005,7.265125695775816
[Li]<-n1cccc(C=[N+]([O-])c2ccc(C)s2)c1,2.7124200000000007,7.604689973726825
[Be]=C1NC(N)=CN1Cc1ccc(OC)cc1,0.85429,6.800773168834016
[Li]<-n1ccc(-n2cnc(C(C)(C)O)c2)cc1,1.4947,7.604689973726825
[Li]<-n1ccn(CC(=O)c2ccc(F)cc2)c1N,1.4873,8.639551537770327
[Li]<-n1cccc(-c2ccccc2)c1N=C=O,2.7159000000000004,8.979115815721336
[Li]<-n1cccc(-c2cccc(C(=O)O)c2)c1,2.4468000000000005,7.604689973726825
[Li]<-Nc1ccc(C#Cc2ccccc2)cc1,2.6686000000000005,2.0883548669178933
[Li]<-N=c1[nH]cc(N)n1-c1ccccc1C#N,0.73875,4.961994799897705
[Be]=C1N(Cc2ccccc2)C=CN1C(C)OC,2.2640900000000004,6.675984919843224
[Li]<-N(C(=O)c1ccccc1)C1CCCCC1,2.749100000000001,5.1313936645694715
[Li]<-n1ccc(C(=O)c2ccc(F)cc2)cc1,2.4517000000000007,7.604689973726825
[Li]<-N=C1OC(CC)C2C(=O)c3ccccc3C12,2.3687700000000005,3.16782704664237
[Li]<-n1nn(-c2ccccc2)c(C)c1C(C)C,2.6991200000000006,6.675984919843224
[Li]<-n1ccn(-c2cccc(O)c2C(C)C)c1,2.7013000000000007,7.265125695775816
[Li]<-n1ccc(C(C)=Nc2ccccc2)c(C)c1,3.5307200000000014,7.604689973726825
[Li]<-n1ccc(-c2ccc(C(=O)OC)cc2)cc1,2.535200000000001,7.604689973726825
[Li]<-P1(N(C)C)Nc2ccccc2C(C)(N)O1,2.0486,4.327476859676663
[Li]<-S=c1n(-c2ccccc2)ccn1C(C)C,3.589190000000002,1.8387783689363106
[Li]<-n1cccc(N2CC(C)(C)CCC2(C)C)c1,3.486600000000003,7.604689973726825
[Li]<-S(CC)C1C=C(OCC)c2ccccc21,3.871800000000003,4.051921484844995
[Li]<-n1ccn(Cc2ccccc2N(C)C)c1,1.9974,7.265125695775816
[Be]=C1N(C)C=CN1Cc1ccc([N+](=O)[O-])cc1,1.80969,6.675984919843224
[Li]<-n1c(CC(=O)OC)n(CC)c2ccccc21,1.7716999999999998,8.854327566730545
[Be]=C1NC(N)N(c2cc(C)c(C)c(C)c2)O1,1.19165,6.1662552286129735
[Li]<-n1nc2ccccc2n1-c1ccccn1,1.8155,8.514763288779536
[Li]<-p1cccc([Si](C)(C)C)c1-c1ccccc1,4.478900000000004,3.8023449868634125
[Li]<-n1cncc(C=NC2C=CC=C(Cl)C2)c1,2.3467,7.265125695775816
[Be]=C1N(CCC)C=CN1Cc1ccccc1,2.681690000000001,6.675984919843224
[Be]=C(Nc1ccc(OC)cc1)c1ccccc1,3.1941900000000008,8.979115815721336
[Li]<-Nc1c2ccccc2cc2ccccc12,3.575200000000001,2.2131431159086845
[Li]<-n1ccn(CCC(C)c2ccccc2)c1,3.076900000000002,7.265125695775816
[Li]<-n1cccc(C23CCN(CC2)C(C=C)C3)c1,2.373500000000001,7.604689973726825
[Be]=C1Nc2c(SCCCC)cccc2N1C,3.436790000000001,6.800773168834016
[Be]=C1N(Cc2ccccc2)C=CN1C(C)N,1.57639,6.675984919843224
[Li]<-n1ccc(C(=O)OC)c(-c2ccccc2)c1,2.535200000000001,7.604689973726825
[Be]=C1NCN(c2ccccc2Cl)C1(N)C=C,1.5868899999999997,10.26355387774642
[Li]<-n1cn(C)cc1-c1ccc([N+](=O)[O-])cc1,1.9953,7.140337446785025
[Li]<-O=C(O)C1CC(C)(C)Nc2ccccc21,2.449,5.1313936645694715
[Be]=C1N(C)C(Cl)=C(Cl)N1CCc1ccccc1,3.076990000000001,6.675984919843224
[Li]<-O=C1CC=CC=C1N1C(=O)C=CCC1=O,0.7143999999999999,5.516335106808932
[Li]<-Nc1cccc(-c2noc(C(C)(C)C)n2)c1,2.6163,2.0883548669178933
[Be]=C1N(c2ccccc2F)C=CN1C(C)C,2.823590000000001,6.675984919843224
[Li]<-n1ccc(C2=CN(C(C)(C)C)CN2)cc1,2.0412,7.604689973726825
[Li]<-n1cccc(C(=NC)c2ccccc2)c1,2.548800000000001,7.604689973726825
[Li]<-n1cccc(P(C(C)(C)C)C(C)(C)C)c1,3.7858000000000014,7.604689973726825
[Li]<-N1=C(COCC)OC(c2ccc(C)cc2)C1,2.5013200000000007,8.808950402442093
[Be]=C1N(CC)C=CN1C(C)c1ccccc1,2.852590000000001,6.675984919843224
[Be]=C1N(C)C=CN1Cc1ncccc1OC,1.30509,6.675984919843224
[Li]<-n1ccc(-c2cccnc2)c2ccccc21,3.296800000000002,9.318680093672345
[Be]=C1N(C)C=CN1Cc1ccc(C=C)cc1,2.5444900000000006,6.675984919843224
[Be]=C1N(CCCCl)C=CN1Cc1ccccc1,2.900590000000001,6.675984919843224
[Li]<-n1cnc(O)c(Nc2cncnc2Cl)c1,1.3691999999999995,7.265125695775816
[Li]<-S=C1CNC(C)(C)N(c2ccccc2)C1,2.2022000000000004,1.8387783689363106
[Li]<-n1c(-c2ccncc2)[nH]c2ccccc21,2.6249,7.0155491977942335
[Be]=C1N(C)N=NN1c1cc(C)c(C)c(C)c1,2.642150000000001,5.996856363941206
[Li]<-N1C=CN(CC(=O)c2cccc(F)c2)C1,1.3423,7.514702193757399
[Li]<-n1c2n(c3ccccc31)CC(C)CCS2,3.168200000000001,7.0155491977942335
[Li]<-n1ccc(CN2CC(=O)C=CC2=O)cc1,0.5490999999999999,7.604689973726825
[Li]<-NCc1cc2ccccc2c2ccccc12,3.451700000000001,2.462719613890267
[Li]<-n1[nH]ccc1N=Nc1c(F)cccc1F,3.103300000000001,8.639551537770327
[Li]<-p1c(-c2ccc(N)cc2)oc2ccccc21,4.262100000000002,4.881817166587889
[Li]<-N(Cc1ccsc1)Cc1ccc(F)c(C)c1,3.485420000000002,4.42628623181737
[Li]<-n1cccc(N=Nc2cccc(OC)c2)c1,3.505600000000002,7.604689973726825
[Li]<-N(Cc1ccccc1)Cc1ccc(C)cc1,3.2848200000000016,4.301497982826578
[Li]<-n1cn(Cc2ncc[nH]2)c2ccccc21,1.8077,8.979115815721336
[Be]=C1NC=C(N)N1Cc1ccc(C)c(C)c1,1.46253,6.800773168834016
[Li]<-n1nn(C(C)C)cc1-c1ccc(F)cc1,2.6651000000000007,6.675984919843224
[Li]<-n1cccc2ccc(C3CCCC3)cc21,3.892400000000003,9.318680093672345
[Li]<-N1=C(N=C(C)Sc2ccccc2)SCC1,3.299900000000002,12.114173956591662
[Li]<-N1=CC(C(=O)OCC)=C(CC(=O)OC)C1,0.4936,7.729478222717616
[Be]=C1NC(N)=NN1c1cccc(C)c1[N+](=O)[O-],0.5388099999999998,6.4612088908830065
[Li]<-n1ccn(C(C)c2cccc3c2OCO3)c1,2.2211,7.265125695775816
[Li]<-O=c1oc2ccccc2c2ccccc12,2.946200000000001,5.00660541557868
[Li]<-NC(Cc1ccc(C)c(C)c1)C(=O)OCC,1.73634,2.2131431159086845
[Li]<-n1ccn(-c2cc(C)cc([N+](=O)[O-])c2)c1,2.08892,7.265125695775816
[Li]<-N=c1n(CC)ccn1-c1cccc(C)c1C,2.39501,4.961994799897705
[Li]<-N1=CSC(C=C(OCC)c2ccccc2)C1,3.2077000000000018,10.739748114597152
[Li]<-n1cn(Cc2cccc(OC)c2)cc1C,2.2484200000000003,7.140337446785025
[Li]<-n1ccc(SCSc2ccccc2)cc1,3.9235000000000015,7.604689973726825
[Li]<-N1=C2Sc3cc(C(C)=O)ccc3N2CCC1,2.561000000000001,7.265125695775816
[Li]<-N1=COC(c2cccc3ccccc23)C1,2.939400000000001,7.094960282496573
[Li]<-N1=CC(c2ccccc2)c2ccccc2C1,3.4029000000000016,7.729478222717616
[Li]<-S=c1n(Cc2ccccc2)ccn1C(=C)C,3.557990000000003,1.963566617927102
[Li]<-n1ccc(C)c(N=Cc2ccccc2)c1,3.140620000000001,7.604689973726825
[Be]=C1NC=C(c2cc(C)c(C)cc2C)N1C,2.4415500000000003,6.800773168834016
[Li]<-n1cccc(Cc2cccc(OC)c2)c1,2.681000000000001,7.604689973726825
[Li]<-n1cccc(C2CN=C(C(F)(F)F)O2)c1,2.1137,7.604689973726825
[Li]<-n1cncc(C(=O)Nc2cccc(Br)c2)c1,2.4914,7.265125695775816
[Li]<-Nc1ccccc1C=Cc1ccccc1N,3.0214000000000008,2.2131431159086845
[Li]<-N1=CC(c2ccccc2)C(=NC(C)(C)C)C1,3.094100000000002,7.729478222717616
[Li]<-n1cccc(C=NN=Cc2csc(C)c2)c1,2.904520000000001,7.604689973726825
[Li]<-n1cccc(-c2cccc(OC(C)=O)c2)c1,2.6739000000000006,7.604689973726825
[Li]<-n1ccc(-c2cc(C)ccc2C(C)=O)cc1,3.2596200000000017,7.604689973726825
[Li]<-n1cc(C=O)cc(-c2cncn2CCCl)c1,1.9964,7.604689973726825
[Li]<-n1cc2ccccc2c(-n2cccn2)n1,1.8155,7.140337446785025
[Be]=C1NC(N)(c2ccccc2)c2ccccc21,1.83649,7.140337446785025
[Be]=C1N(Cc2ccccc2)C=CN1C(C)=O,1.81819,6.675984919843224
[Li]<-n1c(C(C)C)n(C(C)C)c2ccccc21,3.7406000000000015,8.854327566730545
[Li]<-n1cccc(-c2ccccc2[N+](=O)[O-])c1,2.6568000000000005,7.604689973726825
[Be]=C1NC(N)c2ccccc2C(N)(CO)N1,-1.0632099999999989,3.2480046799521856
[Li]<-P(c1c(F)c(F)c(F)c(F)c1F)C(C)C,3.094300000000001,3.9271332358542037
[Li]<-n1cn(Cc2ccc(SC)cc2)cc1C,2.961720000000001,7.140337446785025
[Be]=C1NC(N)=CN1c1ccnc(C(C)(C)C)c1,1.54259,6.800773168834016
[Li]<-N1=CC(c2ccccn2)CC1N1C=CCC1,2.1852,9.103904064712127
[Li]<-n1c(C)[nH]c2c1C2Oc1ccc(C)cc1,2.5083400000000005,7.0155491977942335
[Li]<-[nH]1c(-c2cccnc2)nc2ccccc21,2.6249,7.140337446785025
[Li]<-n1c(N)ccn1-c1ccc(C)cc1OC,1.7715199999999998,10.353541657715846
[Li]<-S=C1CNC(N)(c2cccc(C)c2)NC1,0.6267200000000002,1.8387783689363106
[Be]=C(N)C1Cc2ccccc2-c2ccccc21,2.9907900000000014,7.514702193757399
[Li]<-N(=CC(=O)OC)c1c(F)cc(F)c(F)c1F,2.1183,9.318680093672345
[Be]=C1CN(c2ccc(F)c(F)c2)CN1C(C)C,2.4914900000000006,6.925561417824807
[Li]<-n1cccc(-c2ccccc2OC(C)=O)c1,2.6739000000000006,7.604689973726825
[Li]<-n1cccn1Cc1ccc2ccccc2c1,3.084600000000001,8.979115815721336
[Be]=C1NC(OC)C(c2ccccc2)C(=O)O1,0.8853899999999999,4.667041137627672
[Li]<-N1=COC(Nc2cncnc2N(C)C)C1,0.3390999999999998,7.094960282496573
[Be]=C1CN(C(C)(O)O)c2cc(C(C)C)ccc21,1.7176900000000002,7.265125695775816
[Li]<-n1cccc(C=Nc2ccccc2)c1O,2.5378,8.684162153451302
[Li]<-NCc1cccc(N=Nc2ccccc2)c1,3.560700000000001,2.3379313648994757
[Li]<-n1cc(C)cc(B2C=CNC(N)C2=O)c1,-0.8589800000000001,7.604689973726825
[Li]<-p1c(C)cc(C(C)=O)cc1-c1ccccc1,4.444720000000004,3.6775567378726213
[Be]=C1OC(C)=CN1c1cc(C)cc(C(C)C)c1,3.812610000000003,6.3810312575731905
[Li]<-n1ccccc1N=Nc1ccccc1Cl,4.150400000000002,8.979115815721336
[Li]<-n1nnn(-c2ccc(C(C)=O)cc2)c1N,0.4470999999999998,7.835634732877517
[Be]=C1N(CCCO)C=C(c2ccccc2)N1C,1.61109,6.675984919843224
[Li]<-n1cn(-c2ccc(C)cc2)c2ccccc21,3.3339200000000018,8.979115815721336
[Be]=C1N(CC)C(Cl)=CN1c1cccc(C)c1,3.170910000000002,6.675984919843224
[Be]=C1NC=C(N)N1c1ccc(C)c(C(C)C)c1,2.28191,6.800773168834016
[Li]<-n1ccc(C(C)(CC)c2cn[nH]c2)cc1,2.5207,7.604689973726825
[Li]<-n1ccc(N=Cc2ccccc2)cc1C,3.140620000000001,9.318680093672345
[Li]<-N=c1[nH]c(C)c(C)n1Cc1ccccc1,1.96081,4.961994799897705
[Be]=C1N(C)C=CN1Cc1cccc(C=C)c1,2.5444900000000006,6.675984919843224
[Li]<-S=C1NC(C)=CC(C)N1CC(=O)OCC,1.0319,1.8387783689363106
[Li]<-P1(OC)OC=CC(O)(c2ccccc2)O1,2.2655000000000003,3.737569535136596
[Li]<-N(=CC=C)C(C)c1ccccc1,3.0044000000000013,9.443468342663136
[Li]<-S(C)CCOc1ccc(Cl)cc1,3.081800000000001,4.301497982826578
[Li]<-n1nnc(-c2ccccc2)n1C,0.8770999999999998,8.175199010828527
[Li]<-p1(C(C)=C(C)C)cc(C)cc1C,4.560840000000003,7.3551134757452425
[Li]<-N(=Cc1ccccc1)NC(N)=S,0.8537000000000001,7.265125695775816
[Be]=C1Nc2c(C)cccc2N1CC,2.24311,6.800773168834016
[Li]<-n1[nH]c(C)nc1-c1ccccn1,1.17512,6.800773168834016
[Li]<-S=C(NCC)NN=CC(=O)OC,-0.3708,1.8387783689363106
[Li]<-N(CC(=O)OC)C1CCCCC1,1.0816999999999992,4.176709733835787
[Li]<-P1(c2ccccc2)C23CC21C3C,2.3384,5.516335106808932
[Li]<-NCc1c(OC)cccc1OC,1.1625,2.3379313648994757
[Li]<-S(c1ccccc1)C(C)C(N)=O,1.6524999999999996,3.8023449868634125
[Li]<-n1ccc(C2CCCCC2)cc1,3.129300000000001,7.604689973726825
[Li]<-P1(C(C)C)CC(C(C)=O)CC1C,2.874100000000001,5.641123355799723
[Li]<-P1(CC(C)(C)C)CC1C(C)(C)C,3.942700000000003,5.765911604790515
[Be]=C1OC(c2ccccc2)NC1N,0.6285900000000001,8.005033597549284
[Li]<-S=C(NCC)NN=CC(C)(C)C,1.5023,1.8387783689363106
[Li]<-NC(C)S(=O)(=O)c1ccccc1,0.7650000000000002,2.2131431159086845
[Li]<-NCc1cccc2ccccc12,2.2985000000000007,2.462719613890267
[Li]<-P(CC(C)(CN)CO)C(C)(C)C,1.4207,4.051921484844995
[Li]<-n1cscc1Cc1ccccc1,2.733900000000001,10.49017161661557
[Be]=C(NC)c1ccc(N(C)C)cc1,1.35889,8.979115815721336
[Li]<-P(Cl)(Cc1ccccc1)C(C)C,4.230700000000003,8.497099160485952
[Li]<-N1=CC(c2ccccc2)C(N)C1,1.1819,7.729478222717616
[Li]<-n1cc(C(=O)OC(C)C)c(N)[nH]1,0.5570999999999999,7.265125695775816
[Li]<-n1[nH]pc(-c2ccccc2)c1C,2.9652200000000004,12.271785565627159
[Li]<-n1ccc(C=NNC(N)=S)cc1,0.2486999999999997,7.604689973726825
[Be]=C1N(C)C=CN1c1ccccn1,1.30089,6.675984919843224
[Li]<-N=c1[nH]c(C(C)C)cn1C(C)C,1.99997,4.961994799897705
[Li]<-p1(C)c(C)c(C)c2ccccc21,3.980240000000002,5.765911604790515
[Li]<-P12CN3CN(C1)C(N)N(C3)C2P,-0.3539000000000003,6.015488102772097
[Li]<-n1ccc(C=NNCCO)cc1,-0.0026000000000003,7.604689973726825
[Li]<-n1nn(C)cc1-c1ccncc1,0.8770999999999999,6.675984919843224
[Li]<-n1c[nH]c(-c2ccccc2)c1C,2.385120000000001,8.979115815721336
[Li]<-N1CC(C)(O)C2=CC3CCC21O3,0.1558999999999999,7.729478222717616
[Be]=C1Nc2c(C)ccc(C)c2N1C,2.16143,6.800773168834016
[Li]<-S=c1[nH]c2ccc(OC)cc2[nH]1,2.23409,1.8387783689363106
[Be]=C1CNC(N)(c2ccccc2)O1,0.4141900000000001,6.630607755554774
[Li]<-N1(Cc2ccccc2)CCCC1,2.2824,9.942621338626301
[Be]=C1N(C(C)C)CC2CCCCN12,1.56119,6.675984919843224
[Li]<-N=C(OC)c1ccccc1OC,1.6669699999999998,5.00660541557868
[Li]<-n1ccc(-c2nnc(C)o2)cc1,1.44002,7.604689973726825
[Li]<-O=C1CCN(C2CCCCC2)C1,1.5939,5.516335106808932
[Li]<-n1cn(-c2ccccc2)c(C)n1,1.57572,6.800773168834016
[Li]<-N1=C2NC(C)(N)CCN2CCC1,-0.2836999999999991,8.764339786761118
[Li]<-S=c1[nH]c(N)c(-c2cccs2)[nH]1,2.3829900000000004,1.8387783689363106
[Li]<-n1ccc(C)c2ccc(Br)cc21,3.3057200000000018,9.318680093672345
[Li]<-n1nc(-c2ccccc2)[nH]c1N,1.0538999999999998,8.175199010828527
[Li]<-N(=CC)c1cccc(C(C)C)c1,3.5322000000000022,9.318680093672345
[Li]<-Nc1c(OC)cccc1C(=O)O,0.9755999999999998,2.0883548669178933
[Li]<-P12OC=CN1C(C(C)(C)C)=CO2,2.934400000000001,7.585291686288459
[Li]<-NC(C)C=C(C)N1CCCCC1,1.7232999999999998,2.2131431159086845
[Li]<-NCc1cnc2ccccc2n1,1.0884999999999998,2.3379313648994757
[Li]<-N(=Cc1ccccc1O)C(C)C,2.2195000000000005,9.568256591653928
[Li]<-N(Cc1ccccc1)=C(C)OC,2.2514000000000003,8.933738651432884
[Li]<-N=c1sc(C)c(C(=O)OC)n1C,0.6610900000000002,3.4627807089124034
[Be]=C(C)Nc1ccc(C)c(C)c1C,3.082450000000001,5.675923824821088
[Be]=C1NC=C(N)N1c1ccccc1,0.85009,6.800773168834016
[Li]<-n1ccc(SC(C)C(=O)O)cc1,1.6467999999999998,7.604689973726825
[Li]<-n1cccc(C=NNC(C)=S)c1,1.3523999999999998,7.604689973726825
[Li]<-n1c(Br)ccn1Cc1cccs1,2.7554000000000007,8.854327566730545
[Be]=CNc1cccc2ccccc12,2.797290000000001,3.712357206893986
[Be]=C1N(CCC)C=CN1CC(=O)O,0.5660900000000002,6.675984919843224
[Li]<-O=Cc1ccncc1C(C)(C)C,2.1916,3.9271332358542037
[Li]<-n1ccn(CC(=O)OCC)c1C,0.7546200000000001,7.140337446785025
[Li]<-N(O)=C(I)c1ccccc1OC,2.266,5.00660541557868
[Be]=C1NC=C(N)N1C(Br)C(F)(F)F,0.92879,6.800773168834016
[Li]<-NCc1ccc(C(F)(F)F)cc1,2.1641000000000004,2.462719613890267
[Li]<-n1ccn(Cc2cccnc2)n1,0.7213999999999999,6.800773168834016
[Be]=C1N(CC)C=CN1C(Br)C(=O)O,0.89699,6.675984919843224
[Li]<-[O-][n+]1c(C)cccc1C(C)(C)C,1.92592,3.712357206893986
[Li]<-N1CCCC1CN1CCOCC1,0.0705999999999997,6.140276351762889
[Li]<-N(N)Cc1ccc(C)c(C)c1C,1.5751600000000003,4.086721953866361
[Li]<-NCC(=O)OCc1ccccc1,0.6884999999999997,2.3379313648994757
[Li]<-[nH]1cnc(-c2ccccc2)c1C,2.385120000000001,7.140337446785025
[Li]<-n1ccn(C[N+](=O)[O-])c1C(C)C,1.2407,7.140337446785025
[Li]<-n1ccccc1C1CCCCN1,1.8962,9.318680093672345
[Li]<-P12CN3CN(CN(C1)C3P)C2N,-0.3539,5.890699853781306
[Li]<-P1(C(C)C)C2CCCC1CCC2,3.981700000000004,5.765911604790515
[Li]<-n1ccn(-c2cnncc2C)c1,0.9707199999999998,7.265125695775816
[Li]<-n1cc(-c2ccccc2)n(C)c1,2.0871,7.265125695775816
[Li]<-P1(C(C)C)C(C)(C)C12CC2(C)F,3.5396000000000027,5.516335106808932
[Li]<-P1(c2ccccc2)OC1C(C)=O,1.6541,4.881817166587889
[Li]<-S=c1[nH]ccn1Cc1cccs1,2.655490000000001,1.8387783689363106
[Li]<-P(C)=c1[nH]c2ccccc2n1C,2.61439,4.051921484844995
[Li]<-NCc1ccc2ccncc2c1,1.6935,2.462719613890267
[Li]<-n1cc(-c2cccnc2)n(C)n1,0.8770999999999999,6.800773168834016
[Be]=C(Nc1ccc(C)cc1)C(C)C,3.101710000000001,9.228692313702918
[Li]<-O=C(c1ccc(C)cc1)N(C)C,1.69682,5.4263473268395055
[Li]<-S=C(N)c1ccc(N(C)C)cc1,1.3868,1.8387783689363106
[Li]<-S1CCNc2cc(F)cc(F)c21,2.4824,3.9271332358542037
[Li]<-n1cc(C=O)c2ccccc2c1,2.0473,7.604689973726825
[Be]=C1N(C)c2ccccc2N1CC,1.95899,6.675984919843224
[Li]<-S(Cc1ccccc1)C(C)(C)C,3.718300000000002,3.9271332358542037
[Li]<-n1ccc(C(C)C)c(C(C)C)c1,3.328400000000002,7.604689973726825
[Li]<-n1cccc(C=CC(=O)OC)c1,1.2677999999999998,7.604689973726825
[Li]<-N1c2ccccc2SC(=O)C1N,1.0155999999999998,3.9271332358542037
[Li]<-S1C2CCC1(N=C(C)OC)CC2,2.4369000000000005,11.65661145857182
[Li]<-Nc1cccc(CC)c1C(C)C,2.954600000000001,2.0883548669178933
[Li]<-n1ccccc1C(C)NC(C)=O,1.2787,9.318680093672345
[Li]<-S=C1NC2(C)C=CC=CC2(N)N1,0.0037999999999999,1.8387783689363106
[Be]=C(NN)Nc1c(C)cccc1C,1.1749299999999998,6.585997139873798
[Li]<-O=C(N)c1ccccc1N(C)C,0.8514999999999999,5.176770828857923
[Be]=C(N)CN(C)Cc1ccccc1,1.1158899999999998,5.336359546870079
[Li]<-n1cn(C)nc1-c1ccccn1,0.8770999999999998,6.800773168834016
[Li]<-n1cccc(C=C(C)OCC)c1,2.4789000000000003,7.604689973726825
[Li]<-n1cc(N)sc1CC(=O)OCC,0.8309,10.49017161661557
[Be]=C1NC(N)=CN1c1cccnc1,0.24509,6.800773168834016
[Li]<-n1c(COC)[nH]c2ccccc21,1.7092999999999998,7.0155491977942335
[Li]<-S=C(c1ccc(C)cc1)N(C)C,2.23212,1.963566617927102
[Li]<-n1nc(-c2ccccc2)sc1N,1.7873,11.52503318065907
[Be]=C1Oc2cccc(OC)c2N1C,1.5200899999999995,6.3810312575731905
[Be]=C(C)Nc1ccc(C(C)C)cc1,3.280590000000002,5.675923824821088
[Li]<-n1cn(C)nc1-c1ccccc1,1.4820999999999998,6.800773168834016
[Li]<-n1cccc(C=NNC(C)=O)c1,0.5516000000000001,7.604689973726825
[Li]<-N1=CC(C(=O)OC)C1(C)N(C)C,0.1377999999999999,8.979115815721336
[Li]<-S=C(N(C)C)N1CCCCCC1,1.7089,2.0883548669178933
[Li]<-n1cncn1Cc1ccccn1,0.7213999999999998,8.639551537770327
[Li]<-O=C(O)C1CCNCC1C(=O)O,-0.6186999999999996,4.881817166587889
[Li]<-n1cccc2ccc(OC)cc21,2.2434000000000003,9.318680093672345
[Li]<-OCc1ccccc1C(F)(F)F,2.1977,2.3379313648994757
[Li]<-N1=C(C)OC(c2ccccc2)C1,2.1763000000000003,8.808950402442093
[Li]<-n1ccc(-c2cnc(N)[nH]2)cc1,1.0538999999999998,7.604689973726825
[Li]<-S=c1[nH]c2c(Br)cccc2n1C,2.998390000000001,1.8387783689363106
[Li]<-P1(c2ccccc2)CC(C)=C1C,3.101300000000001,7.479901724736034
[Li]<-N#Cc1ccccc1C(F)(F)F,2.5770800000000005,1.8387783689363106
[Be]=C1C(N)OCC1(C)c1ccoc1,0.93359,12.146942862363707
[Li]<-S=C1C(=O)NCNC1(N)C(C)=O,-1.7227999999999997,1.8387783689363106
[Li]<-P1(c2cccc(C)c2)C(C)C1C,2.8928200000000013,5.516335106808932
[Li]<-n1cc(C(C)=O)cc(C(C)O)c1,1.3375,7.604689973726825
[Li]<-n1c(CO)n(C)c2ccccc21,1.0656,7.0155491977942335
[Li]<-n1c(C)cc(C)c2ccccc21,2.8516400000000006,11.032670213617864
[Li]<-S=C(c1ccccc1C)N(C)C,2.23212,1.963566617927102
[Li]<-P1(OC)OC(C)CC([N+](=O)[O-])O1,1.2878999999999998,3.612781286145805
[Li]<-O=Cc1nccn1CCSCC,1.4487,3.9271332358542037
[Li]<-N1=CSCC1n1ncc(C)c1Br,2.2277200000000006,7.265125695775816
[Li]<-S=c1cc(C(C)(C)C)c(C)n[nH]1,2.7451100000000013,1.8387783689363106
[Be]=C1OC(OC)=CC2=C1CCCC2,2.4137900000000005,6.7205955355241995
[Li]<-n1[nH]c(C)c(C(=O)N(C)C)c1C,0.72834,7.140337446785025
[Li]<-N1=CN(C(C)C)C2C=CC=CC21,1.6019,7.389913944766607
[Li]<-NC1CCCc2ccccc2C1,1.8927,2.2131431159086845
[Li]<-N=Cc1cccc(C(F)(F)F)c1,2.703070000000001,3.9271332358542037
[Li]<-n1cccc(-c2ccoc2)c1O,2.0472,8.684162153451302
[Be]=C1N2C=CC=CC2=CN1C(C)C,1.93359,6.675984919843224
[Li]<-n1c(C)n(CC)c2ccccc21,2.3646200000000004,7.0155491977942335
[Li]<-n1cccn1CCOC(F)(F)F,1.4194999999999998,8.979115815721336
[Li]<-n1cccc(N2CCCCC2)c1,2.0719,7.604689973726825
[Li]<-N#Cc1ccc2ccncc2c1,2.1064799999999995,1.8387783689363106
[Li]<-S=C(C)NC(C)c1ccccc1,2.6845000000000008,1.8387783689363106
[Li]<-N(C)=C(C)C(O)c1ccccc1,1.8107,7.854266471708408
[Li]<-n1cncc(-c2cncnc2)c1,0.9335999999999998,7.265125695775816
[Be]=C1OC=C(c2ccccc2)N1C,1.94329,6.3810312575731905
[Li]<-S=c1n(C)ccn1CC(=O)OC,0.7290899999999999,1.8387783689363106
[Li]<-N(C)=C1C2CC(C)(C)C1CC2C,2.7593000000000014,4.051921484844995
[Li]<-n1ccc(SCC(F)(F)F)cc1,2.7360000000000007,7.604689973726825
[Li]<-n1ccn(C(C)OCC(C)C)c1,2.0742,7.265125695775816
[Li]<-n1nc(-c2ccccn2)n(N)n1,-0.5511000000000004,6.336420641892215
[Li]<-S=C1NCSC1(N)C(=O)C(=C)C,0.4079000000000001,1.8387783689363106
[Li]<-O=C(CC(C)C)c1ccccc1,2.9154000000000018,5.641123355799723
[Li]<-n1ccn(-c2ccc(C)cc2)c1,2.18072,7.265125695775816
[Li]<-n1c(C)sc2c(OC)cccc21,2.6133200000000008,12.204161736561089
[Li]<-S=C(NC(C)O)c1ccccc1,1.29,1.8387783689363106
[Li]<-N1CC(C(O)O)c2ccccc21,0.5063999999999997,7.729478222717616
[Li]<-N#Cc1cccc(SC(C)C)c1,3.0587800000000014,3.6775567378726213
[Li]<-N#Cc1sccc1-n1cccc1,2.4104800000000006,1.8387783689363106
[Li]<-NCc1ccc(OCC=C)cc1,1.7101,2.3379313648994757
[Li]<-N1=CC(C)(CC)CC1NC(C)=O,1.3394,9.103904064712127
[Li]<-n1cc(-c2cscc2Br)[nH]c1N,2.4829,8.639551537770327
[Li]<-n1ccn(-c2ncc(O)cn2)c1,0.3678999999999998,7.265125695775816
[Li]<-Nc1cc(C(N)=O)ccc1OC,0.3763000000000003,2.0883548669178933
[Li]<-n1cccc(C(=O)O)c1C(=O)O,0.478,9.318680093672345
[Li]<-n1nn(-c2ccccc2)cc1C,1.5757199999999998,8.514763288779536
[Be]=C(C#N)Nc1ccc(C)cc1C,2.27771,6.925561417824807
[Be]=C(NC)c1cc(C)c(C)c(C)c1,2.21815,7.140337446785025
[Li]<-n1ccccc1SCC(F)(F)F,2.736000000000001,7.479901724736034
[Be]=C1OC=C(C)N1c1ccccc1,2.38079,6.3810312575731905
[Li]<-n1cccc2c(OC)cccc21,2.2434000000000003,9.318680093672345
[Li]<-n1ccc(-c2cnc(C)[nH]2)cc1,1.78012,7.604689973726825
[Li]<-P(C=C)(OCC)c1ccccc1,2.8888000000000016,4.881817166587889
[Li]<-S=C(SC)C(=O)c1ccccc1,2.5597000000000003,1.8387783689363106
[Li]<-N1=C(c2ccc(N)cc2)OCC1,1.0456000000000003,8.808950402442093
[Li]<-n1csc2c(N(C)C)cccc21,2.3623000000000003,12.32894998555188
[Li]<-n1c(N)cccc1-c1ccoc1,1.9238,10.693105935666855
[Li]<-P(C)(NC(C)=O)c1ccccc1,1.4747,5.675923824821088
[Li]<-O=Cc1ccc(OC)c(OC)c1,1.5162999999999998,3.8023449868634125
[Li]<-n1ccc(-c2ccccc2)n1C,2.0871,8.979115815721336
[Li]<-n1cn(C)c2c(C)ccc(C)c21,2.1901399999999995,8.979115815721336
[Li]<-n1ccc(-c2cccn2C)cc1,2.0871,7.604689973726825
[Li]<-P1(c2ccccc2)CC12CCC2,2.730100000000001,5.516335106808932
[Li]<-n1ccc(N=C(C)C(C)=O)cc1,1.763,7.604689973726825
[Li]<-n1cccc(C=NC(C)(C)C)c1,2.2990000000000004,7.604689973726825
[Li]<-S=c1n(C)ccn1CC(C)(C)N,1.29339,1.8387783689363106
[Be]=C(NC1CCCCC1)C(=O)OC,1.1204899999999995,7.710079935279251
[Li]<-NCC(C#N)c1ccc(C)cc1,1.5609,2.3379313648994757
[Li]<-P1(C)N(C)c2ccccc2N1C,2.5143000000000004,5.211571297879288
[Li]<-n1c[nH]c(C)c1-c1ccccn1,1.78012,8.979115815721336
[Li]<-n1cccc(C(S)(S)CC)c1C,2.812420000000002,9.318680093672345
[Be]=C1OC(COC)c2ccccc21,1.79119,6.7205955355241995
[Li]<-P(CC(C)(C)C)c1ccccc1,3.036500000000001,4.051921484844995
[Li]<-n1c(N)[nH]c2ccccc2c1=O,0.5053000000000001,9.719023717494803
[Li]<-n1cc(-c2ccccc2)sc1N,2.3923000000000005,5.641123355799723
[Li]<-n1cn2cc([N+](=O)[O-])ccc2n1,0.6374999999999998,6.800773168834016
[Li]<-O=C(C)N1CCc2ccccc21,1.5956,5.4263473268395055
[Be]=C1NC(c2ccccc2)ON1C,1.1480899999999998,6.1662552286129735
[Li]<-N(=Cc1ccc(Cl)cc1)C(C)C,3.167300000000002,9.693044840644719
[Li]<-[O-][n+]1cc(C)cc2ccccc21,1.78162,1.624002339976093
[Li]<-n1cc2c(N)c[nH]c2cc1C=O,0.9576000000000002,9.318680093672345
[Li]<-P(O)(c1ccccn1)C(C)(C)C,1.8946,5.00660541557868
[Li]<-N(O)=C(C)C(=O)c1ccccc1,1.7194,6.970172033505782
[Li]<-N(C)=C(NCC(=O)OC)C(C)=O,-0.6337000000000006,7.389913944766607
[Li]<-n1cnc2[nH]c(C)c(O)c(=O)n21,-0.56838,8.639551537770327
[Li]<-P(O)(c1cnc(C)[nH]1)C(C)(C)C,1.5311199999999998,5.00660541557868
[Li]<-N1=Cc2ccccc2C1OCC,2.1542000000000003,8.808950402442093
[Li]<-n1ccn(Cc2ccccn2)c1,1.3263999999999998,7.265125695775816
[Li]<-N1CC(=O)C(C)(C(=O)OC)C1C,-0.2735000000000003,6.015488102772097
[Li]<-N#CCNCc1ccnc(Cl)c1,1.34818,3.6775567378726213
[Li]<-N1=C(C)N(CC(C)=O)CC1(C)C,1.0879999999999996,12.656672553593957
[Li]<-O=C(N)Nc1ccc(C)c(C)c1,1.79404,4.961994799897705
[Li]<-n1c(C(S)S)sc2ccccc21,3.1545,12.204161736561089
[Li]<-n1cn(C)c2c(C#N)cccc21,1.4449799999999997,7.140337446785025
[Li]<-N1=NN(c2ccccn2)CC1=O,0.7953999999999999,7.880245348558493
[Li]<-S=C(Nc1ccccc1)C(N)=S,1.712,1.963566617927102
[Li]<-n1cc(C)cn1C(C)C(=O)CN,0.2803199999999998,8.979115815721336
[Be]=C1CN(C([SiH3])[Si](C)(C)C)CN1C,-0.2010100000000003,6.925561417824807
[Li]<-n1ccc(CCC(=O)OC)cc1,1.1872,7.604689973726825
[Li]<-S=C1NC(=O)CC(=O)N1C(C)C,0.0281999999999998,1.8387783689363106
[Li]<-S=C1NC(C)=C(C(N)=O)C(C)N1,-0.3881000000000003,1.8387783689363106
[Li]<-P(O)(C=C(C)C)c1ccccc1,2.6248000000000005,5.1313936645694715
[Li]<-n1nc(-c2ccccn2)[nH]c1N,0.4488999999999998,8.175199010828527
[Li]<-N1CCCC1Cc1ccccc1,1.9811,6.015488102772097
[Li]<-n1ccc(-n2ccnc2)c(C)c1,1.5757199999999998,7.604689973726825
[Li]<-N1=CC=CC(c2ccccc2)C1,2.4108,7.729478222717616
[Li]<-S=c1[nH]ccn1-c1ccccn1,1.92989,1.8387783689363106
[Li]<-n1c(-c2ccccn2)ccn1C,1.4820999999999998,8.854327566730545
[Li]<-n1cc(-c2ccoc2)n(CO)c1,1.0929,7.265125695775816
[Li]<-NCc1ccc(C(=O)O)c(N)c1,0.4257,2.462719613890267
[Li]<-N1CN(Cc2cccs2)C=C1N,0.8684000000000001,7.389913944766607
[Li]<-S=C(C)Nc1cccc(OC)c1,2.4544000000000006,1.963566617927102
[Li]<-N(CC)=C(C(F)(F)F)C(F)(F)F,2.571900000000001,9.443468342663136
[Li]<-n1cc(-c2ccccc2)c(C)[nH]1,2.385120000000001,7.265125695775816
[Li]<-P(Cc1ccccc1)C(C)(C)C,3.6636000000000015,4.051921484844995
[Li]<-N#Cc1cccc(S(C)(=O)=O)c1,0.96178,1.8387783689363106
[Li]<-O=C(O)C1C(C(=O)O)CCN1C,-0.5240999999999998,5.00660541557868
[Li]<-p1c(C)cc(C)cc1C=C(C)C,4.306740000000003,3.6775567378726213
[Li]<-n1c(CO)ccc2ccccc21,1.7270999999999996,11.032670213617864
[Be]=C1N(CC)C=CN1C(C)OCC,1.47389,6.675984919843224
[Be]=C1NCN(C(C)O)C1(N)C(C)=O,-1.5298099999999994,10.138765628755628
[Li]<-n1c(C)sc2cc(CCl)ccc21,3.3435200000000016,12.204161736561089
[Li]<-Nc1c(C)cc(C)cc1C(N)=O,0.9845400000000002,2.2131431159086845
[Li]<-n1ccccc1C(=O)NC1CC1,0.9738,9.318680093672345
[Li]<-O=Bc1ccccc1CN(C)C,0.4232,2.4827127095377124
[Li]<-P(=CC(C)(C)C)c1ccccc1,3.1064000000000016,3.9271332358542037
[Li]<-N1C=CN(C(C)C(=O)OCC)C1,0.2718999999999998,7.514702193757399
[Be]=C1N(CC)C(Cl)=C2NC=CCN12,1.10249,6.675984919843224
[Li]<-NCc1ccccc1C(F)(F)F,2.1641000000000004,4.176709733835787
[Be]=C1N(C)C=CN1c1ccccc1,1.90589,6.675984919843224
[Li]<-n1cc(C)c(-c2ccccc2)[nH]1,2.385120000000001,7.265125695775816
[Be]=C1NC(N)(C(=C)OC)CN1CC,-0.2771099999999997,6.800773168834016
[Li]<-n1cn(CCc2ccsc2)cn1,1.5823,6.800773168834016
[Be]=C(N)Nc1cc(C)c(C)cc1C,1.97875,5.336359546870079
[Li]<-NCc1cncc2ccccc12,1.6935,2.3379313648994757
[Li]<-O=C(c1ccccc1C)N(C)C,1.69682,5.301559077848714
[Li]<-n1ccn2c1C(=O)C(C)C2CO,0.2488999999999999,7.140337446785025
[Li]<-n1ccccc1C1NC(=O)CO1,0.2265999999999999,9.318680093672345
[Li]<-O=C(c1ccsc1)c1cccs1,3.0406000000000013,5.516335106808932
[Li]<-n1ccc(C(N)(N)C(O)O)cc1,-1.5375000000000003,7.604689973726825
[Be]=C1NC=NN1Cc1ccccc1,1.0313899999999998,6.4612088908830065
[Li]<-n1cccc(C(=O)NC(C)O)c1,0.1497,7.604689973726825
[Li]<-N1CC2CCC2CC1C(C)(C)C,2.4206000000000003,6.015488102772097
[Li]<-n1cccc(CNC(=O)OC)c1,0.9376,7.604689973726825
[Li]<-n1ccc(CNC(=O)OC)cc1,0.9376,7.604689973726825
[Li]<-n1ccn(-c2cccc(O)c2)c1,1.5779,7.265125695775816
[Be]=C1N(C)C(C#N)=C(C(C)C)N1C,1.25107,6.675984919843224
[Li]<-S=C1CN(C(C)C)CN1C(C)C,1.7057,1.8387783689363106
[Be]=C=Cc1cccc(OC)c1OC,2.02699,3.8023449868634125
[Be]=C(N)C1=CC(O)(O)CC(OC)=C1,-0.4748099999999997,5.4263473268395055
[Li]<-S=C(NC(C)(C)C)N(CC)CC,2.0012,2.0883548669178933
[Li]<-S(Cc1ccsc1)c1ccsc1,4.101900000000001,3.9271332358542037
[Li]<-n1ccc(C(C)=NN(C)C)cc1,1.3672,7.604689973726825
[Be]=C1NC(N)=CN1C(C)C(=O)OC,-0.7930099999999991,6.800773168834016
[Li]<-N1=CC(c2ccccc2)=CC1C,2.5429000000000004,9.568256591653928
[Li]<-NC(C)c1ccc(C(=C)C)cc1,2.7394000000000007,2.2131431159086845
[Li]<-n1ccc(-c2c[nH]cc2C)cc1,2.385120000000001,7.604689973726825
[Li]<-P(O)(C1CCCCC1)C(C)(C)C,3.506800000000002,5.1313936645694715
[Li]<-[O-][n+]1cccc2ccc(C)cc21,1.7816199999999998,1.624002339976093
[Li]<-Nc1cccc(-c2ccsc2)c1,2.997300000000001,2.0883548669178933
[Li]<-n1nccn1Cc1ccncc1,0.7213999999999998,8.514763288779536
[Li]<-n1cc(C#C)cc2ccccc21,2.2161,9.318680093672345
[Li]<-S=c1[nH]nc(-c2ccccc2)s1,2.8676900000000005,1.8387783689363106
[Li]<-N1C(N)C=NC12CC=CC2OC,-0.3835999999999994,7.265125695775816
[Li]<-n1ccc(-c2n[nH]c(C)n2)cc1,1.17512,7.604689973726825
[Li]<-[As](CC)(CCO)c1ccccc1,1.4005999999999998,5.890699853781306
[Li]<-n1ccc(N2CCCC2)cc1C,1.99022,9.318680093672345
[Li]<-N1=CN(C(C)C(=O)O)CC1(C)C,0.5820000000000001,10.942682433648438
[Li]<-n1csc(-c2ccccc2)c1N,2.3923000000000005,11.98938570760087
[Be]=C(Sc1cccc(C)c1)N(C)C,2.645010000000001,8.187040720737459
[Li]<-n1cccc(NS(C)(=O)=O)c1C,0.76152,9.318680093672345
[Li]<-n1ccc(C=CC(C)(C)C)cc1,3.140900000000001,7.604689973726825
[Li]<-O=c1c(-c2ccoc2)c1N(C)C,1.2484,1.8387783689363106
[Li]<-[nH]1ncc(C(C)C)c1C(C)(C)C,2.8306000000000013,7.140337446785025
[Be]=C1OC(C)=CN1c1ccccc1,2.38079,6.3810312575731905
[Li]<-P(N(C)C)(C(F)(F)F)C(F)(F)F,2.9845000000000006,5.176770828857923
[Li]<-S(Cc1ccc(C)cc1)C(C)C,3.6366200000000015,4.051921484844995
[Li]<-P1(CC(C)=O)CC1C(=O)N(C)C,0.5277000000000001,5.765911604790515
[Li]<-N1=CSCC1n1nccc1C=C,1.7998,12.114173956591662
[Li]<-n1cccc(-c2nc(C)c[nH]2)c1,1.7801199999999997,7.604689973726825
[Be]=C1NC2(C)C=CC=CC2(C)N1C,1.16109,6.800773168834016
[Li]<-n1ccncc1C=C(C)OCC,1.8739,9.318680093672345
[Li]<-S=C(C)Nc1c(C)cccc1C,3.062640000000002,1.8387783689363106
[Be]=C1NC(N)=C(Nc2c[nH]cn2)N1,-0.90401,6.925561417824807
[Li]<-P(F)C1(C)C(C)=C(C)C(C)=C1C,3.994500000000002,2.7393012423221075
[Li]<-n1ccc(-c2c[nH]c(N)n2)cc1,1.0538999999999998,7.604689973726825
[Be]=C1Nc2cc(C)c(C)cc2N1C,2.16143,6.800773168834016
[Li]<-n1ccc(-c2ncc(N)[nH]2)cc1,1.0539,7.604689973726825
[Li]<-n1ccc(C=NNC(N)=O)cc1,0.0837999999999994,7.604689973726825
[Be]=C1N(CCOC)C=CN1C(C)C,1.12629,6.675984919843224
[Li]<-N(=C(C)C)C(C)c1ccccc1,3.228400000000001,11.157458462608655
[Li]<-n1cnn2c1NC(C)=C(C)C2C,1.5585,6.800773168834016
[Li]<-N1=COC(C)(c2ccccc2)C1,1.9603,7.094960282496573
[Li]<-N(CCO)=C1C=CC(F)(F)C=C1,1.181,9.443468342663136
[Li]<-S=c1[nH]c([N+](=O)[O-])cn1C(C)C,2.03479,1.8387783689363106
[Be]=C1N(CC=C)CCN1CCOC,0.43269,6.675984919843224
[Be]=C1CN(C(C)C)C2(CCCN2)N1,0.3759899999999999,7.17513791580639
[Li]<-n1cccc(-c2cnc(N)[nH]2)c1,1.0538999999999998,7.604689973726825
[Li]<-N(CC(=O)OCC)CC(F)(F)F,0.7014,4.301497982826578
[Li]<-n1ccn(-c2ccccc2Br)c1,2.6348000000000003,7.265125695775816
[Be]=C1NC=C(N)N1C(C)C(=O)OC,-0.7930099999999991,6.800773168834016
[Li]<-n1oc(-c2ccncc2)cc1N,1.3188,8.219809626509502
[Li]<-S=C(NN=CC(C)=O)NC(C)C,0.4336999999999998,1.8387783689363106
[Li]<-n1cccc(N(CC)CC)c1C,2.2362200000000003,9.318680093672345
[Be]=C1N(C)C=CN1CC(C)(C)OC,1.12629,6.675984919843224
[Li]<-O=C(CN(C)C)c1ccccc1,1.4309,5.765911604790515
[Li]<-n1ccc2c(C(C)=O)c[nH]c2c1,1.7654999999999998,7.604689973726825
[Li]<-n1cccc(C2NCCC2N)c1,0.4432999999999994,7.604689973726825
[Li]<-O=C(OC)c1ncn2c1CCC2,0.6159000000000001,5.00660541557868
[Li]<-NCCc1ccc([N+](=O)[O-])cc1,1.096,2.3379313648994757
[Li]<-OCc1ccc(CN(C)C)cc1,1.2405,2.2131431159086845
[Li]<-n1ccc(-c2ccccc2)nc1,2.1436,7.265125695775816
[Li]<-S=C(NCCO)c1ccccc1,0.944,1.8387783689363106
[Li]<-N(=C(C)C)c1cc(C)cc(C)c1,3.415740000000002,11.032670213617864
[Be]=C1NC(C)(N)C2C=CCC(=O)N12,-0.5821099999999999,6.800773168834016
[Li]<-N#Cc1cc(I)cc(C(C)C)c1,3.2862800000000023,1.8387783689363106
[Be]=C1N(C)C=CN1c1ncccn1,0.6958900000000001,6.675984919843224
[Be]=C1CC(C)(N)N1c1ccccc1,1.6103900000000002,5.4263473268395055
[Li]<-n1ccn(CCSC(C)(C)C)c1,2.4148000000000005,7.265125695775816
[Li]<-N1CC1C(S)c1ccc(C)cc1,1.93772,4.176709733835787
[Li]<-S=c1[nH]c(-c2ccccc2)cs1,3.472690000000001,1.8387783689363106
[Li]<-n1ccc(NS(C)(=O)=O)c(C)c1,0.76152,7.604689973726825
[Li]<-n1[nH]c2cccc(OC)c2c1C,1.87992,7.140337446785025
[Li]<-n1ccc(C2NC=NC2N)cc1,0.0389999999999994,7.604689973726825
[Li]<-n1cccc(COCCCO)c1,0.9806,7.604689973726825
[Li]<-n1cc(C)cc2ccc(C)cc21,2.8516400000000006,9.318680093672345
[Li]<-N#Cc1ccccc1C=NOC,1.53858,1.8387783689363106
[Li]<-S=c1[nH]cc(C(C)C)n1C(C)C,3.2499900000000013,1.8387783689363106
[Li]<-N1=CN(C2OC(C)CC2C)CC1,1.1013,7.389913944766607
[Li]<-n1c(N)sc2ccc(OC)cc21,1.8871,12.204161736561089
[Li]<-P(Cl)(c1ccc(C)cc1)C(C)C,3.6644200000000025,8.24752266250437
[Li]<-S=C(C(=O)OC)c1ccccc1,1.5776,1.8387783689363106
[Li]<-n1cc2c(n1C(C)O)CCC=C2,1.3533000000000002,8.979115815721336
[Li]<-P1(C(C)(C)C)CC(C(F)(F)F)O1,3.142900000000002,6.970172033505783
[Li]<-N1=CN(c2ccncc2Br)CC1,1.6923999999999997,7.389913944766607
[Li]<-P(C)=Cc1cc(C)c(C)cc1C,3.338160000000002,4.176709733835787
[Li]<-P(=C1CCCC1)c1ccccc1,3.004500000000001,3.6775567378726213
[Li]<-[nH]1c(C(=O)O)nc2ccccc21,1.2611,7.140337446785025
[Li]<-OC(C)Nc1cccc(OC)c1,1.4453999999999998,2.2131431159086845
[Li]<-N(Cc1ccc(C)cc1)=C(C)C,2.975820000000001,9.443468342663136
[Li]<-NCC(C)Nc1ccccc1C,1.75412,2.3379313648994757
[Be]=C1CN(C(C)C)C(N)(C(C)C)N1,0.60729,7.050349666815598
[Li]<-N1C(N)C2c3ccccc3SC21,1.0900000000000003,5.890699853781306
[Be]=C=Nc1cnnc(C(C)(C)C)c1,1.8602,3.337992459921612
[Li]<-N1CC(N)(CC)c2ccccc21,1.6761,7.729478222717616
[Li]<-n1ccc(C(=O)NOCC)cc1,0.7629000000000001,7.604689973726825
[Li]<-S=C(C(=O)NC)c1ccccc1,1.1506,1.8387783689363106
[Li]<-n1cc2cc(C(=O)O)ccc2[nH]1,1.2611,7.265125695775816
[Li]<-O=Cc1c(OC)cccc1OC,1.5162999999999998,3.8023449868634125
[Li]<-P1(OC(C)C)OC=CC(C)(C)O1,2.977400000000001,3.737569535136596
[Be]=C1N(CCCC)C=CN1C(C)C,2.2799900000000006,6.675984919843224
[Li]<-S=c1c(C(=O)OC)c1C(F)(F)Cl,2.366390000000001,1.8387783689363106
[Be]=C1NC=CN1Cc1ccccc1,1.55929,6.800773168834016
[Li]<-S=c1[nH]cc(N)n1CC(=O)OC,0.30089,1.8387783689363106
[Li]<-NCc1ccnc(O)c1C(C)=O,0.4485,2.462719613890267
[Li]<-NCC(C)(C)c1ccc(Cl)cc1,2.5763000000000007,2.3379313648994757
[Li]<-S(C(C)=CC)c1ccccc1F,3.8415000000000017,3.6775567378726213
[Li]<-S=C(Nc1ccccc1)C(C)N,1.7731,1.963566617927102
[Li]<-N=CC(=C)c1cccc(OC)c1,2.357970000000001,3.9271332358542037
[Li]<-n1cn(C(C)C)c2cncnc21,1.4071999999999998,8.639551537770327
[Li]<-Nc1cccc(C#N)c1[N+](=O)[O-],1.0486799999999998,2.0883548669178933
[Li]<-n1cncn1Cc1cccnc1,0.7213999999999999,6.800773168834016
[Li]<-n1cn(-c2ccccc2)nc1C,1.5757199999999998,6.800773168834016
[Be]=C1C=C2CCCCC2=C(OC)O1,2.4137900000000005,6.845383784514992
[Li]<-n1ccc(CO)c(CN(C)C)c1,0.6355000000000002,7.604689973726825
[Li]<-N1=C(C#N)NCc2ccccc21,1.3433799999999998,10.693105935666855
[Li]<-S=C(C)NN=C(C)c1cccs1,2.4090000000000007,1.8387783689363106
[Li]<-n1cccc(C2=NCCN2C)c1,0.7736,7.604689973726825
[Li]<-n1cccc(-c2[nH]cnc2N)c1,1.0539,7.604689973726825
[Li]<-N1=COC(C)C1c1ccccc1,2.1747000000000005,8.808950402442093
[Li]<-N#Cc1nc2cc(Cl)ccc2[nH]1,2.08798,3.6775567378726213
[Li]<-n1c[nH]c2c(C(C)C)cccc21,2.6863,7.140337446785025
[Be]=C(c1ccccc1)n1cccn1,1.81829,10.353541657715846
[Li]<-n1ccn(-c2cccc(C)n2)c1,1.57572,7.265125695775816
[Li]<-n1ccsc1C=C(C)N(C)CC,2.4556000000000004,10.49017161661557
[Li]<-P(C)(OC(C)=O)c1ccccc1,1.9017,5.256181913560263
[Li]<-S1CC(C)(C)C(C)(C(F)(F)F)C1,3.328000000000002,4.176709733835787
[Be]=C1Cc2cc(OC)ccc2N1C,1.72629,7.265125695775816
[Li]<-S=c1[nH]c2cc(OC)ccc2s1,2.967490000000001,1.8387783689363106
[Li]<-P(C)(c1ccoc1)c1ccoc1,1.9351,5.890699853781306
[Li]<-n1cccc(C2CCCNC2)c1,1.5486,7.604689973726825
[Li]<-Nc1ccncc1-c1ccsc1,2.3923000000000005,2.0883548669178933
[Be]=C1C(c2ccccc2)=C1N(C)C,2.05419,3.6775567378726213
[Li]<-n1cccc2c(Br)cc(N)cc21,2.5795000000000003,9.318680093672345
[Li]<-N(=Cc1ccc(N)cc1)C(C)C,2.0961,9.443468342663136
[Li]<-n1c(C)ccn1Cc1cccs1,2.3013200000000005,8.854327566730545
[Be]=C1N(CC)C=CN1CC=C(C)C,2.0575900000000003,6.675984919843224
[Li]<-N1=CN(C)C(c2ccncc2)C1,1.0964,7.389913944766607
[Be]=C1N(CCCC)CCN1C(C)C,1.80879,6.675984919843224
[Li]<-O=C(C)Oc1c(C)cccc1C,2.22874,4.88181716658789
[Li]<-N1=CN(Cc2ccccn2)CC1,0.9255,7.389913944766607
[Li]<-PC(NC1CCCCC1)C(=O)O,1.1945,2.3379313648994757
[Li]<-NC(CO)C(=C)c1ccccc1,1.0194,2.3379313648994757
[Li]<-n1c(N)sc2c(C#N)cccc21,1.7501799999999998,12.204161736561089
[Li]<-n1c(C(C)O)[nH]c2ccccc21,1.6161999999999996,7.0155491977942335
[Li]<-P1OCC(C)(C)C(C)(C(C)C)O1,2.982600000000001,2.658097355412119
[Li]<-n1ccn(C(C)c2ccsc2)c1,2.5539000000000005,7.265125695775816
[Li]<-n1cncn1Cc1ccncc1,0.7213999999999998,6.800773168834016
[Li]<-n1ccc(-c2nc[nH]c2C)cc1,1.78012,7.604689973726825
[Be]=C(NN(C)C)c1ccc(C)cc1,1.44811,8.639551537770327
[Li]<-n1cc(C)c(C)c2ccccc21,2.851640000000001,9.318680093672345
[Li]<-O=C(C)N(CC)c1ccccc1,2.0594,5.176770828857923
[Li]<-O=C(C)N1Cc2ccccc2C1,1.5487000000000002,5.176770828857923
[Li]<-NC(C)n1ncc2ccccc21,1.5134999999999998,3.837145455884777
[Li]<-NCc1cc(C)cc(C(N)=O)c1,0.5526200000000001,2.462719613890267
[Li]<-N#Cc1ccccc1OCC#N,1.46066,1.8387783689363106
[Li]<-N=C(C(=O)OC)c1ccccc1,1.22747,5.765911604790515
[Li]<-Nc1c(C)cc(C)cc1CCO,1.42044,2.0883548669178933
[Li]<-P(Cl)(c1cccc(C)c1)C(C)C,3.6644200000000025,8.24752266250437
[Li]<-PCc1ccc2ccccc2c1,3.214900000000002,2.3379313648994757
[Li]<-n1ccn(Cc2ccncc2)c1,1.3263999999999998,7.265125695775816
[Li]<-N1CCNCCN(C(C)C)CC1,-0.1103999999999985,4.42628623181737
[Li]<-S=c1[nH]nc(C)n1CC(=O)OC,0.4221099999999999,1.8387783689363106
[Li]<-n1cn(CC(=O)OCC)cc1C,0.7546200000000002,7.140337446785025
[Li]<-S1CC(F)(C(F)(F)F)CC1(C)C,3.172500000000002,3.9271332358542037
[Li]<-NC(C)(C)c1cccc(OC)c1,1.889,2.0883548669178933
[Be]=C1NC=C(N)N1CC(=O)N(C)C,-1.2663099999999985,6.800773168834016
[Li]<-N1Cc2ccccc2C(=O)C1N,0.2572999999999997,4.176709733835787
[Li]<-P(O)(c1sccc1C)C(C)(C)C,2.8695200000000014,5.00660541557868
[Li]<-n1cnn(Cc2ccccc2)c1,1.3263999999999998,6.925561417824807
[Li]<-S(c1ccccc1)C(C)C(C)C,3.8232000000000026,3.8023449868634125
[Li]<-n1ccn(C(=C)c2ccc[nH]2)c1,1.7302,7.265125695775816
[Li]<-N(=Cc1c[nH]c(C)n1)C(C)(S)S,1.6703199999999996,7.479901724736034
[Li]<-Nc1cccc(N2CCCC2)c1,1.869,2.0883548669178933
[Be]=C1N(CC)C=CN1C(C)SCC,2.1904900000000005,6.675984919843224
[Li]<-N1=CON(C)C1c1ccccc1,1.5905,8.469386124491084
[Li]<-n1cccc(-c2c[nH]cc2C)c1,2.38512,7.604689973726825
[Li]<-n1cccc(C(=N)N(C)C=O)c1,0.49517,7.604689973726825
[Li]<-NCc1cccc(SC(C)C)c1,2.6457999999999995,2.3379313648994757
[Li]<-P1(C)CN2CN(C)CN(C1)C2N,-0.2665999999999991,5.765911604790515
[Li]<-n1ccc(C=NC(C)(C)C)cc1,2.2990000000000004,7.604689973726825
[Li]<-S(Cc1ccccc1)CN(C)C,2.4389000000000003,4.176709733835787
[Li]<-n1cn(Cc2ccccn2)cn1,0.7213999999999998,6.800773168834016
[Li]<-N1=C(N)OCC1c1ccccc1,1.0726,10.183376244436603
[Li]<-O=C(C)Nc1ccc(C)c(C)c1,2.2618400000000003,5.301559077848714
[Be]=C(NC)Nc1c(C)cccc1C,1.93103,6.925561417824807
[Be]=C1Nc2c(SC)cccc2N1C,2.26649,6.800773168834016
[Be]=C1CN(c2ccccc2)C(N)N1,0.3772899999999993,7.050349666815598
[Li]<-N=C1C=CC2(C=CC=CC2)C=C1,2.6346700000000007,5.641123355799723
[Li]<-n1nn(CCO)c2ccccc21,0.4235999999999997,8.514763288779536
[Li]<-O=C(c1cccc(C)c1)N(C)C,1.69682,5.4263473268395055
[Li]<-P1(c2ccccc2)C(C=C)N1C,2.1663,5.176770828857923
[Li]<-n1c(C#CC)sc2ccccc21,2.667700000000001,12.204161736561089
[Be]=C1N(C)C=CN1CCC(=O)OC,0.2643899999999997,6.675984919843224
[Li]<-N(=CC(C)=O)c1ccc(F)cc1,2.117,9.318680093672345
[Li]<-N(=Cc1ccccc1Cl)C(C)C,3.167300000000002,7.604689973726825
[Li]<-S=C(Nc1ccccc1)C(=C)C,3.0020000000000007,2.0883548669178933
[Li]<-S=Cc1c(N)cccc1C(=O)O,1.3148000000000002,1.963566617927102
[Be]=C1N(CC)C=CN1C(C)=C(C)C,2.40519,6.675984919843224
[Li]<-S1CC(C)c2c(OC)cccc21,2.9044000000000016,3.9271332358542037
[Li]<-n1cccc(-c2ccncc2)c1,2.1436,7.604689973726825
[Be]=C(NC1CCCCC1)C(=C)OC,2.10759,8.344597875500293
[Li]<-n1cn(CCOCCOC)cn1,-0.0589000000000003,6.800773168834016
[Li]<-O=c1[nH]nc(-c2ccccc2)s1,1.4983999999999995,3.337992459921612
[Li]<-P(=Cc1ccccc1)C(C)=CC,3.706800000000002,3.8023449868634125
[Li]<-S(C)CC(Cl)(C(F)F)C(F)(F)F,3.1544000000000008,4.301497982826578
[Li]<-N(C=C(C)C)c1cccc(F)c1,3.1613000000000016,3.9271332358542037
[Be]=C1SC(c2ccccc2)=CN1C,2.6598900000000008,8.187040720737459
[Li]<-P1(CC(C)(C)C)CC1C(F)(F)F,3.4589000000000025,5.765911604790515
[Li]<-N1=NNC2CCCCCCC21N,1.3345999999999998,10.138765628755628
[Li]<-Nc1cccc(C(=O)O)c1CC,1.5294,2.2131431159086845
[Li]<-Nc1ccccc1C=C(N)C#N,1.0919800000000002,2.0883548669178933
[Be]=C1N(CC=C)C=CN1CCCC,2.0575900000000003,6.675984919843224
[Li]<-n1ccc(-c2nnc(N)[nH]2)cc1,0.4488999999999998,7.604689973726825
[Li]<-n1cnn(-c2ccccc2)c1C,1.57572,8.639551537770327
[Li]<-P(C)(Oc1ccccc1)N(C)C,2.5687000000000006,4.916617635609254
[Li]<-S=C(Nc1ccccc1)C(N)=O,0.9111999999999998,1.963566617927102
[Be]=C1Oc2cc(I)ccc2N1CC,2.506190000000001,6.3810312575731905
[Li]<-n1c(C)oc2c(C)cc(C)cc21,2.7530600000000014,6.7205955355241995
[Li]<-NCc1ccc(OC)c(OC)c1,1.1625,2.3379313648994757
[Be]=C1N(C)C=CN1Cc1ccsc1,1.96299,6.675984919843224
[Li]<-N1=CSC(n2cc(C)c(N)n2)C1,1.0474199999999998,10.739748114597152
[Li]<-N(C)=CNc1cc(C)cc(C)c1,2.3734400000000004,5.675923824821088
[Be]=C1c2ccccc2CCN1CC,1.95149,8.854327566730545
[Li]<-n1ccc(-c2nccn2C)cc1,1.4820999999999998,7.604689973726825
[Be]=C1NCC2CCCN1C2(N)[SH]=O,-1.1443100000000004,8.639551537770327
[Li]<-S=C(C)NCc1cccc(Br)c1,2.886000000000001,1.8387783689363106
[Li]<-P1(C(C)C)OC1c1ccccc1,3.520700000000001,4.881817166587889
[Li]<-Nc1ccc(C(=C)C(=O)O)cc1,1.3666,2.0883548669178933
[Li]<-n1c(C)ccc2ccc(C)cc21,2.8516400000000006,11.032670213617864
[Li]<-P(Cl)(C(=O)OC)c1ccccc1,2.7140000000000004,8.122734413513578
[Li]<-n1cc2cc(C(N)=O)ccc2[nH]1,0.6617999999999999,7.265125695775816
[Li]<-n1cccc(-c2scnc2C)c1,2.5135200000000006,7.604689973726825
[Be]=C1NC=CN1CC1CCCCC1,1.93939,6.800773168834016
[Li]<-n1c(-c2scnc2O)csc1N,1.5543999999999998,11.86459745861008
[Li]<-S1CCN(c2ccccc2)CC1,2.2398,4.176709733835787
[Li]<-N1CCC(c2ccccc2)CC1,2.1536,4.301497982826578
[Be]=C1CC2(NC1N)OCC(C)(C)O2,-0.1750099999999997,9.0139162847427
[Li]<-S=c1[nH]c2ccccc2n1CC,2.718790000000001,1.8387783689363106
[Be]=C1CN(C(C)(C)C)C2CCCN12,1.56119,6.925561417824807
[Li]<-n1nnn(C)c1-c1ccccn1,0.2720999999999998,6.336420641892215
[Li]<-n1cccc(Cc2cccs2)c1,2.733900000000001,7.604689973726825
[Li]<-O=c1ccn(CC)c(C(C)C)c1,1.9916,5.641123355799723
[Li]<-n1cccc(-c2ccc(C)s2)c1,3.118520000000001,7.604689973726825
[Li]<-n1ccc(Cn2cccn2)cc1,1.3264,7.604689973726825
[Li]<-NC(C)c1ccc(C(C)=O)cc1,1.9089,2.2131431159086845
[Be]=C(c1ccccc1)n1ccnc1,1.81829,10.693105935666855
[Be]=C1N(C(C)(C)C)C(N)NC1(C)C,0.7497900000000002,10.353541657715846
[Li]<-S=c1[nH]c(CC(=O)C=C)nn1C,0.7752899999999998,1.8387783689363106
[Li]<-n1csc(-c2cccc(C)c2)n1,2.5135200000000006,10.15060733866456
[Li]<-Nc1cc(I)ccc1C(F)(F)F,2.8922000000000008,2.0883548669178933
[Li]<-O=c1[nH]c(CC)c(CC)n1CC,1.3210999999999995,4.837206550906914
[Li]<-n1cc2ccccc2cc1C=O,2.0473,9.318680093672345
[Be]=C1NC2=C(C=CNC2)N1C(C)C,0.6247900000000001,6.800773168834016
[Li]<-n1cc(O)cc(C=NC(C)=O)c1,0.7525999999999999,7.604689973726825
[Li]<-N(=C(C)C)c1cccc(OC)c1,2.807500000000001,11.032670213617864
[Li]<-Nc1cc(OC)cc(C(=O)O)c1,0.9756,2.0883548669178933
[Li]<-n1ccn(CCC(=C)c2ccccc2)c1,2.986600000000002,7.265125695775816
[Li]<-n1cn(C(C)C)c2c(N(C)C)ncnc21,1.4731999999999998,8.639551537770327
[Be]=C1N(CC)C=CN1c1ccc(SC)cc1,3.0178900000000013,6.675984919843224
[Be]=C1CN(c2ccc(C)c(C)c2C)C(=O)N1,2.18025,7.050349666815598
[Be]=C(Nc1cccc(I)c1)c1ccccc1,3.7901900000000017,8.979115815721336
[Li]<-n1cccc2c(-c3ccsc3)cncc21,3.3583000000000016,9.318680093672345
[Li]<-n1cccc(-c2cn[nH]c2C(F)(F)F)c1,2.4905,7.604689973726825
[Be]=C1N(Cc2ccccn2)C=CN1C(C)C,2.07509,6.675984919843224
[Li]<-n1nc(C)n(-c2ccccc2C(N)=O)n1,0.0696200000000001,6.336420641892215
[Li]<-n1ccn(-c2cccc3ccccc23)c1,3.025500000000001,7.265125695775816
[Li]<-s1c2cc(C)ccc2c2ccc(C)cc21,4.671340000000003,3.6775567378726213
[Li]<-n1ccc(Cc2ccc(OC)cc2)cc1,2.681000000000001,7.604689973726825
[Li]<-n1cccc(C(S)(S)c2cccnc2)c1,2.5373,7.604689973726825
[Be]=C1N(C)C(C#C)=C(c2cccnc2)N1C,1.2568899999999998,6.675984919843224
[Li]<-N=c1[nH]c(N)c(-c2ccccc2OC)[nH]1,1.08007,4.961994799897705
[Li]<-n1ccn(-c2cc(C)c(C)c(OC)c2)c1,2.4977400000000003,7.265125695775816
[Li]<-S=c1[nH]ccn1-c1ccc(C)c(C)c1C,3.4601500000000023,1.8387783689363106
[Li]<-S=c1[nH]nc(-c2ccc(C(C)C)cc2)s1,3.9910900000000025,1.8387783689363106
[Li]<-n1cccc(-c2ccc([N+](=O)[O-])cc2)c1,2.6568000000000005,7.604689973726825
[Li]<-O=C(O)C1c2cccc(C)c2CNC1C,1.65492,5.00660541557868
[Be]=C(C)Nc1cccc(-c2ccccc2)c1,3.8241900000000015,5.675923824821088
[Li]<-n1ccc(C=NCC(=O)NC)c(OC)c1,0.2550999999999992,7.604689973726825
[Li]<-S=c1n(-c2ccccc2)nc(C)n1CC,2.7316100000000008,1.8387783689363106
[Li]<-P(C)(c1ccccc1)C1CCC(O)CC1,2.727100000000001,6.015488102772097
[Be]=C1Nc2cc(F)c3ccccc3c2N1C,2.836890000000001,6.800773168834016
[Be]=C1N(c2cc(Cl)ncn2)C=CN1C(C)C,2.12789,6.675984919843224
[Li]<-N(=Cc1ccncc1)c1ccc(C)cc1,3.140620000000001,9.318680093672345
[Li]<-n1cccc(-c2nc3ccccc3o2)c1,2.889800000000001,7.604689973726825
[Li]<-n1cccc(Cc2ccc(C)c(C)c2)c1,3.289240000000002,7.604689973726825
[Li]<-n1nc(C)n(-c2ccc(C(C)=O)cc2)n1,1.17332,6.336420641892215
[Li]<-n1cccc(C(C)=Nc2ccccc2)c1,3.222300000000001,7.604689973726825
[Li]<-NC(C)C1OCc2c(C)cccc2C1=O,1.42372,2.2131431159086845
[Be]=C1NC=C(N)N1CC(=O)c1ccccc1,0.5283899999999997,6.800773168834016
[Be]=C1NC(=O)N(c2ccccc2)C(C)=C1N,1.4451900000000002,8.639551537770327
[Be]=C1NC(C)=C(Oc2cccc(OC)c2)S1,2.5956900000000003,8.31182896972825
[Li]<-p1ccc(C(C)=O)cc1-c1ccccc1,4.136300000000003,3.8023449868634125
[Li]<-O=C(C)N1CC(=O)C(c2ccccc2)C1,1.2014,5.176770828857923
[Be]=C1NC2=C(CNC=C2)N1C1CCCCC1,1.5490899999999996,6.800773168834016
[Li]<-n1ccc(C(=NC)c2ccccc2)cc1,2.548800000000001,7.604689973726825
[Li]<-O=Cc1cc(=O)oc2cc(OC)ccc12,1.6141,3.9271332358542037
[Li]<-P(C(F)(F)C(F)(F)F)C(F)(F)C(F)(F)F,3.9751,3.8023449868634125
[Be]=C1N(CC)C=CN1c1cc(F)ccc1F,2.5741900000000006,6.675984919843224
[Li]<-n1cn(C(C)O)c2c(=O)n(C)c(=O)[nH]c21,-1.0659,8.639551537770327
[Li]<-n1ccc(-c2ccc(O)c(C(C)C)c2)o1,3.1706000000000025,6.845383784514992
[Be]=C1N(C)C=CN1Cc1cccc(C#N)c1,1.77317,6.675984919843224
[Li]<-O=C(Nc1ccccc1OC)C(C)(C)C,2.679800000000001,5.4263473268395055
[Li]<-n1cc(N=Cc2ccccc2)ccc1C,3.140620000000001,9.318680093672345
[Li]<-N(Cc1ccccc1)=C1NC(N)NC1N,-0.6949999999999998,9.103904064712127
[Li]<-n1cn(CC(C)=O)c(=O)c2ccccc21,0.9854999999999998,8.979115815721336
[Li]<-n1ccn(Cc2ccccc2)c1C(N)=O,1.0302999999999995,8.979115815721336
[Li]<-n1nn(-c2cccnc2)c2ccccc21,1.8155,6.675984919843224
[Li]<-n1cccc(C(C)=Cc2ccccc2)c1,3.642100000000003,7.604689973726825
[Li]<-n1ccn(C(C)C(=C)c2ccccc2)c1,3.157500000000001,7.265125695775816
[Be]=C1NC(C(C)(C)C)=C(NC(C)(C)C)N1C,2.12099,6.800773168834016
[Be]=C(Nc1ccc(C)cc1)c1ccccc1,3.494010000000001,9.103904064712127
[Li]<-n1cccc(C(C)=NNC(=S)N(C)C)c1,1.2417,7.604689973726825
[Be]=C1N(CC)C=CN1c1ccc(C)cc1C,2.9128300000000014,8.514763288779536
[Li]<-N1=C(N)C=CN(C(=O)c2ccccc2)C1,0.9708,8.764339786761118
[Li]<-N1=CN(C(C)C)Cc2cc(C)c(C)cc21,3.187240000000002,8.979115815721336
[Li]<-n1cc(C(=O)O)cn1Cc1ccccc1,1.6296,7.140337446785025
[Li]<-n1ccc(C2CSc3ccccc32)cc1,3.319200000000002,7.604689973726825
[Li]<-N(Cc1cccnc1)Cc1cccnc1,1.7664,4.301497982826578
[Li]<-P1(c2ccccc2)C(N(C)C)=C1N(C)C,2.0572,5.516335106808932
[Li]<-N=c1n(C)ccn1-c1c(C)cccc1C,1.91211,4.961994799897705
[Li]<-n1cnccc1NC(=O)c1ccccc1,1.7289,8.639551537770327
[Li]<-[As](C)(Cc1ccccc1)c1ccccc1,2.8001000000000014,6.140276351762889
[Li]<-P12CN3CCN(CC(O)(O)N(CC3)C1)C2,-1.073999999999998,6.015488102772097
[Li]<-NCc1ccc(C(=O)O)c(C(=O)OC)c1,0.6301000000000001,2.462719613890267
[Be]=C1N(Cc2cccc(C)c2)N=C(C)N1C,2.07211,6.336420641892215
[Li]<-n1cccc(Nc2ccccc2OC)c1,2.8338,7.604689973726825
[Li]<-n1ccc(C(=C)c2cccc(Cl)c2)cc1,3.796500000000002,7.604689973726825
[Li]<-n1ccc(C(N)=Nc2ccccc2)cc1,2.1186,7.604689973726825
[Li]<-n1nn(CC(O)c2ccccc2)cc1C,1.32012,6.675984919843224
[Li]<-n1cn(CC(=O)OCC)c2ccccc21,1.5994000000000002,7.140337446785025
[Li]<-n1cc(C(C)N)n(Cc2ccccc2)c1,1.9511,7.265125695775816
[Li]<-n1cc(C)c(C(C)CC)c2ccccc21,4.056720000000003,9.318680093672345
[Li]<-N#Cc1c(C)cc(N)c2cc(Cl)cnc12,2.6505,1.8387783689363106
[Li]<-S=c1[nH]c2ccc(C(C)C)cc2n1CC,3.842190000000002,1.8387783689363106
[Li]<-n1cccc(-c2scnc2C(F)(F)F)c1,3.2239000000000013,7.604689973726825
[Li]<-n1ccn(-c2cccc(C=C(C)C)c2)c1,3.295500000000001,7.265125695775816
[Li]<-O=c1cc(C)n(-c2ccccc2)c(C)c1,2.45434,5.516335106808932
[Li]<-n1oc(N(C)C)nc1-c1ccccc1Br,2.565100000000001,6.3810312575731905
[Li]<-P(C)(c1ccccc1)C(F)(F)C(F)(F)F,3.5787000000000013,5.890699853781306
[Li]<-S=C(NN=C(C)c1sccc1C)N(C)C,2.21662,1.963566617927102
[Li]<-N1CC(c2ccccc2)CC(N)(CC)C1,1.871,4.301497982826578
[Li]<-n1cccc(-c2cccc(N(C)C)c2)c1,2.8146000000000013,7.604689973726825
[Li]<-n1cc(C(=O)OC)n(-c2ccccc2)n1,1.0538999999999998,6.800773168834016
[Li]<-N(Cc1ccccc1)=c1[nH]c(N)c(N)[nH]1,0.6080999999999999,8.764339786761118
[Be]=C1c2ccccc2CN1c1ccccc1,3.0936900000000014,7.0155491977942335
[Li]<-n1ccc(C2(C(C)=O)NCC(N)N2)cc1,-0.698999999999999,7.604689973726825
[Li]<-NCc1cc(=O)oc2c(Cl)cc(Cl)cc12,2.5585000000000004,2.3379313648994757
[Li]<-S(Cc1ccc(F)cc1)c1ccccc1,4.118000000000003,3.9271332358542037
[Li]<-n1ccn(C)c1-c1ccc(C=NC)cc1,2.1358,7.140337446785025
[Be]=C1Oc2c(C)ccc(C(C)(C)C)c2N1C,3.1174100000000013,6.3810312575731905
[Li]<-n1ccn(Cc2ccc3nc[nH]c3c2)c1,1.8077,7.265125695775816
[Li]<-P1(c2cccc(C(F)(F)F)c2)OCCO1,2.689400000000001,7.924855964239468
[Li]<-n1c(C)c2ccccc2c2ccccc21,3.6964200000000016,11.157458462608655
[Be]=C1OC(c2ccccc2)c2ccccc21,3.193090000000001,6.7205955355241995
[Li]<-P(c1ccccc1Cl)c1ccccc1Cl,3.622700000000001,3.8023449868634125
[Li]<-n1c(-c2ccccc2O)[nH]c2[nH]cnc21,1.6585999999999996,7.0155491977942335
[Li]<-n1cccc(C(C)N2CCSSCC2)c1,2.839600000000001,7.604689973726825
[Li]<-[N-]=[N+](C)c1cccc(-c2ccccc2)c1,3.649000000000002,5.4263473268395055
[Li]<-n1csc(N2CCCc3ccccc32)c1,3.227400000000002,10.61495986560636
[Li]<-P(Cl)(C(Cl)C(F)(F)F)C(F)(F)C(F)(F)F,4.9044,8.24752266250437
[Li]<-n1ccc(N=Nc2ccc(C)cc2)cc1,3.8054200000000025,7.604689973726825
[Li]<-n1cccc(C=C(C)c2ccccc2)c1,3.642100000000002,7.604689973726825
[Li]<-n1cccc(NCc2cccc(F)c2)c1,2.8328000000000007,7.604689973726825
[Li]<-n1cn(-c2ccc(C)c(C)c2C)c(C)n1,2.50098,6.800773168834016
[Be]=C1CC(NC(=O)c2ccccc2)OC1C,1.63259,8.933738651432886
[Li]<-P12CC[Si](c3ccc(C)cc3)(CC1)CC2,3.1599200000000014,6.26506460075368
[Li]<-n1ccn(C(=C)C)c1-c1ccccc1F,3.179800000000001,8.979115815721336
[Li]<-n1ccccc1N=C(C)c1ccccc1,3.222300000000001,8.979115815721336
[Li]<-N1=CSC(N=C(C)Sc2ccccc2)C1,3.298300000000002,10.739748114597152
[Li]<-n1ccc(C=Cc2cccc(Br)c2)cc1,4.014500000000003,7.604689973726825
[Li]<-N(Cc1ccncc1)Cc1ccncc1,1.7664,4.42628623181737
[Li]<-n1ccc(-c2csc3ccccc23)cc1,3.963300000000001,7.604689973726825
[Be]=C(C)Nc1ccc(-c2ccccc2)cc1,3.8241900000000015,5.675923824821088
[Li]<-P(Cc1c(F)cc(F)cc1F)C(C)(C)C,4.080900000000002,4.051921484844995
[Li]<-n1cn(CCc2ccccc2OC)cn1,1.5294,6.800773168834016
[Li]<-n1cc2c(n1C(C)C)C1CC2C(C)(C)C1,3.464800000000002,8.979115815721336
[Li]<-[O-][N+]1=CC(C)=C(C)C1(O)c1ccccc1,1.7628,1.624002339976093
[Li]<-n1ccn(Cc2c(C)cc(C)cc2C)c1,2.856660000000001,7.265125695775816
[Li]<-N1CCN(c2ccccc2[N+](=O)[O-])CC1,1.0043999999999995,4.301497982826578
[Li]<-Nc1ccncc1-c1ccc(OC)cc1,2.3394000000000004,2.2131431159086845
[Li]<-S=C(NC(=O)c1cccs1)N(CC)CC,2.1046000000000005,3.16782704664237
[Li]<-O=c1cc(Nc2ccccc2)occ1C,2.6918200000000008,5.516335106808932
[Li]<-N1=C(C)C=CN(Cc2ccccc2)C1N,1.7191,10.603118155697429
[Li]<-n1c(C)cc(C)n1-c1ccc(C#N)cc1,2.3608200000000004,8.854327566730545
[Be]=C1NC(c2ccc(F)c(F)c2)=C(N)N1C,1.08089,6.800773168834016
[Li]<-n1cccc2nc(-c3ccoc3)ccc21,2.889800000000001,9.318680093672345
[Be]=C1N(Cc2ccccc2)C=CN1C(=C)C,2.805290000000001,6.675984919843224
[Li]<-n1ccc(C=Nc2ccccc2C)cc1,3.140620000000002,7.604689973726825
[Li]<-P1=CCC(c2cc(C)c(C)c(C)c2)=CC1,4.147360000000004,4.051921484844995
[Li]<-n1cccc(N=Nc2ccc(Br)cc2)c1,4.259500000000003,7.604689973726825
[Li]<-N(c1ccccc1C)=c1[nH]c(N)c(N)[nH]1,1.04802,10.478329906706637
[Li]<-O=C1CCN(c2cc(C)c(C)c(C)c2)C1,2.3910600000000004,5.516335106808932
[Be]=C1NC(C(C)(C)C)=C(c2ccccc2)S1,3.733990000000002,8.31182896972825
[Li]<-n1cn(-c2ncccn2)c2ccccc21,1.8155,7.140337446785025
[Li]<-N1=C2Sc3cc(C)c(C)cc3N2CCC1,2.975240000000001,7.389913944766607
[Li]<-n1ccc(C2CN=C(C(C)(C)C)O2)cc1,2.597500000000001,7.604689973726825
[Li]<-n1ccc(-c2ncc(C(C)=O)cn2)cc1,1.7412,7.604689973726825
[Be]=C1N(C)C=C(c2cn(C(C)C)nn2)N1C,1.03089,6.675984919843224
[Li]<-S=C(NC)NN=C(C)c1ccncc1Br,1.662,1.8387783689363106
[Li]<-n1ccc(-c2cccc(C(C)=O)c2)cc1,2.951200000000001,7.604689973726825
[Be]=C1N(Cc2ccccc2)C=NN1C(C)C,2.15219,6.336420641892215
[Li]<-n1[nH]c(C(C)(C)C)cc1-c1ccccn1,2.7692,8.979115815721336
[Be]=C(Nc1ccccc1O)c1ccccc1,2.891190000000001,9.103904064712127
[Li]<-n1ccc(-c2cnccc2C)c(CC)c1,3.014420000000001,7.604689973726825
[Li]<-S=C1NC(c2ccccc2)C=C(C)N1C,2.4514000000000005,1.963566617927102
[Li]<-n1cc(O)cc(C=NCC(=O)N(C)C)c1,0.2942999999999997,7.604689973726825
[Li]<-n1cc(C)c(N)n1Cc1cccc(F)c1,1.96112,8.979115815721336
[Li]<-n1cccc(C(C)=NCn2cccn2)c1,1.7448,7.604689973726825
[Li]<-n1ccnc(C(=O)NC2CCCCC2)c1,1.5391,7.604689973726825
[Li]<-n1cccc(C2CSc3ccccc32)c1,3.3192000000000013,7.604689973726825
[Li]<-N(=CNC1CCCCC1)c1ccccc1,3.2687000000000017,8.979115815721336
[Li]<-n1ccccc1N=Cc1ccccc1Cl,3.4856000000000016,8.979115815721336
[Li]<-n1cc(-c2ccccc2)n(CCOC)n1,1.5915,6.800773168834016
[Li]<-NCc1ccc(N=Cc2ccc[nH]2)cc1,2.224,2.462719613890267
[Li]<-N1=CN(c2ccccc2)C2C=CC=CC21,2.3981000000000003,9.103904064712127
[Li]<-n1cccc(C2NC=NC2C(F)(F)F)c1,1.6850999999999998,7.604689973726825
[Li]<-P(C)(Cl)c1cccc(-c2ccccc2)c1,4.244400000000002,8.497099160485952
[Li]<-P(CO)(c1ccccc1)C1CCCCC1,3.0763000000000016,5.890699853781306
[Li]<-n1ccn(C(C)C(=O)c2ccccc2)c1,2.327,7.265125695775816
[Be]=C1N(CC)c2cc(F)ccc2N1C(C)C,2.876690000000001,6.675984919843224
[Be]=C1N(CCC=C)C=CN1c1ccccc1,2.852190000000001,6.675984919843224
[Be]=C1C(C)=C(N)NN1C(=O)c1ccccc1,0.8759899999999998,6.675984919843224
[Li]<-n1cc(C=Nc2ccccc2)ncc1C,2.5356200000000007,9.318680093672345
[Li]<-N1=CN(c2ccc(C(C)C)c(C)c2)CC1,2.9667200000000014,7.389913944766607
[Li]<-n1cc(C(=O)OCC)cc2ccccc21,2.4115,9.318680093672345
[Li]<-n1n[nH]c(-c2csc(-c3cccs3)c2)n1,2.6567,6.336420641892215
[Li]<-N(c1ccc(C)cc1)c1ccc(C)cc1,4.047040000000002,3.8023449868634125
[Li]<-p1(C)c2ccccc2c2cccc(C)c21,4.825020000000002,5.765911604790515
[Li]<-n1[nH]c(C(O)(O)c2ccccc2)cc1O,0.301,8.344597875500293
[Be]=C1N(CCCC)C=CN1c1ccccc1,3.0761900000000013,6.675984919843224
[Li]<-n1ccn(Cc2sccc2C(F)(F)Cl)c1,3.281000000000001,7.265125695775816
[Be]=C1NC=C(N)N1c1ccc(C(=O)O)cc1,0.5482899999999995,6.800773168834016
[Li]<-N(=Cc1ccccc1)c1ccccc1C,3.7456200000000015,9.443468342663136
[Li]<-N(=Cc1ccccc1)c1cccc(F)c1,3.5763000000000016,9.318680093672345
[Li]<-O=C(CN1CCCCC1)c1ccccc1,2.3552,5.516335106808932
[Li]<-P1(OC)CN(CC(C)C)c2ccccc21,2.7887000000000013,5.00660541557868
[Li]<-N1=CC(C)=NC23C=CC=CC12CCC=C3,2.4853000000000005,11.282246711599447
[Li]<-n1cc(-c2ccccc2)cc(C2CC2)c1,3.626000000000002,7.604689973726825
[Li]<-n1ccc(C(C)=NCn2ccnc2)cc1,1.7448,7.604689973726825
[Li]<-n1nnc(C)n1-c1ccccc1[N+](=O)[O-],0.8789199999999999,8.175199010828527
[Li]<-n1ccc(C2CNCC(N)C2(C)C)cc1,1.1219,7.604689973726825
[Li]<-P1(CC(=O)OCC)Oc2ccccc2O1,2.3328000000000007,4.496875724348429
[Li]<-n1ccn(C)c1N=NCc1ccccc1,2.7040000000000006,8.639551537770327
[Li]<-N=C(C)C(C)(C)N1CCN(CCCl)CC1,1.66107,5.765911604790515
[Li]<-n1c(-c2ccccc2)c[nH]c1C(F)(F)F,3.0955000000000013,7.0155491977942335
[Li]<-P(C)(Cl)c1ccc(-c2ccccc2)cc1,4.244400000000003,8.497099160485952
[Be]=C1N(CC)C(C(=O)O)=C(C(=O)O)N1CC,0.0208899999999999,6.675984919843224
[Be]=C(NCc1ccncc1)c1ccccc1,2.258290000000001,8.979115815721336
[Li]<-n1cc(C)cc(N=C(N(C)C)N(C)C)c1,1.5007199999999998,7.604689973726825
[Li]<-NCc1cc(F)c(C(F)(F)F)c(F)c1F,2.5814000000000004,2.3379313648994757
[Be]=C1NC2(CCCCC2)N(C(C)C)C1(C)N,1.67409,10.38834212673721
[Be]=C1N(C)C(C(F)(F)F)=C(C(F)(F)F)N1C,2.19609,6.675984919843224
[Li]<-n1ccc(CNC(=O)CC(C)(C)C)cc1,2.1340000000000003,7.604689973726825
[Be]=C1NC(N)=CN1NC(C)c1ccccc1,0.9112899999999996,6.800773168834016
[Li]<-n1cccc(C(=C)CN2COC(=O)C2)c1,0.9111,7.604689973726825
[Li]<-n1cccc(-c2ccc3c(c2)SCC3)c1,3.3968000000000025,7.604689973726825
[Li]<-N1=COC(Nc2cccc(F)c2)C1(C)C,2.4008000000000003,10.647728771378404
[Be]=C1OC(C)(c2c(Cl)cccc2Cl)NC1N,2.10949,8.129821846540075
[Li]<-n1cc(C)cc(N=Nc2ccccc2)c1,3.8054200000000025,7.604689973726825
[Li]<-n1cccn1Cc1cccc2c1OCO2,1.6600999999999997,8.979115815721336
[Be]=C1NC2(CCCC2)N(C(C)C)C1(N)CC,1.6740899999999994,10.138765628755628
[Li]<-n1ccn(C(C)(CO)c2ccccc2)c1,1.6388999999999998,7.265125695775816
[Li]<-n1ccn(Cc2cccc3c2OCO3)c1,1.6600999999999997,7.265125695775816
[Li]<-S(Cc1ccccc1)c1ccc(F)cc1,4.118000000000003,3.9271332358542037
[Li]<-N1=CC(N)CC12Oc1ccc(Cl)cc1O2,1.5668000000000002,9.888422582166571
[Li]<-S1CC=C(C)CN1c1ccc(OC)cc1,3.109700000000002,3.5875689579031946
[Li]<-N1=NN(c2cc(I)cc(C(C)=O)c2)CC1,2.681000000000001,6.925561417824807
[Li]<-n1c(N)[nH]c2c(SC(C)(C)C)cccc21,3.0357000000000003,10.353541657715846
[Be]=C1N(CCCC)C=CN1CCNC(C)=O,1.0076900000000002,6.675984919843224
[Li]<-n1ccc(C=Nc2ccc(I)cc2)cc1,3.4368000000000016,7.604689973726825
[Be]=C1N(C)C=C(C#Cc2ccccc2)N1C,1.75299,6.675984919843224
[Li]<-P1(CC(C)OCC)C=C1c1ccccc1,3.905500000000002,5.765911604790515
[Be]=C1N(CC)C=CN1c1ccc(OC)cc1,2.30459,6.675984919843224
[Li]<-N1=CN(C(C)c2ccccc2)CCC1=O,2.0082,6.505819506563983
[Be]=C1CN(c2ccccc2)C2C=CC=CC12,2.698690000000001,9.228692313702918
[Be]=C1NC(N)=C(NC(=N)c2ccccc2)N1,-0.1240399999999992,6.925561417824807
[Li]<-n1cccc(NC(=N)c2ccccc2)c1,2.519070000000001,7.604689973726825
[Be]=C(N)Nc1c(C(C)C)cccc1C(C)C,3.3002900000000004,5.211571297879288
[Li]<-n1ccc(C)c(N=Nc2ccccc2)c1,3.8054200000000025,7.604689973726825
[Li]<-N#CC(c1cccc(Cl)c1)n1ccnc1,2.6494800000000005,1.8387783689363106
[Li]<-s1c2ccc(C)cc2c2ccc(F)cc21,4.502020000000003,3.6775567378726213
[Li]<-n1ccc(C2CN=C(NC(C)=O)O2)cc1,0.645,7.604689973726825
[Li]<-S=c1n(-c2ccccc2)cc2[nH]ccn12,2.78759,1.8387783689363106
[Li]<-n1ccc(C(=C)c2cccc(F)c2)cc1,3.2822000000000022,7.604689973726825
[Li]<-N(=Cc1ccoc1)C(C)c1ccccc1,3.4597000000000024,9.443468342663136
[Li]<-N#Cc1cc(NC(C)=O)cc(C(C)C)c1,2.640080000000001,1.8387783689363106
[Be]=C1N(C)C=CN1Cc1ccc(OC)cc1,1.91009,6.675984919843224
[Li]<-[nH]1c(-c2ccccc2)nc2ccccc21,3.2299000000000007,7.140337446785025
[Li]<-O=c1cc(-c2ccc(C)cc2)cc(C)o1,2.9236400000000007,4.88181716658789
[Li]<-P1(OC)OC=CC(N)(c2ccccc2)O1,2.2319000000000004,3.737569535136596
[Li]<-n1cc(C)cc(C(=C)c2ccccc2)c1,3.451520000000002,7.604689973726825
[Li]<-P1=CCC(c2c(C)cc(C)cc2C)=CC1,4.147360000000004,4.051921484844995
[Li]<-N=CC(C)(NC(C)=O)C(=O)OC(C)(C)C,0.8724699999999994,3.9271332358542037
[Li]<-P1(CC)C(C)OC(c2cccnc2)C1C,3.389200000000001,5.765911604790515
[Li]<-n1cc(C)nc2cc3ccccc3cc21,3.091420000000001,9.318680093672345
[Li]<-n1[nH]c(-c2ccccc2)cc1C(F)(F)F,3.0955000000000013,7.140337446785025
[Li]<-S(Cc1ccccc1)C1=CC=CC=CC1,4.3198000000000025,7.854266471708408
[Be]=C1N(Cc2ccccc2)C=CN1C(=O)O,1.94969,6.675984919843224
[Li]<-P(c1ccccc1)(C(F)(F)F)C(F)(F)F,3.8334,5.516335106808932
[Li]<-N1=CC(=NOC)CC1c1ccccc1C,2.513020000000001,9.568256591653928
[Li]<-n1nc(C)n(-c2ccc([N+](=O)[O-])cc2)n1,0.8789199999999999,6.336420641892215
[Li]<-n1cn(-c2ccccc2)cc1C(=O)OC,1.6588999999999998,7.140337446785025
[Be]=C1N(C)C=CN1Cc1cc(F)cc(F)c1,2.17969,6.675984919843224
[Li]<-n1ccc(-c2cnnn2C(C)(C)C)cc1,2.0950999999999995,7.604689973726825
[Li]<-S(CC)C1Cc2ccccc2C1OCC,3.442000000000003,4.051921484844995
[Li]<-N(Cc1cccnc1)=c1[nH]c(N)c(N)[nH]1,0.0030999999999996,8.764339786761118
[Li]<-n1cn(C(C)=Nc2ccccc2Br)cn1,2.6388000000000007,6.800773168834016
[Li]<-Nc1cccc(C=C(C#N)C(F)(F)F)c1,2.73808,2.0883548669178933
[Li]<-n1cn(-c2cccnc2)c2ccccc21,2.4205000000000005,8.979115815721336
[Li]<-n1c(-n2cccn2)sc2cc(Cl)ccc21,3.1354000000000006,12.204161736561089
[Li]<-Sc1ccccc1Nc1ccccc1Cl,4.372300000000002,2.0883548669178933
[Li]<-P1(Nc2ccc(C(=O)O)cc2)OCCO1,2.0704,7.71007993527925
[Li]<-n1[nH]c(C(C)=Nc2ccccc2)cc1O,2.256,8.344597875500293
[Li]<-n1cn(-c2ccccc2)c2c1CNCN2,1.3448999999999998,7.140337446785025
[Li]<-P1(OC)C2OC3(C)OC(OC1C3C)C2C,2.087,5.00660541557868
[Li]<-N1=CN(C(C)C)C(C(F)(F)C(F)(F)F)C1,2.3049,7.389913944766607
[Li]<-n1ccn(Cc2ccccc2)c1C(C)C,3.054800000000002,8.979115815721336
[Be]=C(Nc1ccc(O)cc1)c1ccccc1,2.891190000000001,8.979115815721336
[Li]<-N=C1C=CC(=S2C=CSC2=C(C)C)C=C1,4.042870000000002,5.641123355799723
[Li]<-n1ccc(C=Nc2ccccc2Br)cc1,3.5947000000000022,7.604689973726825
[Li]<-n1ccc(-c2ccc3ccccc3c2)[nH]1,3.2299000000000007,7.265125695775816
[Li]<-n1c(C)cc(OCC(F)(F)F)n1CCO,1.1249199999999997,8.854327566730545
[Li]<-n1nc(C)n(-c2ccccc2SC)c1N,1.87982,8.175199010828527
[Li]<-P(Cl)(C1=CCC=CC=C1)c1ccccc1,4.347600000000004,8.122734413513578
[Li]<-n1ccc(-c2ccc([N+](=O)[O-])cc2)cc1,2.6568000000000005,7.604689973726825
[Li]<-n1cccc(-c2ccnc(C(C)C)c2)c1,3.267000000000001,7.604689973726825
[Li]<-n1ccc(C(=O)OCC)c2ccccc21,2.4115,9.318680093672345
[Be]=C1CN(c2cncnc2C)CN1C(C)C,1.31171,6.925561417824807
[Li]<-Nc1nc(C)cc(NC2CCCCC2)n1,2.11182,2.0883548669178933
[Be]=C(Nc1c(C)cc(C)cc1C)C(F)(F)F,3.624850000000002,7.628762951033732
[Be]=C(NC(C)C(=O)OCC)c1ccccc1,1.6146900000000004,9.103904064712127
[Li]<-n1cccc(-c2c(F)cnc(F)c2F)c1,2.560900000000001,7.604689973726825
[Li]<-N(=Cn1ccnc1)c1ccc(C)c(C)c1,2.7080400000000004,8.979115815721336
[Li]<-n1ccn(-c2ccc(SC(C)C)cc2)c1,3.3728000000000016,7.265125695775816
[Be]=C(Nc1ccccc1N)c1ccccc1,2.7677900000000006,8.979115815721336
[Li]<-Nc1cc(C)cc(-c2cccc(C)c2)c1,3.552640000000002,2.0883548669178933
[Li]<-N(=CNC(C)(C)C)c1cc(C)cc(C)c1,3.351340000000002,8.979115815721336
[Li]<-n1cn(-c2ccc(C)cc2)cc1C(C)N,2.2004200000000003,7.140337446785025
[Li]<-N(=Cc1cccnc1)c1ccccc1C,3.140620000000002,9.318680093672345
[Li]<-n1cccc(C2CCC(=O)CN2CC)c1,1.8075,7.604689973726825
[Li]<-n1cccc(C)c1N=Cc1ccccc1,3.140620000000001,8.979115815721336
[Li]<-NCC1(C)Cc2ccccc2C(=O)C1=O,0.9595,2.3379313648994757
[Li]<-N(CCC)Cc1cccc2ccccc12,3.339400000000002,4.301497982826578
[Li]<-n1ccccc1C12C=CC=CC1N=CN2,1.4029999999999998,9.318680093672345
[Li]<-n1cccc(-c2cc(C(F)(F)F)c[nH]2)c1,3.0955000000000004,7.604689973726825
[Li]<-N=c1n(C)ccn1-c1ccccc1C#N,1.16695,4.961994799897705
[Li]<-S=c1n(CC)ccn1Cc1ccccc1,3.087290000000001,1.8387783689363106
[Li]<-n1cc(C=Cc2ccccc2)ccc1O,2.957600000000001,8.684162153451302
[Be]=C1N(CC)C=CN1CCc1ccccc1,2.3340900000000007,6.675984919843224
[Li]<-n1cc(-c2ccccc2)n2ccccc21,3.0013000000000005,7.140337446785025
[Li]<-n1c(COC)cn(C)c1-c1ccc(Cl)s1,2.948400000000001,10.693105935666855
[Be]=C(Nc1ccccc1CC)c1cccs1,3.809490000000002,5.301559077848714
[Li]<-n1[nH]cc(P(=O)(C(C)C)C(C)(C)C)c1C,2.913420000000001,7.140337446785025
[Li]<-n1ccn(-c2cnc3ccccc3c2)c1,2.4205000000000005,7.265125695775816
[Li]<-O=Cc1ccc(OC(C)(C)N(C)C)cc1,2.1756,3.9271332358542037
[Li]<-n1nn(-c2ccccc2)c2ccccc21,2.4205000000000005,6.675984919843224
[Li]<-n1ccn(CC(C)c2cccc(Cl)c2)c1,3.340200000000002,7.265125695775816
[Be]=C1C=C(OCC)C=C(c2ccccc2)O1,3.016890000000002,6.845383784514992
[Li]<-n1cn(-c2ncn[nH]2)c2cc(C)ccc21,1.4520199999999996,7.140337446785025
[Li]<-n1cccc(-c2cnc(SCC)nc2)c1,2.6506000000000007,7.604689973726825
[Be]=C1N(C(C)C)C=CN1C(Br)C(=O)OCC,1.76399,6.675984919843224
[Li]<-Pc1ccc(C(F)(F)F)cc1C(F)(F)F,3.224600000000001,2.0883548669178933
[Li]<-N(CC)=C(C)N1CCCc2ccccc21,2.8775000000000013,9.103904064712127
[Li]<-n1cccc(-c2cccc([N+](=O)[O-])c2)c1,2.6568000000000005,7.604689973726825
[Li]<-N(Cc1cccc(OC)c1)=C(C)OCC,2.650100000000001,8.808950402442093
[Li]<-n1ccn(-c2ccc(OC)c(OC)c2)c1,1.8895,7.265125695775816
[Li]<-n1cc(C)cc(N=Cc2cccnc2)c1,2.5356200000000007,7.604689973726825
[Li]<-n1ccccc1C(=O)Nc1ccccc1,2.3339,9.318680093672345
[Li]<-n1ccc(C(C)Sc2ccccc2)cc1,3.9349000000000025,7.604689973726825
[Li]<-n1nnn(C)c1-c1ccccc1C(=O)O,0.5752999999999997,8.175199010828527
[Li]<-n1ccn(C)c1-c1ccc(C(C)=O)cc1,2.2897,8.979115815721336
[Be]=C1CC(C2COC(C)(C)O2)C(COC)O1,1.22819,6.970172033505783
[Li]<-N1=CC(c2cc[nH]c2N)c2ccccc21,2.4447,7.479901724736034
[Li]<-n1ccc(C=[N+]([O-])c2csc(C)c2)cc1,2.7124200000000007,7.604689973726825
[Li]<-n1c(-c2cccnc2)sc2ccccc21,3.3583000000000016,12.204161736561089
[Be]=C1NC=C(N)N1CC(=O)OC,-1.181509999999999,6.800773168834016
[Li]<-n1c(Cl)cc(N)c2ccccc21,2.4704000000000006,9.193891844681554
[Be]=C1N(C)C=C2C=CC=C(OC)N12,1.12909,6.675984919843224
[Li]<-Nc1cc(NC(C)=O)c(O)nn1,-0.2772000000000001,2.0883548669178933
[Li]<-P1(NC(C)C)OC(=C)CC(C)O1,2.5504000000000007,4.032523197406629
[Li]<-S=c1n(CCl)ccn1C(C)C,2.796290000000001,1.8387783689363106
[Li]<-N=C(C)c1cccc(OC)c1,2.0829699999999995,5.765911604790515
[Li]<-n1cn(C(C)C)c2ncncc21,1.4071999999999998,8.979115815721336
[Li]<-S(CC(=O)OC)c1ccccc1,1.9517,3.9271332358542037
[Be]=C(C)Nc1ccc(C)c(C)c1,2.7740300000000016,5.80071207381188
[Be]=C(C)NC(C)c1ccccc1Cl,3.049290000000002,5.675923824821088
[Li]<-Nc1cccc(C(=O)O)c1C,1.27542,2.2131431159086845
[Li]<-P1(c2ccccc2)C23CC21C3=C,2.2585000000000006,5.516335106808932
[Li]<-n1cc([N+](=O)[O-])n(C(C)=O)c1,0.4513999999999999,7.265125695775816
[Li]<-NNC(=O)c1ccc(F)cc1,0.4291999999999997,1.8735788379576759
[Li]<-Nc1cccc(C)c1N=CC,2.29942,2.0883548669178933
[Li]<-n1cccn1CCOCCCC,1.6998,8.979115815721336
[Li]<-O=C(Nc1ccccc1)C(C)=O,1.2141,5.301559077848714
[Li]<-n1cccc(-c2nnc(C)o2)c1,1.44002,7.604689973726825
[Li]<-S=C(N)n1cnc(C(Cl)OC)c1,0.8586,1.8387783689363106
[Li]<-S=C(N(C)C)N1CCCCC1C,1.7073,2.0883548669178933
[Li]<-n1ccc(-c2c[nH]cc2N)cc1,1.6589,7.604689973726825
[Li]<-n1csc(-c2nc(N)cs2)c1,1.8488,10.61495986560636
[Be]=C1NC(N)(C(C)=O)NC1(N)C=C,-1.7395099999999994,10.26355387774642
[Li]<-n1ccn(-c2ccccc2C)c1,2.18072,7.265125695775816
[Li]<-P(Cl)(OCC)c1ccccc1,2.8991000000000007,7.488216473292535
[Li]<-n1ccn(C(C)c2c[nH]cn2)c1,1.2154999999999998,7.265125695775816
[Li]<-n1cccc2cnc(N)cc21,1.212,9.318680093672345
[Li]<-S=C(N)c1ccccc1OC,1.3294,1.8387783689363106
[Li]<-[nH]1cnc(-c2ccccc2)n1,1.4716999999999998,6.800773168834016
[Li]<-O=C(C)Nc1ccccc1OC,1.6535999999999995,5.301559077848714
[Li]<-n1cccc2cnc(CC)cc21,2.1922,9.318680093672345
[Li]<-N1=CN(CC)C(C)(C(=O)O)C1,0.1934999999999999,7.389913944766607
[Li]<-S1CCc2ccc(OC)cc21,2.3434,3.9271332358542037
[Li]<-n1cc(C(C)=O)cc(C(C)=O)c1,1.4868,7.604689973726825
[Li]<-n1cc(C=O)c2c(c1)CCC2,1.3828,7.604689973726825
[Li]<-n1cncc(-c2ccccc2)c1,2.1436,7.265125695775816
[Li]<-[As](C)(C)c1cccc(C)c1C,2.2648400000000004,6.140276351762889
[Li]<-N(CCN(C)C)=C1NCCN1C,-0.5609999999999986,8.764339786761118
[Li]<-N1=CSCC1n1cc(Cl)cn1,1.8102,12.114173956591662
[Li]<-Pc1ccc(N2CCCC2)cc1,1.7872,2.0883548669178933
[Li]<-S(Cc1cccnc1)C(C)(C)C,3.113300000000001,3.9271332358542037
[Li]<-N1=CN(CC)C2C=CC=CC21,1.2134,7.389913944766607
[Li]<-P1(c2ccccc2)CC1=C(C)C,3.101300000000001,5.516335106808932
[Li]<-O=C1C2CCC(C)(C2)C1(C)C,2.401700000000001,5.516335106808932
[Li]<-P1CC(C(C)(C)C)C(N(C)C)=N1,2.2159000000000004,5.4263473268395055
[Li]<-n1cn(-c2ccccc2C)cn1,1.57572,6.800773168834016
[Li]<-NC1C2CC3CC(C2)CC1C3,1.7698,2.2131431159086845
[Li]<-P1(C)C(C)c2ccccc2C1C,3.933900000000003,6.015488102772097
[Li]<-n1cc(-c2ccccc2)oc1C,2.6500200000000005,6.845383784514992
[Li]<-[nH]1c(C(=O)O)nc2ccccc21,1.2611,7.140337446785025
[Li]<-P(O)(CC(C)C)c1ccccc1,2.357100000000001,5.256181913560263
[Li]<-n1cn(CC)c2c1C=CCN2C,1.366,7.140337446785025
[Li]<-Nc1cncc(C)c1C(=O)O,0.67042,2.0883548669178933
[Li]<-N=C(CC)ONC(C)(C)C(C)C,2.3294700000000006,5.006605415578681
[Be]=C1OCCN1Cc1ccccc1,1.51509,6.3810312575731905
[Li]<-N1N=C(c2ccccc2)SC1C,2.0306,5.4263473268395055
[Li]<-n1cccc(C2CCNC2)c1,1.1585,7.604689973726825
[Li]<-N(=C(C)OCC)c1ccccc1,2.773000000000001,10.398152273396821
[Be]=C=Nc1ccc(C)c(OC)c1,2.08972,3.337992459921612
[Li]<-n1ccn(N=Cc2ncc[nH]2)c1,0.4883999999999999,7.265125695775816
[Be]=C1N(CC)C=CN1CCC(C)C,2.13749,6.675984919843224
[Li]<-O=c1[nH]cccc1C(C)(C)C,1.6724,5.4263473268395055
[Li]<-n1ccc(NC(C)(C)C)nc1,1.6869999999999998,7.265125695775816
[Be]=C1N(C)C=CN1CCCC#C,1.11469,6.675984919843224
[Li]<-n1cccc2ccc(C)nc21,1.93822,8.979115815721336
[Li]<-N(C)=C(CC)c1ccccc1,2.515500000000001,7.854266471708408
[Li]<-n1ncc(C)n1CC(=O)OC,-0.2404800000000004,8.514763288779536
[Li]<-NC1(C)C(C)=C(C)C(C)=C1C,2.390200000000001,2.0883548669178933
[Li]<-S=c1[nH]ccn1-c1cncnc1,1.32489,1.8387783689363106
[Li]<-n1coc(C)c1-c1ccccc1,2.6500200000000005,6.845383784514991
[Be]=C1NC(N)=CN1CC(=O)OCC,-0.7914099999999993,6.800773168834016
[Li]<-N(CC)CC(=O)c1ccccc1,1.4788,4.301497982826578
[Be]=C(c1ccccc1)N1CC=CC1,1.94529,7.0155491977942335
[Li]<-S=C1CN(c2ccccc2)CN1,1.3811,1.8387783689363106
[Be]=CNc1ccc([N+](=O)[O-])cc1C,1.86071,3.5875689579031946
[Li]<-n1cc(-c2csc(C)n2)sc1N,2.15722,10.49017161661557
[Li]<-Nc1cccc(C)c1C(F)(F)F,2.59602,2.0883548669178933
[Li]<-n1c(C(=O)OCC)ccn1C,0.5968,8.854327566730545
[Li]<-n1cccc(C2CCCCN2)c1,1.8962,7.604689973726825
[Li]<-P(Cl)(C(=S)Cl)c1ccccc1,3.471300000000002,8.122734413513578
[Li]<-n1csc(Cc2ccccc2)c1,2.733900000000001,10.61495986560636
[Li]<-N(=c1[nH]c(N)c(N)[nH]1)C(C)O,-1.2537999999999996,9.843811966485594
[Li]<-N(CCCC)=C(C)C(F)(F)F,2.809700000000001,9.443468342663136
[Li]<-n1ccc(-c2ccccn2)n1C,1.4821,8.979115815721336
[Be]=C1c2ccccc2N(C)N1C,1.37009,6.675984919843224
[Li]<-n1cnn(C)c1-c1ccccc1,1.4821,6.800773168834016
[Li]<-N1=C(C)OCC12NC=CN2C#N,-0.0537199999999999,11.557802086431114
[Li]<-n1cccc(C(=C)C(C)=O)c1,1.6838,7.604689973726825
[Be]=C1N(C)C=CN1CC(C)(C)O,0.4721900000000001,6.675984919843224
[Li]<-P(Cl)(C=CC#N)c1ccccc1,2.9848800000000013,8.24752266250437
[Li]<-N1CC(=O)C(c2ccccc2)C1,0.9425,6.140276351762889
[Li]<-S=C(N)c1ccc(OC)cc1,1.3294,1.8387783689363106
[Li]<-S=C(Nc1ccccc1)N(C)C,1.945,1.963566617927102
[Li]<-S=c1cc(-c2ccccc2)ss1,4.2060900000000006,1.8387783689363106
[Li]<-[O-][n+]1cccc(C(=C)C)c1C,1.66152,1.624002339976093
[Li]<-n1c(C)[nH]c2c(OC)cccc21,1.87992,7.0155491977942335
[Li]<-n1cc2cccc(SC)c2n1C,2.2952000000000004,8.979115815721336
[Li]<-N#Cc1cscc1C(F)(F)Cl,2.9078800000000005,1.8387783689363106
[Li]<-P(=CNC(C)=O)c1ccccc1,1.1539,3.8023449868634125
[Be]=C1N(C)c2ccccc2N1C,1.56889,6.675984919843224
[Be]=C1N(C)C(C#N)=C(C#N)N1C,0.11865,6.675984919843224
[Li]<-N(=CC(=O)c1ccccc1)CC,1.96,7.729478222717616
[Be]=C1NC(c2ccccc2)=C(C)S1,2.70779,8.31182896972825
[Li]<-N1=COC(c2cccnc2)C1,1.1811999999999998,7.094960282496573
[Li]<-Nc1nccc2c1OC(C)(C)O2,1.1711,2.0883548669178933
[Li]<-O=C(OC)C1NCCCC1=C,0.4675999999999998,5.00660541557868
[Li]<-N1=C(N)C=CN(CCC(=O)O)C1,-0.3948999999999998,8.764339786761118
[Li]<-n1ccc(C=C(C)C#N)cc1,2.00848,7.604689973726825
[Be]=C1Nc2ccccc2N1COC,1.51869,6.800773168834016
[Li]<-P1(C)NC(N)C2(CN=CNC2)N1,-1.223999999999999,7.17513791580639
[Be]=C(N1CCCC1)N1CCCC1,1.17429,2.998428181970603
[Li]<-n1ccccc1-c1nnc(N)s1,1.1823,9.318680093672345
[Be]=C1NCN(C(C)(C)C)C=C1N,0.48649,7.140337446785025
[Li]<-N(Cc1ccsc1)C(C)(O)O,0.4959999999999998,5.380970162551055
[Li]<-N(C)=CNC1C=CC=C(O)C1,1.0045,5.675923824821088
[Be]=C1NC(SCCCC)=C(P)N1C,2.05269,6.800773168834016
[Li]<-O=C(COC)c1ccccc1,1.5157,5.641123355799723
[Li]<-P1(c2ccccc2)CCCO1,2.1291,5.006605415578681
[Li]<-N(C)=C(C)C(=C)c1ccccc1,2.790500000000001,7.729478222717616
[Be]=C1COC(C)(C(C)C)C1(C)C,2.5387900000000005,10.772517020369195
[Li]<-P(C=C)(OC)c1ccccc1,2.4987000000000004,4.881817166587889
[Li]<-n1cccc(C=C=[N+](C)[O-])c1,0.9045999999999998,7.604689973726825
[Li]<-N=C1C=CC([Si](C)(C)C)C=C1,2.8405700000000005,5.641123355799723
[Be]=C1N(C)C(C)=C(C#N)N1CC,1.00507,6.675984919843224
[Li]<-NCc1c(C)cc(I)cc1C,2.36674,2.3379313648994757
[Li]<-N(C)=CNc1ccc(C)cc1,2.06502,5.675923824821088
[Li]<-n1cn(Cc2ccccc2)cn1,1.3263999999999998,6.800773168834016
[Li]<-n1cc(-c2ccoc2)sc1N,1.9853,11.98938570760087
[Li]<-P(CC(C)N)c1ccccc1,1.3376,4.051921484844995
[Li]<-S1CCC(C(F)(F)C(F)(F)F)C1,2.937100000000001,4.176709733835787
[Li]<-P(c1ccccc1)[Si](C)(C)C,2.8253000000000013,7.692285954489319
[Li]<-SCC(C)(N)c1ccccc1,1.7903,2.2131431159086845
[Li]<-N=CCc1ccc(OC)cc1,1.88727,3.9271332358542037
[Li]<-n1ccc(C(S)[Si](C)(C)C)cc1,2.929900000000001,7.604689973726825
[Li]<-NCCS(=O)(=O)c1ccccc1,0.4189999999999998,2.3379313648994757
[Li]<-O=C1C2CC(C1C)C(C)(C)C2,2.2576,5.516335106808932
[Li]<-N1=CSC2(C)C=CC=CC12N,1.3012,13.828164076537181
[Li]<-N#Cc1sccc1C(F)(F)F,2.63858,1.8387783689363106
[Li]<-n1cccc(-n2cccn2)c1,1.2673,7.604689973726825
[Li]<-N(=O)c1cc(C)c(C)c(C)c1Cl,3.663160000000002,6.7205955355241995
[Li]<-N(C)=C(C)Nc1ccccc1,2.1467,7.389913944766607
[Li]<-[S+]([O-])(c1ccccc1)C(C)C,2.2026000000000003,5.00660541557868
[Li]<-n1ccc(-c2ccc(N)[nH]2)cc1,1.6589,7.604689973726825
[Be]=C(NC(C)=O)N(C(C)C)C(C)C,1.2375899999999995,8.764339786761118
[Li]<-n1ccc(-c2c[nH]cn2)c(C)c1,1.7801199999999997,7.604689973726825
[Li]<-S=C1NCC(C(C)=O)=C(O)N1,-0.1772999999999999,1.8387783689363106
[Be]=C1NC=C(N)N1CC(C)(C)N,-0.6172099999999989,6.800773168834016
[Li]<-N1=COC2c3ccccc3CC21,1.7109,8.933738651432886
[Li]<-n1cn(C)c2ccccc2c1=O,0.9335,8.344597875500293
[Li]<-N#Cc1cccc(N(C)C)c1,1.62428,1.8387783689363106
[Li]<-n1ccc(C)c2c(C)c(C)[nH]c21,2.4881600000000006,8.979115815721336
[Li]<-n1occ(N)c1-c1ccncc1,1.3188,6.7205955355241995
[Li]<-N=C(C)c1ccccc1OC,2.08297,5.765911604790515
[Li]<-P1(c2ccccc2)CC(P)C1,2.0510999999999995,7.479901724736034
[Li]<-n1cc(C(=O)OCC)ccc1N,0.8405,8.979115815721336
[Li]<-O=C1CNC2(CCCCN2)N1,-0.8668999999999998,5.176770828857923
[Li]<-n1ccc2ccccc2c1C,2.5432200000000007,9.318680093672345
[Li]<-N1=COC(C(C)(C)C)C1(C)C,2.2382,10.522940522387612
[Li]<-N(C)c1ccccc1C(N)=O,0.8271999999999999,4.176709733835787
[Li]<-S=C(c1cccc(C)c1)N(C)C,2.23212,1.8387783689363106
[Li]<-n1ccn(-c2nccc(C)n2)c1,0.9707199999999998,7.265125695775816
[Li]<-Nc1ccc(C(=O)OC)cc1C,1.3638199999999998,2.0883548669178933
[Li]<-n1ccc(Cl)c2ccccc21,2.8882000000000003,9.318680093672345
[Li]<-n1cc(C)cc2cc(C)ccc21,2.8516400000000006,9.318680093672345
[Li]<-N1=CC=C(c2ccccc2)CC1,2.544500000000001,7.729478222717616
[Li]<-Nc1cccc(C(=O)NCC)c1,1.0185000000000002,2.0883548669178933
[Be]=C1N(CC)C=CN1NC(C)CO,-0.0232099999999998,6.675984919843224
[Li]<-N(C)c1ccc([Si](C)(C)C)cc1,2.2735000000000003,4.176709733835787
[Li]<-N1CC(C(=O)OCC)CC1CC,0.9375999999999998,6.015488102772097
[Be]=C(c1ccccc1)N1CCCC1,2.16929,8.854327566730545
[Li]<-O=c1c(C=C)c[nH]c(C)c1N,0.90852,5.641123355799723
[Li]<-S=C(OC)C(=C)c1ccccc1,2.6736000000000004,1.963566617927102
[Li]<-n1cccc(C(O)OCC)c1,1.109,7.604689973726825
[Li]<-n1ccc(-c2c[nH]c(C)n2)cc1,1.78012,7.604689973726825
[Li]<-[O-][n+]1cc(C(C)(C)C)ccc1C,1.92592,1.4992140909853016
[Li]<-n1cnn2c(=O)cc(C)n(C)c21,-0.2635800000000001,8.299987259819318
[Be]=C1N(C(C)C)C=CN1C(C)OC,1.47229,6.675984919843224
[Li]<-S=C(NC)c1ccc(OC)cc1,1.5900999999999998,1.8387783689363106
[Be]=C(NCc1cccnc1)N(C)C,0.7290899999999998,8.639551537770327
[Li]<-n1occ(N)c1-c1ccccc1,1.9238,6.7205955355241995
[Be]=C1NC(c2ccccc2)=C(N)S1,1.60409,8.31182896972825
[Be]=C1SC(N)=CN1C(C)C(=O)O,0.2621900000000002,8.187040720737459
[Li]<-n1cccc(C2CCCCC2)c1,3.129300000000001,7.604689973726825
[Li]<-n1cc(-c2cnc(N)s2)sc1N,1.4309999999999998,10.49017161661557
[Li]<-Nc1cc(O)cc(C(=O)O)c1,0.6726000000000001,2.0883548669178933
[Li]<-n1ccn(-c2ccnnc2)c1,0.6622999999999999,7.265125695775816
[Be]=C(C)N1CSc2ccccc21,2.614890000000001,5.551135575830297
[Li]<-n1ccn(CC(=O)C(C)(C)C)c1,1.4983,7.265125695775816
[Li]<-n1cn(CC)c2c(Br)cccc21,2.818700000000001,7.140337446785025
[Li]<-n1cn(-c2ccncc2)c(C)n1,0.9707199999999998,6.800773168834016
[Be]=C1NC(F)(F)CC(C)(C)N1C,1.2791899999999998,8.639551537770327
[Li]<-p1(C)c(C)cc(C(=O)OC)c1C,2.613640000000001,5.765911604790515
[Li]<-n1c(I)ccc2ccccc21,2.8394000000000004,9.193891844681554
[Li]<-n1ccc(C=CC(C)(C)O)cc1,1.8657,7.604689973726825
[Li]<-n1c[nH]c(N2C=CCC2=O)c1C,0.9685199999999998,7.140337446785025
[Li]<-S=C(N)Nc1ccc(C#N)cc1,1.21378,1.963566617927102
[Li]<-N#Cc1csc2ccccc12,2.7729800000000004,1.8387783689363106
[Li]<-n1c(CSC)[nH]c2ccccc21,2.4258999999999995,10.693105935666855
[Li]<-S1Cc2ccc(OC)cc2C1C,3.003000000000001,4.051921484844995
[Li]<-S=c1cccc(OC)n1CC,2.2460900000000006,1.963566617927102
[Li]<-S=c1sc(SC)c(C(F)(F)F)s1,4.27979,1.8387783689363106
[Li]<-n1cc(N)sc1-c1scnc1N,1.431,10.49017161661557
[Li]<-N(C)=CNc1c(C)cccc1C,2.3734400000000004,5.675923824821088
[Be]=C1Sc2ccccc2N1CC,2.614890000000001,10.02581908967377
[Li]<-P12CN3CN(CN(C3)C1P)C2,0.3612999999999997,6.015488102772097
[Li]<-N(CC)Cc1ccccc1F,1.9352,4.301497982826578
[Be]=C1NCN(C(C)C)C1(N)CC,0.3612899999999999,10.26355387774642
[Li]<-n1[nH]cc(C)c1C(=O)OCC,0.8948200000000001,8.979115815721336
[Li]<-N1CCc2cc(C(C)C)ccc21,2.7780000000000005,7.729478222717616
[Li]<-S=C1NCC(C)=C(C(C)=O)N1,0.3270999999999998,1.8387783689363106
[Li]<-n1cc(N)c(C)c2ccccc21,2.12542,9.318680093672345
[Li]<-n1cncn1-c1ccc(Cl)nn1,0.7106999999999992,8.639551537770327
[Li]<-n1cc(-c2ccc(Br)cc2)co1,3.1041000000000016,6.845383784514992
[Li]<-n1cnn(-c2ccc(C)cc2)c1,1.5757199999999998,6.925561417824807
[Li]<-[O-][n+]1cccc(C)c1C(C)(C)C,1.92592,3.5875689579031946
[Li]<-N1=CC=[PH](c2ccccc2)N1C,1.1745,10.433007196690848
[Li]<-N#Cc1cccc([N+](=O)[O-])c1,1.4664799999999998,1.8387783689363106
[Be]=C1OCNC1(C)C(=O)OCC,-0.0757100000000001,10.058587995445812
[Li]<-N#Cc1cccc(C(=O)OC)c1,1.34488,1.8387783689363106
[Li]<-NCc1cnc2ccccc2c1,1.6935,2.462719613890267
[Li]<-S=c1n(CC)ccn1CC=C,2.22499,1.8387783689363106
[Li]<-[Se]1CCC(c2ccccc2)[Se]1,1.8731,9.326584340788775
[Li]<-N#CC(C)=Nc1ccccc1Br,3.065080000000001,1.8387783689363106
[Li]<-P(C)(C(=S)SC)c1ccccc1,3.071500000000001,5.890699853781306
[Li]<-n1ccc(-c2ccc(C)s2)cc1,3.118520000000001,7.604689973726825
[Li]<-n1nc(NC(C)=O)c(C)cc1N,0.3256199999999997,8.514763288779536
[Li]<-N(c1cccc(OC)c1)C(C)C,2.5155000000000003,5.765911604790515
[Li]<-NCc1ccc(C(N)=O)cc1,0.2441999999999998,2.3379313648994757
[Li]<-n1ccc(C2CNC(N)O2)cc1,-0.0152000000000005,7.604689973726825
[Li]<-N(CCOC)Cc1ccccc1,1.4226,4.301497982826578
[Li]<-n1nc(-c2ccccc2)cn1C,1.4820999999999998,8.514763288779536
[Li]<-n1ccc(C=CC(C)=O)cc1,1.6838,7.604689973726825
[Be]=C1NCN(C(C)(C)C)C1(C)N,0.36129,10.26355387774642
[Li]<-n1cn(C)c2ncnc(O)c21,0.0688999999999996,7.140337446785025
[Li]<-n1cccc(NS(=O)CC)c1C,1.48552,9.318680093672345
[Li]<-P(C)(CCBr)c1ccccc1,2.818500000000001,6.140276351762889
[Be]=C1N(C(C)C)C=CN1C(C)C#N,1.39197,6.675984919843224
[Li]<-N1CCC(c2ccncc2)C1,1.1585,6.140276351762889
[Be]=C(C)NC(C)c1ccccc1,2.3958900000000005,3.9619337048755683
[Be]=C1C(N)NCNC1(N)C(O)O,-3.531509999999999,11.63797971974093
[Li]<-n1ccc(N(C)C(C)O)cc1,0.8560999999999999,7.604689973726825
[Li]<-S=C1NC2(C)C=CC=CC2S1,1.861,1.8387783689363106
[Li]<-N1CCN(C)CCN(C)CC1,-0.5467999999999982,4.42628623181737
[Be]=C1NCC(c2ccccc2)O1,1.3437899999999998,6.505819506563983
[Li]<-n1cccc2c(C)cccc21,2.5432200000000007,9.318680093672345
[Li]<-Pc1cccc(C(F)(F)F)c1,2.205800000000001,2.0883548669178933
[Li]<-N(=CC)c1ccc(NCC)cc1,2.840600000000001,9.318680093672345
[Li]<-n1cccc(C(=C)C(=O)OC)c1,1.2677999999999998,7.604689973726825
[Li]<-S1c2ccccc2CC1(C)C,3.113400000000002,3.6775567378726213
[Li]<-O=c1[nH]c2cccc(C)c2[nH]1,1.16462,4.837206550906914
[Be]=C1N(C)C(C#N)=C2C=CC=CN12,1.04877,6.675984919843224
[Li]<-n1cccc(C(=O)OC)c1CCl,1.607,9.318680093672345
[Li]<-N1CC(c2ccccc2)C=N1,1.3592,7.389913944766607
[Li]<-N1=CC(C)c2cc(OC)ccc21,2.5146000000000006,7.479901724736034
[Li]<-n1cc(-c2ccccc2)[nH]c1C,2.38512,7.140337446785025
[Li]<-n1csc(-c2ccco2)c1N,1.9853,11.98938570760087
[Li]<-n1cc([N+](=O)[O-])n(CCO)c1,-0.2164000000000001,7.265125695775816
[Be]=C(NC(C)C)c1ccccc1,2.07149,7.140337446785025
[Li]<-n1c[nH]c2cc(C)cc(Br)c21,2.63382,7.140337446785025
[Be]=C1NC2(CCCCN2)NC1N,-1.0699099999999997,8.5495637578009
[Li]<-n1ccn(-c2ccccc2)c1C,2.18072,7.140337446785025
[Li]<-NC(C)c1ccc(C)c(C)c1,2.3231400000000004,2.2131431159086845
[Li]<-N(CCO)Cc1cccnc1,0.1634999999999997,4.301497982826578
[Be]=C1Oc2c(OC)cccc2N1C,1.52009,6.3810312575731905
[Li]<-O=C(OC)c1ccc(C)cc1,1.78162,5.00660541557868
[Li]<-n1ccccc1-c1[nH]ncc1C,1.78012,9.318680093672345
[Li]<-n1ccc(-c2cc(C)[nH]n2)cc1,1.7801199999999993,7.604689973726825
[Li]<-NCC(=C)OCc1ccccc1,1.6756,2.462719613890267
[Be]=C(C)Nc1ccc(Cl)c(F)c1,2.9496900000000004,5.675923824821088
[Be]=C=NCc1cccc(C#N)c1,1.51288,3.337992459921612
[Li]<-Nc1ccccc1-c1ccoc1,2.5288000000000004,2.0883548669178933
[Li]<-N(C)=C(C)Nc1ccccc1O,1.8523,7.389913944766607
[Li]<-N#Cc1ccccc1C(=O)O,1.25648,1.8387783689363106
[Be]=C1N(C(C)C)C=CN1C(C)(O)O,0.1381899999999999,6.675984919843224
[Li]<-P(Cc1ccccc1)[Si](C)(C)C,3.700000000000002,7.941862452470901
[Be]=C1OC(C)(N2CCCC2)NC1N,-0.3007099999999997,8.129821846540075
[Li]<-N1CCCC1c1nn[nH]c1C,0.53762,7.854266471708408
[Li]<-n1ccn(C=Cc2ccco2)c1,2.104,7.265125695775816
[Li]<-n1ccc(C(=C)C(C)(C)C)cc1,3.140900000000002,7.604689973726825
[Li]<-n1cccc(Cc2c[nH]cn2)c1,1.3955,7.604689973726825
[Be]=C(NCC=C)c1ccccc1C,2.1575100000000003,8.979115815721336
[Be]=C1N(C(C)C)C=CN1C(C)N,0.78459,6.675984919843224
[Li]<-S=C(C(=C)C)c1ccccc1,2.980700000000001,1.8387783689363106
[Li]<-n1ccc(-c2ccncn2)cc1,1.5385999999999995,7.604689973726825
[Li]<-N(C(=C)C)=C1NC(N)NC1N,-1.3615999999999986,8.854327566730545
[Li]<-n1cnc2[nH]c(C)c(O)c(=O)n21,-0.56838,8.639551537770327
[Li]<-n1ccc(C(C)=O)c(C(C)=O)c1,1.4868,7.604689973726825
[Li]<-P1(C([SiH3])[Si](C)(C)C)OCC1C,1.3708999999999998,6.845383784514991
[Li]<-n1ccc(C(=O)NCCO)cc1,-0.1963000000000003,7.604689973726825
[Li]<-S=c1n(CCC)ccn1C(C)C,3.009990000000002,1.8387783689363106
[Li]<-n1cccc(C=NN(C)C)c1,0.9771,7.604689973726825
[Li]<-NCc1cccc([N+](=O)[O-])c1,1.0535,2.3379313648994757
[Li]<-N(=C(C)C)c1ccccc1F,2.938000000000001,11.032670213617864
[Be]=C(NC(=O)CC(=O)OC)C(C)C,0.36049,9.228692313702918
[Li]<-P1(CN(C)C)NC(N)C(N)N1,-1.4201999999999977,7.17513791580639
[Li]<-n1cn(C(C)C)c2ccccc21,2.6172000000000013,7.140337446785025
[Be]=C1Nc2c(cccc2C(C)C)O1,2.61059,6.505819506563983
[Li]<-O=C1CNC(N)(c2c[nH]cn2)N1,-1.8019,5.176770828857923
[Li]<-N=C(CC)OC(C)(C)C(F)(F)F,2.7311700000000005,5.006605415578681
[Li]<-n1c(-c2ccccc2)ccn1S,2.2429999999999994,7.0155491977942335
[Li]<-n1csc2cc(N(C)C)ccc21,2.3623000000000003,7.479901724736034
[Li]<-N1=C(c2ccccc2)OCC1N,0.7481999999999995,10.308164493427395
[Be]=C1OC=C2CCC=CC2=C1C,2.6057900000000007,6.7205955355241995
[Li]<-S=C(Cc1ccccc1)N(C)C,2.1181,1.963566617927102
[Li]<-n1ccc(C2CCN(C)C2)cc1,1.5007,7.604689973726825
[Li]<-Nc1ccc2ccccc2c1,2.4220000000000006,2.0883548669178933
[Li]<-P(O)(c1ccccc1)C(F)(F)F,2.2208999999999994,5.00660541557868
[Li]<-Nc1cccc(OC)c1C(=O)O,0.9756,2.0883548669178933
[Li]<-O=Cc1cccc(OC)c1OC,1.5162999999999998,3.9271332358542037
[Li]<-NCCc1c(C)cc(C)cc1C,2.11306,2.3379313648994757
[Li]<-n1ccn(C)c1-c1ccccc1,2.0871,7.140337446785025
[Li]<-N(O)=Cc1ccc(OC)cc1,1.5033,5.1313936645694715
[Li]<-Nc1ccc(CC(N)=O)cc1,0.2965999999999996,2.0883548669178933
[Li]<-N(N)c1cccc(CC(=O)O)c1,0.5993000000000002,3.712357206893986
[Li]<-N(=c1[nH]c(N)c(N)[nH]1)C(C)Cl,-0.0073000000000001,8.639551537770327
[Li]<-n1c(C)[nH]c2cc(C=C)ccc21,2.51432,8.854327566730545
[Be]=C1C2NC(C)NC1(N)C(N)C2N,-2.7017099999999985,13.816322366628249
[Li]<-P(C)(OCC)c1ccc(C)cc1,2.683520000000001,5.256181913560263
[Li]<-n1[nH]pc(-c2ccccc2)c1N,2.239,11.93222128767615
[Li]<-[Se]1C(=C)C2C=CC=CC21SC,2.0194,5.516335106808932
[Li]<-NCC(C)c1ccc(C)cc1,2.05722,2.3379313648994757
[Li]<-P(O)(c1ccoc1)C(F)(F)Br,2.2393,5.00660541557868
[Li]<-S=C1N(C)CC=CN1CCCC,1.8325,2.0883548669178933
[Li]<-S=c1[nH]cc(N)n1C(=O)CO,-0.23961,1.8387783689363106
[Li]<-P(C)(O)c1ccc(C#N)cc1,1.20258,5.380970162551054
[Li]<-N(=CC(C)(C)C)c1ccccc1,3.4350000000000023,9.318680093672345
[Li]<-O=Cc1ccc(N(C)C)cc1,1.5651,3.9271332358542037
[Li]<-n1cc(-c2ccco2)sc1N,1.9853,5.641123355799723
[Be]=C(NC1(C)CC1)N1CCCC1,1.2205899999999998,4.961994799897705
[Li]<-S=Cc1ccccc1C(C)(C)C,3.331900000000002,1.963566617927102
[Be]=C1N(C)C=CN1Cn1ccnc1,0.5554899999999999,6.675984919843224
[Li]<-O=CC(C)NC1CCCCC1,1.4960999999999998,3.8023449868634125
[Li]<-NCC12CCCC(C1)C2(C)C,2.1615,2.3379313648994757
[Li]<-S=C1CCNCC(N)(CC)C1,0.8471999999999998,1.8387783689363106
[Li]<-N#CSc1nccnc1C=C,1.69278,1.8387783689363106
[Li]<-NCc1cc(OC)cc(OC)c1,1.1625,2.462719613890267
[Li]<-N1CCc2c(OC)cccc21,1.6631999999999998,7.729478222717616
[Li]<-N1NC12C(C)CCCC2C(C)C,1.8827,3.5875689579031946
[Li]<-n1ccn(CC(C)C(=O)OC)c1,0.6921999999999998,7.265125695775816
[Li]<-n1ccn(CCn2ccnc2)c1,0.7797999999999998,7.265125695775816
[Be]=C1N(C)C(C#N)=NN1C(C)(C)C,0.86567,6.336420641892215
[Be]=C=NCS(=O)(=O)c1ccccc1,0.8724000000000001,3.337992459921612
[Li]<-S(CCC)CCc1ccccc1,3.372300000000002,4.176709733835787
[Li]<-N(Cc1ccccc1)CC(C)C,2.432200000000001,4.42628623181737
[Li]<-n1nn(CC(=O)OCC)nc1N,-1.1815999999999995,7.835634732877517
[Li]<-N(=C(C)C)c1cccc(C)c1,3.1073200000000014,11.032670213617864
[Li]<-S(CCOCC)CCC(C)C,2.802200000000001,4.176709733835787
[Li]<-n1cc(-c2csc(Cl)n2)sc1C,3.2284200000000007,5.641123355799723
[Li]<-n1[nH]c2c(=O)[nH]cnc2c1C,-0.0453799999999999,7.140337446785025
[Li]<-O=c1cc(P)c2ccccc2o1,1.2934,4.88181716658789
[Li]<-n1ccn(Cc2cccs2)c1,1.9929,7.265125695775816
[Be]=C1Oc2cc(C)c(C)cc2N1C,2.12833,6.3810312575731905
[Li]<-NCc1c(C)cc(C)cc1C,2.07056,2.3379313648994757
[Li]<-N#CN=Cc1cccc(C)c1C,2.2034200000000004,3.337992459921612
[Be]=C(NC(C)(C)C)c1ccccc1,2.46159,7.140337446785025
[Li]<-n1nc(-c2ccccc2)oc1C,2.04502,6.381031257573191
[Li]<-n1ccn(C(C)C(C)=NC)c1,1.5348,7.265125695775816
[Li]<-n1[nH]c(C(O)(O)C(O)O)cc1C,-1.8337800000000004,7.140337446785025
[Li]<-N1=CN(Cc2ccccc2)CC1,1.5305000000000002,7.389913944766607
[Li]<-n1cccc(C=NC(C)C)c1,1.9089,7.604689973726825
[Li]<-n1cccc(CC(C)(C)C)c1,2.670200000000001,7.604689973726825
[Be]=C1Nc2ccc(C)cc2N1C,1.85301,6.800773168834016
[Li]<-N1=COC(C)(C)C1C(=O)OC,0.3650999999999998,8.808950402442093
[Li]<-N=C(CC)OC(C)C(F)(F)F,2.34107,5.131393664569472
[Li]<-n1ccc(C)c(C(C)=NC)c1,1.82882,7.604689973726825
[Li]<-n1ccn(-c2cccc[n+]2[O-])c1,0.5057000000000001,7.265125695775816
[Li]<-n1ccc(NC(C)=O)cc1C,1.3484199999999995,9.318680093672345
[Be]=C(C)Nc1ccc(OCC)cc1,2.5558900000000007,5.80071207381188
[Li]<-n1ccn(N)c1-c1ccccc1,1.2638999999999996,7.140337446785025
[Li]<-n1ccccc1C1CCNCC1,1.5486,7.479901724736034
[Li]<-n1cc(O)c(C)c(C(C)=O)c1,1.29822,7.604689973726825
[Li]<-n1cccc2c(C)c(C)[nH]c21,2.17974,8.979115815721336
[Li]<-N#Cc1ccc(N(C)C)cc1,1.62428,1.8387783689363106
[Li]<-n1cncc(N=C(C)C(C)=O)c1,1.158,7.265125695775816
[Li]<-n1ccc(CNC(C)=O)cc1,0.7177,7.604689973726825
[Li]<-N(=CC(C)C)c1ccccc1,3.044900000000001,9.318680093672345
[Li]<-NCc1ccc(C(=O)OC)cc1,0.9319,2.462719613890267
[Li]<-S(Cc1ccccc1)C(C)C,3.3282000000000016,4.051921484844995
[Be]=C(CC)Nc1ccccc1I,3.1518900000000016,7.514702193757399
[Li]<-S=C(C)Nc1cccc(C)c1C,3.062640000000002,1.963566617927102
[Li]<-n1ccn(C(C)O)c1[N+](=O)[O-],0.3020999999999999,8.639551537770327
[Li]<-[O-][n+]1cccc(C(C)(C)C)c1,1.6175,1.4992140909853016
[Li]<-N(C)Cc1cccc(C(C)=O)c1,1.6086,4.551074480808161
[Li]<-N=C(CC)n1ccc(C(C)=O)n1,1.32107,5.301559077848714
[Be]=C1N(C)CC2N1CCCC2(C)C,1.41869,6.675984919843224
[Li]<-n1cn(C)cc1-c1ccccc1,2.0871,7.140337446785025
[Li]<-NC(P)c1ccccc1C=O,1.3315,2.3379313648994757
[Li]<-N(CCOC)c1ccccc1,1.7449,4.051921484844995
[Li]<-S1CC(C)(C)c2ccccc21,3.0699000000000014,3.9271332358542037
[Li]<-[nH]1ncc(N)c1-c1ccccc1,1.6589,7.140337446785025
[Li]<-n1c(-c2csc(N)n2)csc1C,2.15722,10.365383367624778
[Be]=C(C#N)Nc1ccc(C=C)cc1,2.30387,5.4263473268395055
[Li]<-NCC(CO)Cc1ccccc1,0.7962999999999997,2.3379313648994757
[Li]<-O=C(c1ccccc1)N(C)C,1.3884,5.4263473268395055
[Li]<-S=C1N(C(C)C)CCN1C(C)C,1.7057,1.963566617927102
[Li]<-n1nn(C)nc1CC(=O)OC,-1.0744000000000002,6.336420641892215
[Li]<-Nc1cccc(CC)c1CC,2.3936,2.2131431159086845
[Li]<-O=C(CC#C)c1ccccc1,1.8926,5.516335106808932
[Li]<-n1ccn(CCOCC=C)c1,1.0857,7.265125695775816
[Li]<-n1cccc(C=NC(C)=O)c1,1.047,7.604689973726825
[Li]<-n1c(N)sc2cc(Cl)ccc21,2.5319000000000003,12.204161736561089
[Li]<-Nc1ccccc1C(=O)OC,1.0554,2.0883548669178933
[Li]<-N1C(C(=O)O)CCC1C(=O)OC,-0.6354000000000004,5.890699853781306
[Li]<-S1c2ccc(F)cc2CC1C,2.862400000000001,3.8023449868634125
[Li]<-O=C(C)Nc1ccccc1F,1.7840999999999998,5.4263473268395055
[Li]<-N(CC)=C1C(=O)C2CCC1C2,1.4463,9.443468342663136
[Li]<-N#Cc1cc(C)c(C)c(C)c1,2.4835400000000005,3.6775567378726213
[Li]<-N=c1[nH]c(OCC)cn1C(C)C,1.27527,4.961994799897705
[Li]<-n1cccc(-c2cccnc2)c1,2.1436,7.604689973726825
[Li]<-n1n[nH]c(N)c1-c1ccccc1,1.0538999999999996,6.675984919843224
[Li]<-NC12CC3CC(CC(C)(C3)C1)C2,2.3040000000000003,2.0883548669178933
[Li]<-n1ccc(P)c(-n2ccnc2)c1,0.7676999999999998,7.604689973726825
[Li]<-O=C(O)C(O)c1ccccc1,0.8046,4.881817166587889
[Li]<-n1c(OC(C)C)[nH]c2[nH]ccc21,1.6782,8.219809626509502
[Li]<-Nc1cc(I)cc(C(=O)O)c1,1.5716,2.0883548669178933
[Li]<-Nc1c(C)cccc1C(N)=O,0.6761200000000002,2.0883548669178933
[Li]<-S(CC)C(C)Nc1ccccc1,3.1976000000000013,4.051921484844995
[Li]<-n1cn(CCO)cc1[N+](=O)[O-],-0.2164000000000001,8.639551537770327
[Li]<-n1ccn(-c2ccc(F)cc2)c1,2.0114,7.265125695775816
[Li]<-P12CN3CN(C1)C(P)N(C3)C2,0.3612999999999997,6.140276351762889
[Li]<-S=c1[nH]ccn1CC(=O)CC,1.52479,1.8387783689363106
[Li]<-S=C(C)Nc1ccccc1OC,2.4544000000000006,1.963566617927102
[Li]<-n1ccc(C=NOC)cc1CO,0.5542,9.318680093672345
[Be]=C1N(CCCC)C=C(N)N1C,0.7877900000000001,8.514763288779536
[Li]<-N1=C(C)ON(CC(=C)C)C1C,1.5741,10.308164493427395
[Li]<-n1cn(C)c2cc(OC)ccc21,1.5819,7.140337446785025
[Li]<-N1=CC(OCC)c2ccccc21,2.4801,7.479901724736034
[Li]<-N#CCc1ccccc1N(C)C,1.81868,1.8387783689363106
[Li]<-n1c(C=O)ccc2ccccc21,2.0473,11.032670213617864
[Li]<-n1cn(N(CC)CC)c(C)n1,0.5643199999999999,6.800773168834016
[Li]<-n1ccc(I)cc1-c1cc[nH]c1,2.6813,9.318680093672345
[Li]<-S=C1CN(C)C(Cl)N=CN1C,0.7416999999999999,1.963566617927102
[Li]<-N1C=CN(c2cccc(C)c2)C1,1.83332,7.514702193757399
[Li]<-N(=Cc1ccccc1)C(C)O,1.4438,8.933738651432884
[Li]<-S=c1ccc2cccc(C)c2o1,3.4707100000000013,1.8387783689363106
[Li]<-n1ccc(C(=O)O)cc1CO,0.2721,9.318680093672345
[Li]<-n1cccc(N=C(C)C)c1C,2.502320000000001,9.318680093672345
[Li]<-NC(C)(CO)c1ccccc1,0.8528,2.2131431159086845
[Li]<-O=C(C)Nc1cccc(C)c1,1.95342,5.4263473268395055
[Li]<-P1(CN(C)C)CC(C)C(C)C1C,2.6617000000000006,5.641123355799723
[Be]=C1NC(F)(F)C(C)(C)N1CC,1.2791899999999998,6.800773168834016
[Li]<-S=CN(CCOC)CCOC,0.5384,1.963566617927102
[Li]<-n1ccnc2cc(C)ccc21,1.93822,9.318680093672345
[Li]<-N(=O)c1c(C)cc(C)cc1C,3.0097600000000018,6.845383784514991
[Li]<-n1ccn(-c2ccncn2)c1,0.6622999999999998,7.265125695775816
[Be]=C(C#N)Nc1cccc(OC)c1,1.6694699999999998,5.301559077848714
[Be]=C1CC2(CCC(=O)C2)OC1C,1.36829,8.933738651432886
[Li]<-Nc1cccc(C(=O)OCC)c1,1.4455,2.0883548669178933
[Be]=C1CN(Cc2ccccc2)C1,1.5834899999999998,5.675923824821088
[Li]<-P(C#C)(CCI)c1ccccc1,2.819500000000001,5.765911604790515
[Li]<-N(C(=C)C)=c1[nH]c(N)c(N)[nH]1,-0.0585,8.514763288779536
[Li]<-n1cccc2c(O)cccc21,1.9404,9.318680093672345
[Li]<-n1c(N)sc2cccc(C)c21,2.18692,12.204161736561089
[Li]<-Nc1ccc(C2CCCC2)cc1,2.926400000000002,2.0883548669178933
[Li]<-S=C(N)NC(=O)c1ccccc1,0.6600000000000001,3.0430387976515787
[Be]=C1Sc2c(C)cccc2N1C,2.5332100000000004,8.187040720737459
[Li]<-n1cc(-c2cccs2)n(C)c1,2.1486,7.265125695775816
[Li]<-n1cccc(C2OCNC2N)c1,-0.0152000000000005,7.604689973726825
[Li]<-n1cccc(C)c1CN(C)C,1.45162,9.318680093672345
[Li]<-O=C(c1ccc[nH]1)n1cccn1,0.8996999999999998,5.176770828857923
[Li]<-S=c1[nH]c(Cl)cn1C(C)(C)C,2.9540900000000008,1.8387783689363106
[Li]<-n1nn(C(C)C)c2ccccc21,2.0122,8.514763288779536
[Li]<-NC(CC(=O)OC)C(=O)OC,-0.9501999999999992,4.051921484844995
[Li]<-P(Br)(Cc1ccccc1)OB,2.4581,10.530844769504043
[Li]<-N1=CCC(c2ccccc2C)C1,2.5531200000000007,7.729478222717616
[Li]<-n1[nH]c(C)cc1-c1ccccc1,2.38512,7.140337446785025
[Li]<-Nc1ccccc1CC(=O)O,0.8958999999999999,2.0883548669178933
[Li]<-n1cn(-c2ccncc2)nc1C,0.9707199999999998,6.800773168834016
[Li]<-NCc1c(C)ccc(C)c1N,1.34434,3.9619337048755683
[Li]<-n1ccc(N=C)c2ccccc21,2.5669000000000004,9.318680093672345
[Li]<-O=C1C(=O)NCNC1(N)C(C)C,-1.4565999999999997,5.641123355799723
[Li]<-Nc1ncc(Cl)c(NC(C)C)n1,1.5324999999999998,2.0883548669178933
[Li]<-O=C(O)c1ccccc1OC,1.3934,5.00660541557868
[Li]<-O=C(OCC)c1ccccc1,1.8633,5.1313936645694715
[Li]<-N#Cc1ccccc1N(C)C,1.62428,1.8387783689363106
[Li]<-S=c1n(CC)ccn1C(C)C,2.6198900000000007,1.8387783689363106
[Li]<-n1cc(-c2ccccc2)c[nH]1,2.0767,7.265125695775816
[Li]<-N(CCCC)CC(=O)OCC,0.9392,4.301497982826578
[Li]<-n1ccccc1CC(C)(C)N,1.3614000000000002,9.318680093672345
[Li]<-S=C(C)Nc1ccc(OC)cc1,2.4544000000000006,1.8387783689363106
[Li]<-NC(N)c1cccc(N=C=O)c1,0.5699000000000001,2.2131431159086845
[Li]<-N(=CC(=O)OC)C1CCCCC1,1.5629,9.568256591653928
[Li]<-n1ccc(C)c2ncccc21,1.93822,9.318680093672345
[Li]<-N#Cc1cc(F)c(F)c(F)c1F,2.11468,3.6775567378726213
[Li]<-N(CC(=O)OC)CC(=O)OCC,-0.6878999999999993,6.140276351762889
[Li]<-S=c1sc(C)c(NCC=C)s1,3.4454100000000016,1.8387783689363106
[Li]<-n1ccc(-c2cnc[nH]2)cc1,1.4716999999999998,7.604689973726825
[Li]<-N=c1[nH]c(=O)c(C)cn1OC,-0.9773099999999996,4.961994799897705
[Li]<-N1CCC(N)(c2ccccc2)C1,0.8339000000000001,6.140276351762889
[Li]<-P(C(C)C)(C(C)C)n1cccc1,3.549900000000002,5.4263473268395055
[Li]<-n1ccn(CCC)c1NC(C)=O,1.2514999999999998,8.639551537770327
[Li]<-O=C1C(C)COCC1OCC,0.6269,5.516335106808932
[Li]<-n1ccn(CC(F)C(C)C)c1,1.8772,7.265125695775816
[Li]<-N(C)=C(F)c1cccc(F)c1,2.1716,6.666434478176311
[Li]<-S=C(NC(C)(C)C)NC(C)(C)C,2.0475000000000003,1.8387783689363106
[Li]<-P1=CCC=C(c2ccccc2)C1,3.222100000000001,4.051921484844995
[Li]<-NCC(C)(N=C)c1ccccc1,1.5611000000000002,2.3379313648994757
[Li]<-n1cn(-c2cccc(C)n2)cn1,0.97072,6.800773168834016
[Li]<-n1cccc(C2CCNCC2)c1,1.5486,7.604689973726825
[Li]<-n1c(CC)[nH]c2ccccc21,2.1253,7.0155491977942335
[Li]<-N1=CCCC(c2ccccc2)C1,2.634800000000001,7.729478222717616
[Li]<-S=c1[nH]ccn1CC(=O)OCC,1.10879,1.8387783689363106
[Li]<-n1nn(CC(F)(F)F)nc1C,0.54382,6.336420641892215
[Li]<-N=c1[nH]c(N)c(-c2ccsc2)[nH]1,1.13297,4.961994799897705
[Li]<-n1ccccc1-c1nccn1C,1.4820999999999998,9.318680093672345
[Li]<-n1cccn1Cc1ccccn1,1.3264,7.140337446785025
[Be]=C(C#N)Nc1ccccc1OC,1.6694699999999998,5.4263473268395055
[Li]<-O=CC(N)=C(N)c1ccccc1,0.4714999999999997,5.4263473268395055
[Li]<-n1c(C)c(C)cc2ccccc21,2.851640000000001,11.032670213617864
[Li]<-S=C1NC(C)=CCN1NC(C)=O,0.1314,1.8387783689363106
[Li]<-S1Cc2cc(F)c(F)c(F)c2C1,2.8507000000000007,4.176709733835787
[Li]<-NC(C)(C(=O)OC)C(=O)OCC,-0.5600999999999996,2.0883548669178933
[Li]<-P(O)(c1cccs1)C(C)(C)C,2.5611000000000006,5.00660541557868
[Li]<-n1c[nH]c2ccc(C(C)C)cc21,2.686300000000001,7.140337446785025
[Li]<-S1C(C)C2(CCC2)C1C(C)(C)C,3.706700000000003,5.765911604790515
[Li]<-n1cnc2c(c1)CNC(=O)N2,0.1117000000000001,7.265125695775816
[Be]=C1OCC2N1C(=O)C=CC2(C)C,0.80609,6.3810312575731905
[Be]=C1c2ccccc2CCN1C,1.5613899999999998,10.693105935666855
[Li]<-n1cccc2cc(Br)ccc21,2.997300000000001,9.318680093672345
[Li]<-N(C)=C(C)Oc1ccccc1,2.1136,7.094960282496574
[Li]<-N1=COC(C(C)(C)O)C1(C)C,0.963,10.647728771378404
[Be]=C1NC(C)(C)N(CC)C1(C)C,1.46499,10.478329906706637
[Li]<-n1cn[nH]c1-c1ccncc1,0.8666999999999998,6.800773168834016
[Li]<-n1ccc(C=NNC(C)=O)cc1,0.5516000000000001,7.604689973726825
[Li]<-n1cccc2ccc(OP)cc21,2.4037000000000006,9.318680093672345
[Li]<-NCc1cccc(C(=O)OC)c1,0.9319,2.3379313648994757
[Li]<-N=Cc1cc(OC)ccc1OC,1.7014699999999998,3.9271332358542037
[Li]<-n1cn(-c2cccc(C)c2)cn1,1.57572,6.800773168834016
[Li]<-n1cn(C)nc1-c1ccccc1,1.4820999999999998,6.800773168834016
[Li]<-NCc1ccccc1C(=O)O,0.8435000000000001,2.3379313648994757
[Li]<-n1cnn(-c2ccccn2)c1C,0.9707199999999998,6.800773168834016
[Li]<-O=C(Cl)CNc1ccc(Cl)cc1,2.5173000000000005,3.8023449868634125
[Li]<-n1ccc(-c2csc(=O)s2)cc1,2.2318,7.604689973726825
[Li]<-N#CC=Nc1ccccc1OC,1.92108,1.8387783689363106
[Li]<-S=c1n(C)ccn1CC(C)=O,1.14509,1.8387783689363106
[Li]<-n1ccn(-c2ccccc2F)c1,2.0114,7.265125695775816
[Li]<-n1ccc(-c2n[nH]c(C)n2)cc1,1.17512,7.604689973726825
[Li]<-N1=CC1c1cccc(OC)c1,1.8207,5.765911604790515
[Li]<-N(=c1[nH]c(N)c(N)[nH]1)C(C)(O)O,-1.9338,11.048072395200862
[Be]=C1N(C)C=CN1CC(=O)OCC,0.2643900000000001,6.675984919843224
[Li]<-n1ccn(C(C)C(C)(C)C)c1,2.4902000000000006,7.265125695775816
[Li]<-Nc1ccc(C)c(C)c1N(C)C,1.95164,2.0883548669178933
[Li]<-n1ncccc1N=CC(C)(C)C,2.225,8.514763288779536
[Li]<-n1cc[nH]c1C=Cc1ncc[nH]1,1.3032,8.979115815721336
[Li]<-n1ccn(-c2cncc(C)c2)c1,1.5757199999999998,7.265125695775816
[Li]<-n1cccc(-c2nccn2C)c1,1.4820999999999998,7.604689973726825
[Li]<-n1ccc(C(C)(C)N(C)C)cc1,1.8783,7.604689973726825
[Li]<-P1(C(C)(C)C)OC1[Si](C)(C)C,3.4155000000000024,4.881817166587889
[Li]<-n1csc2cc(C(=O)O)ccc21,1.9945,7.479901724736034
[Li]<-n1ccc(C(=C)C(C)=O)cc1,1.6838,7.604689973726825
[Li]<-P(O)(c1nccn1C)C(C)(C)C,1.2331,5.00660541557868
[Li]<-O=C(C)c1ccccc1OC,1.8978,6.845383784514992
[Li]<-N(CC)Cc1ccccc1OC,1.8047,4.301497982826578
[Li]<-S=C1NC=C(C)C(C(C)(C)C)N1,1.7826,1.8387783689363106
[Be]=C1NN=CN1Cc1ccccc1,1.0313899999999998,6.4612088908830065
[Li]<-N(CCC)Cc1ccccc1,2.1862000000000004,4.301497982826578
[Li]<-N1=COC(c2ccccc2)C1N,1.0710000000000002,8.469386124491084
[Li]<-n1ccc2c(c1)C(C)(C)C(O)C2,1.2762,7.604689973726825
[Li]<-n1cc(CC=C)ccc1CO,1.3024,9.318680093672345
[Li]<-O=c1cc2c(cn1CC)OCO2,0.5968999999999999,5.301559077848714
[Li]<-O=C1NCCN1CC(=O)OC,-0.8154000000000003,4.837206550906914
[Li]<-N#Cc1cccc(C(F)(F)F)c1,2.5770800000000005,3.6775567378726213
[Li]<-n1cccc(-c2cncnc2)c1,1.5385999999999995,7.604689973726825
[Li]<-NCc1ccnc2ccccc12,1.6935,2.462719613890267
[Li]<-NCc1ccccc1C(=O)OC,0.9319,2.3379313648994757
[Li]<-N(=CC(=O)OC)c1ccccc1,1.5618999999999998,9.318680093672345
[Li]<-n1cnn(Cc2ccccc2)c1,1.3263999999999998,6.925561417824807
[Li]<-n1nn(C(C)(C)C)cc1OC,1.0416999999999998,7.880245348558493
[Li]<-N1=C(c2ccccc2)N(C)CC1,1.3786,9.103904064712127
[Li]<-P(F)(CC(C)(S)S)C(C)(C)C,3.7271000000000014,4.702867860249209
[Li]<-n1ccn(-c2cccc(C)c2)c1,2.18072,7.265125695775816
[Li]<-N(Cc1ccccc1)=C(C)N,1.5637,9.103904064712127
[Li]<-n1ccccc1C1OCCN1C,1.0421999999999998,9.318680093672345
[Be]=C1CN(CC)C(C)(C)N1C(C)C,1.80719,6.925561417824807
[Li]<-n1cc(C)cc(C(=C)C(=O)O)c1,1.48782,7.604689973726825
[Li]<-N1=CCCC1=NN1CCCCC1,1.6504,8.979115815721336
[Li]<-S=C(NC(C)C)c1ccccc1,2.3601,1.8387783689363106
[Li]<-NC(C)c1ccco1,1.2993,2.2131431159086845
[Li]<-[O-][S+](CCC)CCC,1.5551,4.849048260815846
[Be]=C(N)N1CCOCC1,-0.72641,3.2480046799521856
[Li]<-Nc1cnc(O)nc1,-0.2355999999999999,2.0883548669178933
[Li]<-n1cccc(C=C)c1,1.7246,7.604689973726825
[Li]<-n1cc(C)c(N)[nH]1,0.30032,7.265125695775816
[Li]<-N=C(C)OCCO,-0.0075299999999999,5.006605415578681
[Li]<-n1nn(CC)cc1C,0.60642,8.514763288779536
[Be]=C(SCC)N(C)C,1.29739,8.187040720737459
[Li]<-N1=C(C)C=NCC1,0.5317000000000001,9.443468342663136
[Li]<-N(C)=CCC(C)C,1.7331,6.015488102772097
[Be]=C1SC=C(C)N1C,1.52259,10.02581908967377
[Li]<-n1cnc(C)cc1N,0.36722,8.639551537770327
[Li]<-S=C1CNCC1=O,-0.4714,1.8387783689363106
[Li]<-N(C(C)C)C(C)O,0.3226999999999998,5.256181913560264
[Li]<-n1cc(C)n(N)c1,-0.0946799999999999,7.265125695775816
[Li]<-n1nc(C)n(C)n1,-0.4814800000000001,6.336420641892215
[Li]<-NCC(=O)N(C)C,-0.9666999999999996,2.3379313648994757
[Li]<-S=c1cc(C)cc[nH]1,2.05261,1.8387783689363106
[Li]<-NC1(C(=O)OC)CC1,-0.3493000000000001,2.0883548669178933
[Li]<-n1c(C)ncn1C=C,0.68702,8.514763288779536
[Li]<-O=c1ccoc(C)c1,0.9482199999999998,5.516335106808932
[Li]<-N(CCC)C(C)C,1.3944,4.42628623181737
[Li]<-[O-][N+](=N)C(C)(C)C,1.3261699999999998,3.2480046799521856
[Li]<-NCC(C)(C)OC,0.3701000000000002,2.3379313648994757
[Li]<-n1ccn(C#C)c1C,0.63032,7.140337446785025
[Li]<-N1=C2SCCN2CC1,0.4047999999999999,7.265125695775816
[Li]<-N=C(C=C)OCC,1.18617,5.006605415578681
[Li]<-S=C(C)N1CC=CC1,1.2055,1.8387783689363106
[Li]<-N=c1[nH]ccn1CC,0.3155699999999999,4.961994799897705
[Be]=C(C#N)NC(=C)C,0.67197,5.301559077848714
[Li]<-N=C(CC=C)OC,1.18617,5.006605415578681
[Li]<-O=c1[nH]cccc1O,0.0805,5.301559077848714
[Li]<-N=C(C)ON(C)CC,0.86687,5.006605415578681
[Li]<-S=c1ssc(C)c1C,3.155930000000001,1.8387783689363106
[Li]<-n1ccc(F)cc1Cl,1.8741,7.479901724736034
[Li]<-N1(CCOC)CC1,-0.0515999999999998,6.26506460075368
[Li]<-O=CC(=C)C(C)(C)N,0.4788,4.051921484844995
[Li]<-S(CC(=O)O)C(N)=O,-0.1170999999999998,3.9271332358542037
[Li]<-N(O)=Cc1ccc[nH]1,0.8228,5.1313936645694715
[Li]<-N(=C(C)C)C(C)(O)O,0.1255,11.72720095110288
[Li]<-NCc1cccnc1,0.5403,2.462719613890267
[Li]<-n1nc(C)[nH]c1N,-0.3046800000000002,8.175199010828527
[Li]<-n1cscc1CC,1.7054999999999998,5.641123355799723
[Li]<-N(C(=C)C)=C(C)C,2.0008,11.032670213617864
[Li]<-N1=CCC(O)(O)C1,-0.8582000000000001,7.729478222717616
[Li]<-O=C(OCC)C(=C)C,1.1256,5.00660541557868
[Li]<-n1cc(N)pn1C,0.5824000000000001,5.301559077848714
[Li]<-S=C(NCC)C(=O)O,0.0079,1.8387783689363106
[Li]<-S=C1NCC(C)(N)S1,0.2826000000000002,1.8387783689363106
[Be]=C1N(C)C=C(C)N1C,0.7211900000000001,6.675984919843224
[Li]<-O=C(CO)C1CC1,-0.0422,5.516335106808932
[Li]<-N(C)C(C)N(C)C,0.1133999999999997,5.80071207381188
[Li]<-S(C)Cc1ccon1,1.5376,4.301497982826578
[Li]<-n1csc(N)c1C,1.03372,12.32894998555188
[Li]<-[S+]([O-])(C(C)C)C(C)C,1.5519,5.1313936645694715
[Li]<-n1ccc(Cl)c(N)c1,1.3172,7.604689973726825
[Li]<-O=C(O)C(O)OC,-0.9642,4.881817166587889
[Li]<-NCC(C)(O)CC,0.1061000000000002,2.3379313648994757
[Li]<-N(CC)C(C)C(F)F,1.2495,4.176709733835787
[Li]<-Nc1ccccc1I,1.8734,2.0883548669178933
[Li]<-N#CN=C(C)SC,1.24888,3.337992459921612
[Li]<-n1cn(C)cc1C#N,0.2917799999999998,7.140337446785025
[Li]<-P1(Cl)NCCN1C,0.9871,7.568394106602351
[Li]<-n1ccc(F)cc1F,1.3598,8.25563634913104
[Be]=C1CNCC(N)C1,-0.6117100000000002,7.514702193757399
[Li]<-N=c1[nH]c(C)cs1,0.86409,3.4627807089124034
[Li]<-N(CC)CCCC,1.396,4.301497982826578
[Li]<-n1cc[nH]c1C=O,0.2221999999999999,8.979115815721336
[Li]<-N(O)=CC(=O)OC,-0.3806000000000002,5.1313936645694715
[Li]<-n1cnc(Br)c(N)c1,0.8213000000000001,7.265125695775816
[Li]<-n1c(F)cccc1F,1.3598,8.906582724535253
[Li]<-N1C(C)C1C(C)=O,-0.0643000000000002,4.051921484844995
[Be]=C=CCC(C)(C)C,2.2887900000000005,3.8023449868634125
[Li]<-n1cccc(N)c1Br,1.4263,7.479901724736034
[Li]<-S1C(C)CCC1C,2.2904,3.9271332358542037
[Li]<-N(=C)C1CCCCN1,0.7866,7.389913944766607
[Li]<-Sc1ccccc1F,2.1144000000000003,1.963566617927102
[Li]<-S(C)CCC(C)C,2.3955,4.301497982826578
[Li]<-n1cn(C)nc1C,0.1235199999999998,6.800773168834016
[Li]<-n1oc(N)cc1C,0.5652200000000001,6.7205955355241995
[Li]<-O=C(C)c1ncc[nH]1,0.6123,5.516335106808932
[Li]<-N=C(C)C(=O)OC,0.1990699999999999,5.641123355799723
[Li]<-n1[nH]cc(C)c1C,1.0265399999999998,7.140337446785025
[Li]<-O=C1CNCNC1,-1.2942,5.516335106808932
[Li]<-SC1C=CC=CC1,1.8008999999999995,2.2131431159086845
[Li]<-S=c1scc(NC)s1,2.5807900000000004,1.8387783689363106
[Li]<-NC(N)C(=O)OCC,-1.206999999999999,2.3379313648994757
[Li]<-N=C(C)C(C)(C)C,2.07217,5.765911604790515
[Li]<-NCc1cccs1,1.2068,2.3379313648994757
[Li]<-NCC(C)(O)CO,-1.3116,2.3379313648994757
[Li]<-S=C1NCNC1=O,-1.0093,1.8387783689363106
[Li]<-n1cccc(Cl)c1N,1.3172,8.979115815721336
[Li]<-S(C(C)C)C(C)C,2.5364000000000004,3.9271332358542037
[Li]<-n1csc(CC)c1,1.7055,10.61495986560636
[Li]<-N1CNCCC1C,-0.0846999999999999,4.176709733835787
[Li]<-O(C)c1ccccc1,1.6952,4.051921484844995
[Be]=C=NCC(=O)OC,-0.3860000000000001,3.4627807089124034
[Li]<-O1CC(C)COP1,1.1778,7.219802985760028
[Li]<-N1CCN(C)C(N)C1,-1.1937999999999984,4.301497982826578
[Li]<-N#CC(C)(C)CC,1.94618,1.8387783689363106
[Li]<-N1=C(C)C=C=C=C1C,1.6749,9.193891844681554
[Li]<-n1[nH]ccc1C(=O)O,0.1078999999999998,7.140337446785025
[Be]=C1C=CCCCO1,1.39179,6.845383784514992
[Li]<-N=CCc1ccco1,1.47167,3.9271332358542037
[Li]<-O=c1[nH]cccc1C,0.6833199999999999,5.176770828857923
[Li]<-n1ncc(C)n1C,0.1235199999999999,6.675984919843224
[Li]<-n1[nH]c(C)c(I)c1C,1.63114,7.140337446785025
[Be]=C1C=CCOCC1,1.04419,7.729478222717616
[Li]<-N#CN1CC1(C)C,0.56168,3.337992459921612
[Li]<-NCc1ccoc1,0.7383000000000001,2.3379313648994757
[Li]<-O=C(CC)OCC,0.9595,4.88181716658789
[Li]<-n1cn(C)cc1C,0.7285199999999998,7.140337446785025
[Li]<-S=CC(=C)C(O)O,-0.147,1.963566617927102
[Li]<-S1CSCC(C)(C)C1,2.450100000000001,4.176709733835787
[Li]<-n1cncc(O)c1,0.1821999999999999,7.265125695775816
[Li]<-n1c(N)cc(C)n1C,0.3107199999999999,8.854327566730545
[Li]<-S1CSC(C)SC1C,2.849100000000001,4.051921484844995
[Li]<-N(=C(C)C)C(C)C,1.8756,11.407034960590238
[Be]=C=Cc1ccccc1,2.00979,3.8023449868634125
[Li]<-[nH]1nnc(N)c1C,-0.30468,6.800773168834016
[Li]<-N(CCO)CCCl,-0.1929,4.301497982826578
[Li]<-S=c1[nH]nc(CC)[nH]1,1.0296899999999998,1.8387783689363106
[Li]<-P1(C(C)(C)C)CCO1,2.212,6.7205955355242
[Li]<-N(CC)CC(=O)OC,-0.2311,4.301497982826578
[Li]<-n1csc(N)c1N,0.3075000000000001,11.98938570760087
[Li]<-P1(C)NCCN1C,0.4630999999999999,5.211571297879288
[Be]=C1SC=C(C)N1CC,1.91269,10.02581908967377
[Li]<-S=C(N=CC)N(C)C,0.9236,1.8387783689363106
[Li]<-N1=CCC(N(C)C)C1,0.3911,7.729478222717616
[Li]<-n1ccc(SC)nc1,1.1985,7.265125695775816
[Li]<-n1c(C)ccn1C,0.72852,8.854327566730545
[Li]<-N(C)=CCN(C)C,0.2486000000000001,6.140276351762889
[Li]<-n1c(N)ccnc1N,-0.3590000000000001,10.013977379764837
[Li]<-n1cn(CC)cc1C,1.21142,7.140337446785025
[Li]<-n1ccncc1C#N,0.3482799999999999,9.318680093672345
[Li]<-NN(C)C(=O)OCC,-0.0515999999999999,1.7487905889668844
[Li]<-p1(Cl)c(C)ccc1C,3.291940000000002,8.122734413513578
[Li]<-n1ccc(SC)cc1,1.8035,7.604689973726825
[Li]<-SC1=CC=CC=CC1,2.3162000000000003,1.963566617927102
[Li]<-O=C(NC)C(=C)C,0.3084999999999999,5.301559077848714
[Li]<-n1cn(CC)cn1,0.2979999999999999,6.800773168834016
[Li]<-n1c[nH]cc1OC,0.4182999999999999,8.344597875500293
[Li]<-N1=CCC(N)C1(C)C,0.5668000000000001,11.157458462608655
[Be]=C(NC)NN(C)C,-0.7317099999999994,6.585997139873798
[Be]=C(C)N(CC)CC,1.38689,7.514702193757399
[Li]<-N1CCC(C)(C)C1,1.0059,7.9790547206991995
[Li]<-S=C(CO)CN(C)C,-0.0898,1.963566617927102
[Li]<-n1cc(N)cc(N)c1,0.2460000000000003,7.604689973726825
[Li]<-P1(C)C23C=CCC21C3,1.9529,5.641123355799723
[Be]=C1C=CC=C(C)N1,1.08839,7.265125695775816
[Li]<-P1(O)N(C)CCN1C,0.0827999999999999,6.166255228612973
[Li]<-n1c(CCl)csc1N,1.4641,11.86459745861008
[Li]<-NC1CCCNC1,-0.3028999999999999,2.2131431159086845
[Li]<-S=C(NC)C(=C)C,1.1093,1.963566617927102
[Li]<-n1[nH]c(C)cc1O,0.4237199999999999,8.344597875500293
[Be]=C(NC)c1ccsc1,1.35439,5.301559077848714
[Li]<-n1ccc(Cl)nc1N,0.7121999999999999,8.639551537770327
[Li]<-n1cccc(OC)c1,1.0901999999999998,7.604689973726825
[Li]<-S=CNCC(=O)O,-0.3821999999999999,1.963566617927102
[Li]<-S=C1NC(N)NC1N,-1.9662999999999995,1.8387783689363106
[Li]<-O=C(C)NC(O)O,-1.6093000000000002,5.4263473268395055
[Li]<-S=C(NC)N(C)C,0.0523,1.963566617927102
[Li]<-[nH]1c(C)cnc1C,1.0265399999999998,7.140337446785025
[Li]<-N1=C(C)CCC1(C)C,2.0197000000000003,12.996236831544966
[Li]<-O=C(OC)C1CC1,0.5693999999999999,5.00660541557868
[Li]<-O=C1CCCCNC1,0.329,5.765911604790515
[Li]<-n1cncn1C(C)C,0.859,8.639551537770327
[Li]<-NC(C)(C)C(=O)OC,-0.1033,2.2131431159086845
[Li]<-n1cc(C)n(C)c1,0.7285199999999998,7.265125695775816
[Li]<-N=C(C)ON(C)C,0.4767699999999999,5.006605415578681
[Li]<-P(C)(OC)C(C)C,2.0679,5.380970162551054
[Li]<-N(C)=C(C)C(C)(C)C,2.1232,7.854266471708408
[Li]<-N(=C=NCC)C(C)C,1.5886,7.604689973726825
[Li]<-Sc1ccccc1C,2.283720000000001,1.963566617927102
[Li]<-S=C(CC)OCC,1.7603,1.8387783689363106
[Li]<-O=C1NCNC1N,-2.0519,5.176770828857923
[Li]<-O=c1ccn(C)cc1,0.3853,5.516335106808932
[Be]=C1SC(Cl)=C(C)N1C,2.089090000000001,11.86459745861008
[Li]<-NC(C)(C)C(C)C,1.3797,2.0883548669178933
[Li]<-P1N=C(P)C([SiH3])C1P,0.2221999999999996,7.265125695775816
[Li]<-N1=C(C)CNC(=O)N1,-0.3249000000000002,8.979115815721336
[Li]<-n1cn(N)c(N)n1,-1.4259000000000006,6.800773168834016
[Li]<-n1cc(N)ccc1Cl,1.3172,7.479901724736034
[Li]<-n1[nH]c(C)cc1N,0.3003199999999998,8.639551537770327
[Li]<-N(O)=C1CCCCC1,1.7807,6.845383784514991
[Li]<-NCCn1ccnc1,-0.1582000000000005,2.3379313648994757
[Li]<-NCCC(=O)OC,-0.4918000000000002,2.3379313648994757
[Li]<-N1CCC(C)(C)CC1,1.396,4.301497982826578
[Li]<-N=C(CC)OC(C)=O,0.93677,5.006605415578681
[Be]=C1NCCN1COC,-0.50821,6.800773168834016
[Li]<-n1c(C)cccc1Cl,2.04342,9.193891844681554
[Li]<-SC(C(=C)C)=C(C)C,2.786200000000001,2.2131431159086845
[Li]<-N#CC(C)(C)C(=C)O,1.60788,1.963566617927102
[Li]<-O=C(O)C(C)NC,-0.3211000000000002,5.1313936645694715
[Li]<-O=C(OC)C(=C)N,-0.3682000000000001,5.1313936645694715
[Li]<-S=C(C)NC(C)C,1.3317,1.8387783689363106
[Li]<-O=Cc1c[nH]cn1,0.2221999999999999,3.8023449868634125
[Be]=C1COC(C)(C)C1,1.26659,7.219748531487366
[Li]<-O=C1CNCC1N,-1.514,5.516335106808932
[Li]<-NC(C)c1cccs1,1.7678000000000005,2.2131431159086845
[Li]<-n1ccc(CCl)cc1,1.8204,7.604689973726825
[Li]<-O(C)CC(F)(F)F,1.1951000000000005,4.301497982826578
[Li]<-P1(Cl)NC(N)C(N)N1,-0.7855000000000003,9.656748973520244
[Li]<-n1ccsc1C(N)=O,0.2419999999999997,10.49017161661557
[Be]=C(C)NC(C)(C)C,1.43319,3.837145455884777
[Li]<-O=C1NC(N)NC1N,-2.7670999999999992,5.301559077848714
[Li]<-O=C1NCC(N)N1,-1.416,4.837206550906914
[Li]<-[O-][n+]1ccccc1C,0.62842,3.4627807089124034
[Li]<-n1ccccc1SC,1.8035,7.479901724736034
[Li]<-S=c1sscc1C,2.8475100000000007,1.8387783689363106
[Li]<-O=C(N)N1CCCC1,0.1608999999999998,4.837206550906914
[Li]<-n1cncc(C)c1,0.7850199999999998,7.265125695775816
[Li]<-N(C(C)Cl)C(C)(C)Cl,2.1357,3.9271332358542037
[Li]<-n1cccnc1SC,1.1985,7.140337446785025
[Li]<-n1cccc(Cl)c1Cl,2.3884000000000007,7.479901724736034
[Li]<-N1CCSC(N)C1,-0.3924000000000001,4.301497982826578
[Li]<-n1cnc(C)c(Cl)c1,1.43842,7.265125695775816
[Li]<-n1csc(N)c1C#N,0.59698,12.32894998555188
[Li]<-N1CCCC1(C)C,1.1484,7.729478222717616
[Li]<-N#CN=C(C)OC,0.53228,3.337992459921612
[Li]<-N#CC(CO)OCC,-0.0926199999999999,1.8387783689363106
[Be]=C1N(C)N=NN1C,0.1420899999999999,5.996856363941206
[Li]<-S=C(N)CN(C)C,-0.1658999999999996,1.8387783689363106
[Li]<-N(C)=C(C)C(C)=O,0.6661,7.729478222717616
[Li]<-S=C(N)C(=O)OC,-0.5544999999999998,1.8387783689363106
[Li]<-n1cn(N)c(C)n1,-0.6996800000000001,6.800773168834016
[Li]<-n1ccn2c1CCC2,0.8292999999999999,7.140337446785025
[Li]<-O=C1CNC(N)N1,-2.0519,5.176770828857923
[Li]<-P(O)c1ccccc1,0.8976999999999999,3.292615295633161
[Li]<-n1cccnc1C,0.7850199999999998,8.979115815721336
[Be]=C1C=CC=CN1C,1.04049,7.140337446785025
[Li]<-N=c1[nH]cc(C)s1,0.8640899999999998,3.4627807089124034
[Li]<-N1CC2CNC=CC21,-0.3087000000000001,6.140276351762889
[Li]<-P1(C(C)C)CPC1,2.4838000000000005,5.516335106808932
[Li]<-N(O)=C(C)C(C)(C)C,1.8826,6.970172033505782
[Be]=CNCC(C)(C)O,-0.1075099999999999,3.5875689579031946
[Be]=C1NCCN1CCO,-1.1198099999999998,6.800773168834016
[Li]<-n1ccsc1C(C)N,1.1628000000000005,10.49017161661557
[Li]<-N1=NC(C)=CC1(C)C,2.1346,10.693105935666855
[Li]<-N(C(=O)CC)=C(C)C,1.4038000000000002,8.55937390446051
[Li]<-S=C(SCC)N(C)C,1.586,1.963566617927102
[Be]=C1C=C(C)C=CN1,1.08839,7.265125695775816
[Li]<-O1POCCC1C,1.3203,8.933793105705547
[Li]<-n1c(C)noc1C,0.6864399999999999,6.381031257573191
[Li]<-N1=C(N)SCC1C,0.4364000000000001,13.952952325527974
[Li]<-N1=CCSC1(C)C,1.5401,14.292516603478983
[Li]<-O=C(C)NC(C)(C)C,0.921,5.301559077848714
[Li]<-NCC(C)(C)C#N,0.4948800000000001,2.3379313648994757
[Li]<-n1cccc(C)c1Br,2.15252,7.479901724736034
[Li]<-S=C(C=CC)OCC,1.9264,1.8387783689363106
[Li]<-Pc1ccccc1N,0.7691999999999999,2.0883548669178933
[Li]<-n1nc(C)n(C)n1,-0.4814800000000001,6.336420641892215
[Li]<-NC(C)N1CCCC1,0.3868999999999998,2.2131431159086845
[Li]<-n1cnc(C)cc1Cl,1.4384199999999998,7.140337446785025
[Li]<-n1ccc([N+](=O)[O-])[nH]1,0.3178999999999999,7.265125695775816
[Li]<-N=Cc1ccoc1,1.27727,3.9271332358542037
[Li]<-N(C)CC(=O)OCC,-0.2311,4.42628623181737
[Li]<-n1[nH]c(C)cc1Br,1.4806199999999996,7.140337446785025
[Li]<-n1occ(C)c1C,1.29144,6.7205955355241995
[Li]<-S=c1[nH]nc(C)n1C,0.78611,1.8387783689363106
[Li]<-S=C(NC)C(N)=O,-0.9815000000000004,1.963566617927102
[Li]<-n1cnn(C=C)c1,0.3785999999999999,6.925561417824807
[Li]<-S=C1NCNC1N,-1.2511,1.8387783689363106
[Be]=C1N(C)C=C(N)N1C,-0.3825100000000001,6.675984919843224
[Li]<-n1c(CO)c[nH]c1C,0.2104199999999999,7.0155491977942335
[Li]<-n1[nH]c(N)cc1N,-0.4259000000000001,8.639551537770327
[Be]=C1C(=O)C(N)OC1C,-0.65971,9.88842258216657
[Li]<-n1c(Cl)ccn1C,1.0735,8.854327566730545
[Li]<-N1=CSC(C#C)C1,0.7633,10.739748114597152
[Li]<-n1cc(N)cc(Cl)c1,1.3172,7.604689973726825
[Li]<-S=c1scc(SC)s1,3.2609900000000005,1.8387783689363106
[Be]=C1NC(N)=C(N)S1,-0.6369099999999999,8.31182896972825
[Li]<-Nc1ccccc1Br,2.0313,2.0883548669178933
[Li]<-N1=COC(C(=O)O)C1,-0.5019,7.094960282496573
[Li]<-N1=COC(CO)C1,-0.5942000000000001,7.094960282496573
[Li]<-N(CC)C(C)(C)C,1.3944,5.890699853781306
[Li]<-S=C(N)C(O)C(C)C,0.2894000000000001,1.8387783689363106
[Li]<-n1c(N)cccc1Br,1.4263,8.854327566730545
[Be]=C=NC(C)(C)OC,0.8235000000000001,3.4627807089124034
[Be]=C1CNC1(N)CO,-1.6818099999999998,7.050349666815598
[Be]=C1NCNC1(N)C=C,-0.9835099999999994,10.138765628755628
[Li]<-O=C1CCNC1N,-1.1664,5.516335106808932
[Li]<-n1ccn(OC)c1,-0.0585000000000001,7.265125695775816
[Li]<-O=C(C)NC(C)O,-0.5391999999999999,5.301559077848714
[Li]<-NC(C)C(C)OCC,0.7585999999999999,2.2131431159086845
[Li]<-N#CN(CC)CC,0.80928,1.8387783689363106
[Li]<-N#Cc1cscn1,1.0147799999999998,1.8387783689363106
[Li]<-n1c(N)csc1C,1.03372,11.86459745861008
[Li]<-n1cccc(N)c1C,0.97222,9.318680093672345
[Li]<-NC(C)n1cnnn1,-0.8497000000000001,2.2131431159086845
[Li]<-S1CCNC(N)C1,-0.3924,4.176709733835787
[Li]<-N(=O)C1CCCCC1,2.0855,6.970172033505782
[Li]<-N#CC=NC(C)(C)C,1.37928,3.6775567378726213
[Li]<-P(Br)C(C)(N)[N+](=O)[O-],0.8838999999999999,9.201796091797984
[Li]<-O=C(CC=C)N(C)C,0.6507,5.301559077848714
[Be]=C1SC(N)=CN1C,0.4188900000000001,10.02581908967377
[Li]<-N(CC)C(C)N(C)C,0.5035000000000001,4.176709733835787
[Li]<-N#CC(C)(O)CCl,0.4997799999999999,1.8387783689363106
[Li]<-n1cc(C)[nH]c1CC,1.28052,7.140337446785025
[Li]<-N#CC(=O)OCC,0.07308,1.8387783689363106
[Li]<-S=C1NCNC1(C)N,-0.8609999999999995,1.8387783689363106
[Li]<-N1=CC(N(C)C)CC1,0.3910999999999998,7.729478222717616
[Li]<-n1cc(C)c(C)[nH]1,1.0265399999999998,7.265125695775816
[Li]<-N=C(C)CC(=O)OC,0.58917,5.641123355799723
[Li]<-n1cccn1CC,0.903,8.979115815721336
[Li]<-n1ccc(C(C)=O)[nH]1,0.6123000000000001,7.265125695775816
[Li]<-n1csc(C)c1N,1.0337199999999998,11.98938570760087
[Li]<-O=C(C)NC(=O)OC,-0.1110999999999999,6.381031257573191
[Li]<-N(=O)Cc1ccco1,1.546,5.1313936645694715
[Li]<-n1c(C)ccn1CO,0.1413199999999999,8.854327566730545
[Li]<-N(=C)C1CCCNC1,0.4390000000000001,7.854266471708408
[Li]<-[O-][n+]1ccccc1Cl,0.9734000000000002,1.4992140909853016
[Li]<-N1C=C(N)C=NC1C,-0.1934999999999999,4.051921484844995
[Li]<-P(N)(O)C(C)(C)C,1.0478,4.916617635609254
[Li]<-n1cnc(C)cc1N,0.36722,8.639551537770327
[Li]<-S=C(N)CCCC,1.4627,1.8387783689363106
[Li]<-n1nc(N)n(C)n1,-1.2077000000000002,6.336420641892215
[Li]<-n1[nH]c(C)cc1C#C,0.6994199999999999,8.979115815721336
[Li]<-n1cc2n(c1)CCC2,0.8292999999999999,7.265125695775816
[Li]<-n1ccc(I)c(C)c1,1.99462,7.604689973726825
[Li]<-NC1NC=CN1CC,-0.3749999999999999,2.2131431159086845
[Be]=C1N(C)C=CN1C,0.33109,6.675984919843224
[Li]<-N1CCC(C)CC1,1.0059,4.301497982826578
[Li]<-N(CC)C(C)C=C,1.1704,4.176709733835787
[Li]<-n1cncc(C)c1C,1.09344,8.979115815721336
[Be]=C(C=C(C)C)CC,2.443890000000001,7.854266471708408
[Li]<-O=CN(CC)CC,0.4846,3.4627807089124034
[Li]<-N(C(C)O)C(C)O,-0.7474000000000003,5.380970162551054
[Li]<-N(CCO)=[Si](C)C,0.4984,9.655852572416421
[Li]<-S=C1CNC(N)N1,-1.2511,1.8387783689363106
[Li]<-N1=C(C)OC(C)(C)C1,1.2136,8.808950402442093
[Li]<-n1cc2n(c1)CCC2,0.8292999999999999,7.265125695775816
[Li]<-OCc1cccnc1,0.5739,2.2131431159086845
[Li]<-S=C(NC)C(C)(C)N,0.2705000000000001,1.8387783689363106
[Li]<-N(O)=C(C)C=C(C)C,1.8027,6.970172033505782
[Li]<-NC(C)CCOC,0.3701000000000002,2.2131431159086845
[Li]<-n1ccsc1CO,0.6354000000000002,5.641123355799723
[Li]<-P(C)(OC)C(C)(C)C,2.458,5.1313936645694715
[Li]<-N(N)C1CCCCC1,0.7823999999999993,3.9619337048755683
[Li]<-O=c1[nH][nH]cc1O,-0.5914000000000003,5.176770828857923
[Li]<-n1cn(C)nc1C,0.1235199999999998,6.800773168834016
[Li]<-n1ccn(C(C)O)c1,0.3939,7.265125695775816
[Li]<-n1cc(C)n(CC)c1,1.21142,7.265125695775816
[Li]<-N(=C)C1CCNCC1,0.4389999999999999,7.729478222717616
[Li]<-n1c[nH]c2c1NCC2,0.3776999999999998,7.140337446785025
[Li]<-SC(Br)C(F)(F)F,2.1995,2.0883548669178933
[Li]<-n1[nH]c(Br)cc1C,1.4806199999999996,7.140337446785025
[Li]<-NOCC(=O)OC,-0.9503,3.292615295633161
[Li]<-P12OCC(O1)C(C)O2,1.0474,9.129116392954735
[Li]<-S1CCC(C)(N)C1,0.8407000000000002,4.176709733835787
[Li]<-n1[nH]c(C)nc1C,0.4215399999999998,6.800773168834016
[Li]<-S1CSCCC1C,2.2025,4.051921484844995
[Li]<-N#Cc1ccsc1,1.61978,1.8387783689363106
[Li]<-P1=CC1(C)C(C)(C)C,2.5532000000000004,3.6775567378726213
[Li]<-n1ccsc1C#N,1.01478,10.49017161661557
[Li]<-n1ccn(C2CC2)c1,1.218,7.265125695775816
[Be]=C1C=C(Br)C=C(Br)O1,2.5704900000000004,6.845383784514992
[Li]<-[O-][N+]1=C(C)C=CCC1,0.9175,3.4627807089124034
[Li]<-N1=NN(C)CC1=O,-0.1744000000000001,7.880245348558493
[Li]<-S=C1COC(=C)N1,0.4048,1.8387783689363106
[Li]<-n1cpcn1C=C,1.5637,12.271785565627159
[Li]<-P1(C)OCCC(C)O1,1.7534999999999998,4.496875724348429
[Be]=C1C=CN(CO)S1,0.45249,8.651393247679259
[Be]=C(NN)NC(C)(C)C,-0.1659100000000001,4.747218770937487
[Be]=C(N)NC(C)(C)C,0.3294900000000002,3.3727929289429768
[Li]<-N=CC(=O)OCC,0.19907,3.9271332358542037
[Li]<-S=C(NC)OCC,0.5272000000000001,1.8387783689363106
[Li]<-n1cc(C)cc(P)c1,0.8904199999999998,7.604689973726825
[Li]<-N1NC12CCCCC2,0.7545999999999999,3.5875689579031946
[Li]<-S=c1cc[nH]cc1C,2.05261,1.963566617927102
[Li]<-NC1CCCCC1O,0.2485999999999997,2.2131431159086845
[Li]<-NCCn1cncn1,-0.7632000000000005,2.3379313648994757
[Li]<-n1cc(C(C)C)co1,1.798,6.845383784514992
[Li]<-N1=NC(C)=CC1(C)C,2.1346,10.693105935666855
[Li]<-N(C)=CC=C(C)C,1.6532,6.015488102772097
[Li]<-P(Cl)(I)C(C)(C)C,3.7706000000000017,17.533450605565488
[Li]<-N1=CC=CN(C)C1C,0.8623000000000001,9.228692313702918
[Be]=C(C#N)N(CC)CC,0.89057,7.140337446785025
[Li]<-S=C(SC)N(C)C,1.1959,1.8387783689363106
[Be]=C1CC(C)(C)OC1C,1.65509,8.933738651432886
[Li]<-N1=CCC(=O)C1N,-0.6852000000000003,9.228692313702918
[Be]=C1NCOC1(C)C,0.38109,10.308164493427395
[Li]<-n1[nH]c(N)c(N)c1C,-0.1174800000000001,7.140337446785025
[Li]<-n1cccn1C=C,0.9836,8.979115815721336
[Li]<-n1cc(C(N)N)c[nH]1,-0.6742999999999999,7.265125695775816
[Li]<-S(C)CC(F)(F)F,1.9117,4.301497982826578
[Li]<-[Se](C)c1ccccc1,1.0642,4.051921484844995
[Li]<-N(O)=C(C)OCC,0.8305,6.210865844293949
[Li]<-O=Cc1ccsc1,1.5606,3.8023449868634125
[Li]<-S=C(N)C(C)(C)C,1.3186,1.963566617927102
[Li]<-N(C)=C(C)C(C)C,1.7331,7.729478222717616
[Li]<-S=C(C)NC(C)(C)C,1.7218,1.8387783689363106
[Li]<-n1ccc(N)nc1,0.0588,7.265125695775816
[Li]<-N(CC=C)C(C)C,1.1704,4.176709733835787
[Li]<-n1csc(N)c1Br,1.4878,10.49017161661557
[Li]<-N(O)Cc1ccsc1,1.2269,3.5421917936147436
[Li]<-NC(C)C(F)(F)F,0.8959000000000001,2.2131431159086845
[Be]=C(C=C(C)C)NC,1.21079,7.265125695775816
[Li]<-S=Cn1cncc1C,0.99682,1.963566617927102
[Li]<-N=c1[nH]nccc1C,0.1975899999999999,5.4263473268395055
[Li]<-S=c1[nH]cc(N)[nH]1,0.65449,1.8387783689363106
[Li]<-N(CC=C)C(=C)C,1.2956,4.051921484844995
[Li]<-N(O)=C(C)C(F)(F)F,1.3988,6.845383784514991
[Li]<-n1cncc(N)c1N,-0.3589999999999999,8.639551537770327
[Be]=C1NCCN1CCl,0.0841899999999999,6.800773168834016
[Li]<-N=C(C)OC(C)=O,0.54667,5.006605415578681
[Li]<-N#CCC(=O)OC,0.0730799999999999,1.8387783689363106
[Li]<-S=c1[nH]cnn1C,0.47769,1.8387783689363106
[Li]<-S1CCNCC1=O,-0.1505999999999998,3.9271332358542037
[Li]<-S=c1scc(N)n1C,1.39829,1.8387783689363106
[Li]<-S=c1[nH]cc(C)s1,2.11411,1.8387783689363106
[Li]<-S=C1CNC(N)NC1,-1.2085999999999997,1.8387783689363106
[Li]<-S=C(NC)C(=O)OC,-0.2938,1.8387783689363106
[Li]<-S=c1sscc1O,2.2446900000000003,1.8387783689363106
[Li]<-n1ncn(C(C)=O)n1,-0.6668000000000001,6.336420641892215
[Li]<-n1nn(C)cc1C,0.1235199999999998,6.675984919843224
[Li]<-n1cc[nH]c1C=O,0.2221999999999999,7.140337446785025
[Li]<-S=c1ccn(C)n1C,1.09309,1.8387783689363106
[Be]=C1NC(I)=C(I)N1C,1.51429,6.800773168834016
[Li]<-N1CCC(C(O)O)C1,-1.0934000000000004,7.9790547206991995
[Li]<-S=C1CNC(C)(N)N1,-0.8609999999999995,1.8387783689363106
[Li]<-N(C)(CC)C(F)(F)F,1.4579000000000002,7.6917456005529
[Li]<-O=C(N)CN(C)C,-0.9666999999999996,5.176770828857923
[Be]=C(NCCI)N(C)C,0.5688899999999999,4.961994799897705
[Li]<-S=c1[nH]ccn1CC,1.5655899999999998,1.8387783689363106
[Li]<-NCC(C)(C)N=C,0.4243000000000002,2.3379313648994757
[Li]<-N(CCC)CCO,-0.0217000000000001,4.301497982826578
[Li]<-S=c1[nH]cncc1N,0.7213900000000002,1.8387783689363106
[Li]<-N#Cc1cccs1,1.61978,1.8387783689363106
[Be]=C1NC=CN1CCO,-0.6486100000000001,6.800773168834016
[Li]<-N1=CNCC1(C)C,0.3965000000000001,10.942682433648438
[Li]<-O=C(C)C1CCCC1,1.7656,5.516335106808932
[Li]<-N#CCC(C)(C)C,1.94618,1.8387783689363106
[Li]<-n1cccc(P)c1,0.582,7.604689973726825
[Li]<-S=c1scc(C)n1C,2.12451,1.8387783689363106
[Be]=C1OCC(=O)C1(C)C,0.65069,10.522940522387612
[Li]<-P1(C(C)C)OCPO1,2.3045000000000004,4.247299226366847
[Li]<-Nc1cccc(Cl)c1,1.9222,2.0883548669178933
[Li]<-NC(C)CNC(C)=O,-0.5302999999999993,2.2131431159086845
[Li]<-N1CCNCCC1N,-1.1458999999999993,4.176709733835787
[Li]<-n1ccn(CCO)c1,-0.1246,7.265125695775816
[Li]<-S1CC(=O)C1(C)OC,0.6649,5.765911604790515
[Li]<-N1=CC=C(C)NC1,0.5217,7.389913944766607
[Li]<-n1ccc(CF)cc1,1.5511,7.604689973726825
[Li]<-N(O)=C(C)C(C)=O,0.4255,6.970172033505782
[Li]<-NC(C)NC(C)=O,-0.5727999999999998,2.3379313648994757
[Li]<-n1cc(N)sc1C,1.03372,10.49017161661557
[Li]<-N=Cc1ccsc1,1.7457699999999998,3.9271332358542037
[Li]<-O=c1cc(N)cc[nH]1,-0.0429000000000001,5.176770828857923
[Li]<-S=c1[nH][nH]c(Cl)c1C,2.03411,1.8387783689363106
[Li]<-NC(C)(C)C[N+](=O)[O-],0.0004,2.0883548669178933
[Li]<-[S+]([O-])(C(C)C)C(C)C,1.5519,5.1313936645694715
[Be]=C(N)c1ccn(C)c1,0.3706900000000001,3.5875689579031946
[Be]=C1SC(N)NC1N,-1.11131,9.811043060713551
[Be]=C(N)c1c[nH]c(N)c1,-0.05751,3.5875689579031946
[Li]<-NCc1ccsc1,1.2068,2.3379313648994757
[Li]<-OCCC(C)(C)N,0.1061,2.2131431159086845
[Li]<-N#CC1COCOC1,0.1304799999999999,1.8387783689363106
[Be]=C1NC(N)=C(N)N1,-1.78051,6.925561417824807
[Li]<-NON1CCCC1,-0.1125000000000002,2.953051017682152
[Li]<-N=C(O)C(C)(C)C,1.56777,5.00660541557868
[Li]<-S=Cc1cnc[nH]1,0.7574999999999998,1.963566617927102
[Li]<-P1=C(OC)OCC1,0.6965999999999999,4.881817166587889
[Li]<-n1nc(N)n(C)n1,-1.2077000000000002,6.336420641892215
[Li]<-N(C)=C(C)N(C)C,0.5962000000000001,7.389913944766607
[Li]<-N=C(C)OCC=C,1.18617,5.006605415578681
[Li]<-N1c2ccccc21,1.7435999999999998,3.8023449868634125
[Li]<-S1CCN(CC)CC1,1.0551,4.176709733835787
[Li]<-n1ccn(CC)c1C,1.21142,8.979115815721336
[Li]<-N(C)CC(=O)OC,-0.6212000000000002,4.42628623181737
[Li]<-PC([SiH3])[Si](C)(C)C,0.4303999999999997,2.2131431159086845
[Li]<-P(C)(O)C(C)C(C)C,2.0499000000000005,5.505758411541847
[Li]<-n1[nH]cc(C#N)c1N,-0.1364200000000001,8.639551537770327
[Li]<-N=CCC(=O)OCC,0.58917,3.9271332358542037
[Be]=C(N)N1CCCCC1,0.4272899999999997,6.925561417824807
[Li]<-N(C(C)C)C(C)N,0.2890999999999998,4.176709733835787
[Li]<-P=c1[nH]c(N)c(N)[nH]1,0.1819899999999999,1.963566617927102
[Li]<-N#Cc1ccccn1,0.95328,1.8387783689363106
[Li]<-N#Cn1ccnc1,0.2122799999999999,3.337992459921612
[Li]<-N(=C(C)C)C(C)O,0.8054999999999999,10.522940522387612
[Li]<-Nc1cccc(I)c1,1.8734,2.0883548669178933
[Li]<-n1cn(C=C)cc1C,1.29202,7.140337446785025
[Li]<-N(CCC)CCC#N,0.89968,4.301497982826578
[Li]<-n1ccsc1C(C)=O,1.3457,10.49017161661557
[Li]<-N=C1CNCC1=O,-0.8215300000000003,5.641123355799723
[Li]<-n1nc(SC)sc1N,0.8422000000000001,10.02581908967377
[Li]<-N1=CCC(C(C)C)C1,1.7331,7.729478222717616
[Li]<-P1(Cl)NC(C)CN1C,1.3756,9.407172475538662
[Be]=C1CNC(C)(C)C1,0.8395900000000001,7.514702193757399
[Li]<-N#CC(=C)C(F)(F)F,1.62848,1.8387783689363106
[Li]<-n1csc(C=C)c1,1.7861,10.61495986560636
[Li]<-N(CC)C(C)=C(C)Cl,2.0861,4.051921484844995
[Li]<-N(CC)CCOC,0.2422999999999999,4.301497982826578
[Li]<-O=C1NCCCN1,-0.3107000000000001,4.837206550906914
[Li]<-S=C(C)NC(C)O,0.2615999999999999,1.8387783689363106
[Li]<-S=c1cc[nH]cc1N,1.32639,1.8387783689363106
[Li]<-N(C)=C(F)C(F)(F)F,1.5465000000000002,6.666434478176311
[Be]=C(C)OCC(F)(F)F,1.62399,5.256181913560263
[Li]<-n1[nH]c(C)cc1I,1.32272,7.140337446785025
[Li]<-N1=C(CC)CCC1,1.6312,9.443468342663136
[Li]<-[O-][n+]1cccc(C)c1,0.62842,1.4992140909853016
[Li]<-S1C(=O)C(N)C1(C)C,0.3657000000000001,5.516335106808932
[Li]<-n1c(C)cccc1I,1.99462,9.193891844681554
[Li]<-n1c(I)ccn1C,1.0247,7.0155491977942335
[Li]<-O=c1ccc(C)c[nH]1,0.6833199999999999,5.176770828857923
[Be]=C(NC)C(=O)OCC,-0.1923099999999999,7.710079935279251
[Li]<-n1c(C)csc1C,1.75994,10.365383367624778
[Li]<-S1CCNCC1(C)N,-0.0022999999999996,3.9271332358542037
[Li]<-N(C)=C(C)C(=C)C,1.6532,7.854266471708408
[Be]=C1NC(N)=C(N)O1,-1.35351,6.505819506563983
[Be]=C(C)NC(C)(O)O,-0.7070100000000002,3.837145455884777
[Li]<-S=C(N)NN(C)C,-0.7037999999999998,1.8387783689363106
[Li]<-n1nc(N)n(N)c1C,-1.1174799999999998,6.675984919843224
[Li]<-S=C(C)NC(C)=O,0.4698000000000001,1.8387783689363106
[Li]<-NCCC(=O)OCC,-0.1016999999999997,2.3379313648994757
[Be]=C1C(=O)NC(N)C1N,-2.19041,9.968600215476386
[Li]<-N=C(C)C(C)CO,0.6544699999999999,5.641123355799723
[Be]=C(C)NC(C)CC,1.43319,5.675923824821088
[Li]<-n1nc(N)n(S)c1C,-0.1383800000000001,8.514763288779536
[Li]<-n1ccn(C)c1N,0.0022999999999998,8.639551537770327
[Li]<-n1ccc(C)cc1O,1.0956199999999998,8.684162153451302
[Li]<-S=c1n(C)nnn1C,-0.1169100000000001,1.8387783689363106
[Li]<-n1nc(C=C)nn1C,-0.1469,8.175199010828527
[Li]<-N1CC1C(=O)OC,-0.8688000000000002,4.176709733835787
[Li]<-n1ccn(C(C)=O)c1,0.5431999999999999,7.265125695775816
[Be]=C(C)c1ccccc1,2.13589,7.729478222717616
[Li]<-N#CCc1cccs1,1.81418,3.6775567378726213
[Li]<-N#CC=C(C)C#N,0.97986,3.6775567378726213
[Li]<-O=CC(O)C(=O)OC,-1.2808000000000002,3.8023449868634125
[Li]<-N(=CC)C(C)CC,1.8756,9.568256591653928
[Li]<-n1cncc(N)c1,0.0588000000000002,7.265125695775816
[Li]<-n1ncc(C)n1C,0.1235199999999999,8.514763288779536
[Li]<-S=c1cc(N)n(C)[nH]1,0.66489,1.8387783689363106
[Be]=C1CC=CCOC1,1.04419,7.219748531487366
[Li]<-n1cncc(Cl)c1,1.13,7.265125695775816
[Li]<-N1=CCC(CC)C1,1.4871,7.729478222717616
[Be]=C1COCC1(C)CO,0.0964899999999999,10.772517020369195
[Li]<-N(C)CC(C)(C)C,1.2519,4.42628623181737
[Li]<-P(C(C)C)C(C)(C)C,2.871800000000001,3.9271332358542037
[Li]<-Sc1ccccc1N,1.5575,1.963566617927102
[Li]<-n1ccc(OC)nc1,0.4851999999999998,7.265125695775816
[Li]<-N(CCC)=C(C)C,1.8772,9.443468342663136
[Li]<-N1C(C(=O)O)C1(C)C,-0.1786000000000001,3.9271332358542037
[Li]<-N=CC(C)NC1CC1,0.77647,3.9271332358542037
[Li]<-n1cncn1C(C)C,0.859,8.639551537770327
[Li]<-n1ccc(C)cc1Cl,2.04342,7.479901724736034
[Be]=C(Cl)NC(C)(C)C,1.60959,7.90795838455336
[Li]<-n1cc(C)cnc1N,0.3672199999999999,8.639551537770327
[Li]<-P1(C(C)(C)C)OC1C,2.5580000000000007,4.881817166587889
[Li]<-N(C)(O)C(C)(C)CO,0.0782999999999998,5.380970162551054
[Li]<-N(O)=C(C)C(=O)OC,0.0094999999999998,6.845383784514991
[Li]<-N(C)CC(F)(F)F,0.7681,4.42628623181737
[Li]<-O=C1CN(C)C(N)N1,-1.7096999999999989,5.176770828857923
[Li]<-N1CCCNC(N)C1,-1.1458999999999997,4.301497982826578
[Li]<-S1CCCC1=C(C)C,2.807300000000001,3.9271332358542037
[Li]<-N=C(CC)C1CC1,1.82617,5.641123355799723
[Li]<-NC(C)C(=O)OCC,-0.1033,2.2131431159086845
[Li]<-N(C)=C(CC)CC,1.8772,7.729478222717616
[Li]<-N=C(CC)OC(=C)C,1.92387,5.131393664569472
[Li]<-N1=CSC(N(C)C)C1,0.6491999999999999,10.739748114597152
[Li]<-n1ccn(C(=C)C)c1,1.3737,7.265125695775816
[Li]<-S=CNC(C)(C)C,1.3317,1.963566617927102
[Li]<-n1occ(N)c1C,0.5652200000000001,6.7205955355241995
[Li]<-n1cc(C)c(N)o1,0.56522,6.845383784514992
[Li]<-N#Cc1ccoc1,1.15128,1.8387783689363106
[Li]<-O1CCOCC1(C)C,0.8118,5.765911604790515
[Li]<-Nc1cc(C(=O)O)ccc1C(=O)O,0.6652000000000002,2.0883548669178933
[Li]<-n1ccn(CO)c1-c1ccccc1,1.4998999999999998,8.979115815721336
[Be]=C1Nc2c(C)ccc(C)c2N1CC,2.5515300000000005,6.800773168834016
[Li]<-n1ccccc1N=Cc1cccnc1,2.2272,8.979115815721336
[Li]<-N#CC1=CNc2ccccc2CC1,2.45218,1.8387783689363106
[Li]<-O=C1C=CC(N2C=CC=CC2)=CC1,1.7848,5.516335106808932
[Li]<-N1=Cc2ccccc2C1NC(C)=O,1.2538,9.103904064712127
[Li]<-n1nc(-c2cccc(C=O)c2)n(C)n1,0.6895999999999998,6.336420641892215
[Li]<-n1cc(-c2ccccc2)cnc1O,1.8491999999999995,8.344597875500293
[Li]<-N1=C(c2cccnc2)OCC1(C)N,0.5332999999999998,10.308164493427395
[Li]<-S=C(NCc1ccncc1)N(C)C,1.0177,1.963566617927102
[Be]=C1N(CC)C=CN1c1ccccc1F,2.4350900000000006,6.675984919843224
[Be]=C1CNC(N)(c2cccc(C)c2)N1,0.2956099999999998,7.050349666815598
[Li]<-n1cn(Cc2ccc(O)cc2)cn1,1.0319999999999998,6.800773168834016
[Li]<-O=c1[nH]n(-c2ccccc2)c(N)c1C,1.05622,5.176770828857923
[Li]<-n1ccc(-c2cccc(N)c2)cc1,2.3308,7.604689973726825
[Li]<-P1(c2ccccc2)C(C)C1C(C)=O,2.1535,5.516335106808932
[Li]<-Nc1cc(C(C)C)cc(C(C)C)c1,3.515600000000002,2.0883548669178933
[Li]<-n1cccc2c(C(C)C)cccc21,3.358200000000002,9.318680093672345
[Li]<-O=c1[nH][nH]c(Cl)c1-c1ccccc1,2.0234,5.176770828857923
[Li]<-n1ccc(C=C2NC(Cl)=CS2)cc1,2.754100000000001,7.604689973726825
[Li]<-Nc1ccc(C(=O)O)cc1C(=O)O,0.6652000000000002,2.0883548669178933
[Li]<-n1cc(N)c(-c2cccc(C)c2)o1,2.23222,6.845383784514992
[Be]=C(NNC(=O)OC)c1ccccc1,0.9340900000000002,8.639551537770327
[Li]<-Nc1ccncc1-c1ccccc1,2.3308,2.2131431159086845
[Li]<-n1cnc(OC)c2c1C1CCC2C1,1.8499,7.140337446785025
[Li]<-n1nnn(C)c1-c1ccccc1C,1.1855199999999997,6.336420641892215
[Li]<-N#Cc1ccc(C=C(C#N)C#N)s1,2.0503400000000003,3.6775567378726213
[Li]<-n1cc(C)c(-c2ccccc2)n1CC,2.878420000000001,8.979115815721336
[Li]<-Nc1ccc2c(=O)ccoc2c1C,1.68362,2.0883548669178933
[Li]<-N1CCC(C(=C)c2ccccc2)CC1,2.6994000000000007,4.42628623181737
[Li]<-n1cc(C)c(-c2ccoc2)n1C(C)O,1.96232,8.979115815721336
[Li]<-n1ccn(CC(=O)N(CC)CC)c1,0.7514999999999998,7.265125695775816
[Be]=C1CNC(c2cccc(OC)c2)O1,1.3523899999999998,6.630607755554774
[Li]<-N#Cc1cc(C(C)C)ccc1C(C)C,3.805080000000003,3.6775567378726213
[Li]<-NCc1ccccc1NCCCO,0.9395999999999998,2.462719613890267
[Li]<-N1=CC(Nc2cccc(Cl)c2)CC1,2.5950000000000006,7.729478222717616
[Li]<-N1=CN(C(C)C)Cc2ccccc21,2.570400000000001,8.979115815721336
[Be]=C1OCC2Cc3ccccc3CN12,1.43979,6.3810312575731905
[Li]<-S=c1[nH]c2c(C)ccc(C)c2n1C,2.852730000000001,1.8387783689363106
[Li]<-P1(N2CCC(C)(C)C(C)(C)C2)CC1,3.155000000000002,5.176770828857923
[Li]<-S1C2CCC1(c1ccccc1)CC2,3.5713000000000026,11.65661145857182
[Li]<-n1ccc(N)c(-c2cccnc2)c1,1.7258,7.604689973726825
[Li]<-n1nc(-c2ccc(Br)cc2)sc1N,2.5498000000000003,10.02581908967377
[Li]<-n1ccn(-c2ccc(C)c(C)c2)c1,2.489140000000001,7.265125695775816
[Be]=C1N(CC)C=CN1C(Br)C(F)(F)F,2.374690000000001,6.675984919843224
[Li]<-n1c[nH]c(C=C)c1-c1ccccc1,2.7197000000000005,7.140337446785025
[Li]<-P1(c2ccccc2)C=NC(N(C)C)C1,1.7234,7.0155491977942335
[Li]<-n1cn(N)c(-c2cccc(C)c2)n1,0.96732,6.800773168834016
[Li]<-N=C(CC)ON=C(Cl)c1ccccc1,2.990870000000001,5.006605415578681
[Li]<-n1cccc(-c2cccc(O)c2)c1,2.4542,7.604689973726825
[Li]<-n1nc(-c2ccccc2)n(OC)c1C,1.3119199999999998,6.675984919843224
[Li]<-n1nn(C(C)=O)cc1-c1ccccc1,1.6051999999999995,6.675984919843224
[Li]<-S1CCc2c1cccc2C(F)(F)F,3.353600000000001,3.9271332358542037
[Be]=C1Nc2c(ccc(C)c2C)N1C(C)O,1.86993,6.800773168834016
[Be]=C(C=CC)N(C)c1ccc(C)cc1,3.046110000000001,9.103904064712127
[Li]<-S=C(N)c1cccc(C(C)N)c1C,1.6489200000000002,1.8387783689363106
[Li]<-n1cccc(C2(C)NC(=O)C(=O)N2)c1,-0.4997000000000002,7.604689973726825
[Li]<-Nc1ccc(C(=O)OCCC)cc1,1.8356,2.0883548669178933
[Li]<-N1=CC(NC(C)=O)c2ccccc21,1.5797,7.479901724736034
[Li]<-S=c1[nH]ccn1-c1cccc(C)c1,2.8433100000000007,1.8387783689363106
[Li]<-n1ccn(Cc2ccc(Br)cc2)c1,2.6939,7.265125695775816
[Be]=C1CN(Cc2ccccc2)C(C)(N)N1,0.7629899999999996,7.050349666815598
[Li]<-S=C(NCC)C(=C)c1ccccc1,2.636700000000001,1.963566617927102
[Li]<-N1CC(c2cccs2)c2ccccc21,3.305500000000001,7.854266471708408
[Li]<-n1cc(C)c(Nc2cccc(Cl)c2)o1,3.380020000000002,6.845383784514992
[Be]=C1N(C)c2ccccc2N1C(C)C,2.3474900000000005,6.675984919843224
[Li]<-N(Cc1ccccc1OC)N(C)C,1.2614,7.389913944766607
[Li]<-O=C(C=C)Nc1cccc(C)c1C,2.4279400000000004,5.4263473268395055
[Li]<-O=c1[nH]c2c(C)c(C)ccc2n1C,1.48344,4.837206550906914
[Li]<-n1ccn(CC)c1-c1ccccc1,2.5700000000000003,7.140337446785025
[Li]<-N=C(CC)n1cnc(C(C)(C)C)c1,2.4159700000000006,5.301559077848714
[Li]<-n1ccc(-c2ccccc2)c(C)c1,3.0570200000000014,7.604689973726825
[Li]<-n1ccc(C(=C)c2ccoc2)cc1,2.7361000000000013,7.604689973726825
[Li]<-n1c[nH]c(C(N)=O)c1-c1ccccc1,1.1755999999999995,7.140337446785025
[Li]<-n1cc(CN(C)C)cc(N(C)C)c1,1.2092000000000005,7.604689973726825
[Li]<-N1C=C(c2ccncc2)N(C(C)C)C1,1.6511000000000002,7.514702193757399
[Li]<-n1ccc(C(=O)C(=C)N(C)C)cc1,1.3396,7.604689973726825
[Be]=C1CN(C(C)C)C(N)(CC)NC1N,-0.3114099999999991,8.674352006791691
[Li]<-N=c1[nH]cc(N)n1-c1ccccc1,0.8670699999999998,4.961994799897705
[Be]=C=NC(=C(C)C)c1ccccc1C,3.200520000000002,3.4627807089124034
[Li]<-[Se]1CC(C)(C)C(c2ccccc2)[Se]1,2.5092000000000008,9.326584340788775
[Li]<-N(Cc1cccs1)=C1CCCCC1,3.653200000000002,9.443468342663136
[Li]<-NCc1cccc([Se]C(C)(C)C)c1,1.6932,2.462719613890267
[Li]<-n1csc(N=Nc2ccccc2)c1C,3.866920000000002,7.479901724736034
[Li]<-n1ccn(-c2cc(C)cc(C)c2)c1,2.489140000000001,7.265125695775816
[Li]<-n1cc(-c2ccccc2)n(CC)c1,2.5700000000000003,7.265125695775816
[Li]<-n1cccc(C=Cc2ccsc2)c1,3.313500000000002,7.604689973726825
[Li]<-n1ccc(-c2ccc(Br)cc2)cc1,3.5111000000000026,7.604689973726825
[Li]<-n1ccn(C=Nc2cncnc2)c1,0.8811999999999998,7.265125695775816
[Li]<-n1cccc(C2CCNCC2N)c1,0.4857999999999993,7.604689973726825
[Li]<-n1cn(C(C)C)c2nc(N)ncc21,0.9893999999999998,7.140337446785025
[Li]<-N#Cc1ccc(C(C)C)cc1C(=C)C,3.714780000000003,3.6775567378726213
[Li]<-N#CC=Nc1cccc([N+](=O)[O-])c1,1.82068,1.8387783689363106
[Li]<-n1csc2ccc(SC(C)C)cc21,3.796800000000002,12.32894998555188
[Li]<-n1cnn2c1C(C)(C(=O)OC)CC2,0.1124999999999996,6.800773168834016
[Li]<-NC(C)CC(=O)Nc1ccccc1,1.3623999999999996,2.3379313648994757
[Li]<-O=C(OCC)C1CC(C=C)CCN1,1.1037,4.881817166587889
[Be]=C(NC1CCCCC1)c1cccs1,3.057290000000002,5.301559077848714
[Li]<-n1oc(-c2cccc(C)c2)cc1N,2.23222,8.219809626509502
[Be]=C1CN(c2ccccc2CC)CN1,1.6548899999999998,7.050349666815598
[Li]<-O=c1[nH]c2ccccc2n1CCO,0.3218999999999999,4.837206550906914
[Li]<-n1c(-c2ccc(C)cc2)n[nH]c1C,2.08854,6.675984919843224
[Li]<-N#Cc1ccc(N=NC(C)C)cc1,3.050380000000001,1.8387783689363106
[Li]<-n1ccn(C2N=CC=C(C)C2C)c1,2.0485,7.265125695775816
[Li]<-S1CCN(CC(C)=O)c2ccccc21,2.1877000000000004,3.9271332358542037
[Be]=C1Oc2cc(C(C)(C)C)ccc2N1C,2.808990000000001,6.3810312575731905
[Li]<-N1CCN(C)CCN(C(C)C)CC1,0.2318000000000013,4.301497982826578
[Li]<-NCc1cc(N)cc2ccccc12,1.8807,2.3379313648994757
[Li]<-N1=CSC23C=CC=CC12C=CC=C3,2.4911000000000003,14.16772835448819
[Li]<-PC(=Cc1ccccc1)C(C)(C)C,3.948700000000003,2.0883548669178933
[Li]<-S=c1[nH]c(N)cn1-c1ccccc1,2.11709,1.8387783689363106
[Li]<-S=C1CNC(N)N1c1cccnc1,0.0608999999999995,1.8387783689363106
[Li]<-N1=C(NC(C)=O)Cc2ccccc21,1.4088,8.854327566730545
[Li]<-n1ccc(CNc2ccccc2)cc1,2.6937000000000006,7.604689973726825
[Li]<-P(Cl)(C(C)(C)C)C(F)(F)C(F)(F)F,4.575700000000001,8.122734413513578
[Li]<-n1ccn(-c2ccccc2C=O)c1,1.6848,7.265125695775816
[Li]<-P1(c2ccccc2)C2CC3C=CC21C3,2.8946000000000014,5.641123355799723
[Li]<-S=C(NCC)Nc1ccc(C)cc1,2.3013200000000005,1.8387783689363106
[Li]<-S=C1C=Cc2ccc(C)c(C)c2C1,3.2426400000000024,1.8387783689363106
[Be]=C1NC(C)(C)C2(C=CC(=C)NC2)O1,0.7929899999999998,6.630607755554774
[Be]=C1NN=C(c2ccccc2)N1CC,1.26959,6.4612088908830065
[Li]<-P(CO)(c1ccoc1)c1ccoc1,1.2551,5.765911604790515
[Li]<-n1cn(CC)cc1-c1ccccc1,2.5700000000000003,7.140337446785025
[Li]<-n1cncc(-c2cccnc2)c1N,1.1208,8.639551537770327
[Li]<-n1c(CNCC)[nH]c2ccccc21,1.6724,8.854327566730545
[Li]<-n1cn(C)cc1CC1CCOC1=O,0.5257,7.140337446785025
[Li]<-n1ccn(-c2ccc(SC)cc2)c1,2.5942,7.265125695775816
[Li]<-n1ccccc1N=C1CNCC1N,0.0845999999999997,8.979115815721336
[Be]=C(Nc1cccc(C)c1)C(=O)OC,1.61871,7.834868184270042
[Li]<-n1c2ccccc2nc2ncccc21,2.178,11.032670213617864
[Li]<-P1(C)COC(c2ccccc2)C1C,3.215600000000002,5.890699853781306
[Li]<-S=C(NC(C)=O)c1ccc(Cl)cc1,2.1516,1.8387783689363106
[Li]<-NCC1OCC(=O)c2ccccc21,0.8992999999999998,2.3379313648994757
[Li]<-n1nc(-c2ccc(Cl)cc2)sc1N,2.4407000000000005,10.02581908967377
[Li]<-P1(C)CCOC(c2ccccc2)=N1,2.490100000000001,5.80071207381188
[Li]<-N=C(C)ON=C(Cl)c1ccccc1,2.6007700000000007,5.006605415578681
[Li]<-O=C(c1ccccc1)c1cc[nH]c1,2.2457,5.641123355799723
[Be]=C1Cc2ccccc2CN1CC=C,2.26949,7.265125695775816
[Li]<-n1ccc(C2CCCC(=O)N2)cc1,1.4227999999999998,7.604689973726825
[Li]<-N=c1[nH]cc(N)n1Cc1ccccc1,0.9261699999999996,4.961994799897705
[Be]=C(C)NC1C2CC3CC(C2)CC1C3,2.459390000000001,5.675923824821088
[Li]<-n1nc(Cc2ccccc2)sc1N,1.7110999999999998,10.02581908967377
[Li]<-n1cccc(-c2c(N)c[nH]c2C)c1,1.96732,7.604689973726825
[Li]<-n1cn(CC(C)=O)c2c(N)ncnc21,-0.0025,8.639551537770327
[Be]=C1Nc2ccccc2N1COCC,1.90879,6.800773168834016
[Li]<-n1cn(Cc2ccccc2)cc1C#N,1.80308,8.979115815721336
[Be]=C1NC(N)(c2ccccc2)NC1=O,-0.48621,8.005033597549284
[Li]<-Nc1ccc(C(=O)O)c(C(=O)O)c1,0.6652000000000002,2.0883548669178933
[Be]=C1NC=CN1c1ccc(OC)cc1,1.5722899999999995,6.800773168834016
[Li]<-n1cn(CC)c2c(=O)[nH]c(N)nc21,-0.2783000000000001,8.639551537770327
[Li]<-P1=CCC(c2ccc(C)cc2)=CC1,3.5305200000000028,4.051921484844995
[Li]<-n1cc(N)cc2cc(C)c(C)cc21,2.433840000000001,9.318680093672345
[Li]<-P(O)(CNC(C)=O)c1ccccc1,0.7947000000000001,5.256181913560263
[Li]<-S=C(c1ccccc1)N(CC)CC,2.703900000000001,1.963566617927102
[Li]<-P(CC(C)(OC)C(C)(C)C)C(C)C,3.5245000000000024,4.176709733835787
[Li]<-n1cn(CC)c(=O)c2ccccc21,1.4164,8.979115815721336
[Li]<-N1=CN(c2ccc(C)c(C)n2)CC1,1.54674,7.389913944766607
[Li]<-P(Cl)(c1ccc(C)cc1)C(C)(C)C,4.054520000000003,8.122734413513578
[Be]=C1NC=C(N)N1C(C)C(=O)OCC,-0.4029099999999994,6.800773168834016
[Li]<-P(C)(C[Si](C)(C)C)c1ccccc1,3.301000000000002,6.140276351762889
[Li]<-n1ccn(Cc2cccc(O)c2)c1,1.637,7.265125695775816
[Li]<-n1cccc(C2NC(C(C)C)CO2)c1,1.7246,7.604689973726825
[Li]<-N(=CC(=O)OC)CC=CC(=O)OC,-0.0406000000000001,7.729478222717616
[Be]=C1N(CCCN(C)C)C=CN1C(C)C,1.43159,6.675984919843224
[Li]<-n1cn(C)c2c(C)cc(C)c(C)c21,2.4985600000000003,7.140337446785025
[Li]<-n1ccn(CCc2ccccn2)c1,1.5208,7.265125695775816
[Li]<-N(CC(=O)OC)Cc1ccccc1,0.9491999999999994,4.301497982826578
[Li]<-O=c1[nH]cnc2c1ccc1cc[nH]c12,1.4044,5.4263473268395055
[Li]<-O=C(C)Nc1ccc(C(C)C)cc1,2.7684000000000006,5.301559077848714
[Li]<-O=Cc1ccc(N2CCCC2)cc1,2.0993,3.9271332358542037
[Li]<-n1cn(CC)c2c1N=C(N)NC2N,-0.5902999999999989,7.140337446785025
[Li]<-n1cn(-c2ccc(C=C)cc2)cn1,1.9103,6.800773168834016
[Li]<-P12NN3C(N)N(N1)C(N)N(N2)C3N,-3.599199999999999,4.872007019928279
[Li]<-P1(c2ccccc2)C(P)C(C)C1P,2.845900000000001,7.3551134757452425
[Li]<-N(=Cc1ccccc1)CC(=O)OC,1.2785,7.729478222717616
[Be]=C1NC(N)=CN1Cc1cccc(C)c1,1.15411,6.800773168834016
[Li]<-n1ccc(C(=O)O)c2ccccc21,1.933,9.318680093672345
[Be]=C1Nc2c(C)cc(C)cc2N1CC,2.5515300000000005,8.639551537770327
[Be]=C1C=CC=C(c2ccccc2C)N1,2.53411,7.265125695775816
[Li]<-n1cccc(C2SC(C)=C(F)S2)c1,3.718700000000002,7.604689973726825
[Li]<-p1(Cl)cc(C)cc1-c1ccccc1,4.650520000000002,9.961512782449889
[Li]<-Sc1cc(C(C)C)cc(C(C)C)c1,4.222100000000003,1.963566617927102
[Li]<-P(Cc1ccccc1)c1ccccc1,3.1906000000000008,4.051921484844995
[Li]<-P1(c2ccccc2)CC(C)=CC1=P,3.026400000000001,5.641123355799723
[Li]<-N1=NN(c2ccc(Cl)cc2)CC1=O,2.0538,7.880245348558493
[Li]<-n1ccc(CO)c(C(=O)OCC)c1,0.7505999999999999,7.604689973726825
[Li]<-n1c2ccccc2nc2cnccc21,2.178,11.032670213617864
[Li]<-P(O)(Cl)C(O)(C(F)(F)F)C(F)(F)F,2.3426,7.613004722283327
[Li]<-P(O)(c1ccc(C)cc1)C(C)(C)C,2.808020000000001,5.00660541557868
[Li]<-N#Cc1cccc(N2CCCC2)c1,2.15848,3.6775567378726213
[Li]<-n1cccc(C(C)=NCCOC)c1,1.537,7.604689973726825
[Li]<-n1ccc(C)c(N2CCCCC2)c1,2.38032,7.604689973726825
[Li]<-n1ccn(C(C)Sc2ccccc2)c1,3.193900000000001,7.265125695775816
[Li]<-n1[nH]ccc1-c1ccccc1OC,2.0853,7.140337446785025
[Li]<-n1ccn(Cc2ccccc2Cl)c1,2.5847999999999995,7.265125695775816
[Li]<-n1ccc(C=C2SC=C(C)S2)cc1,3.721300000000001,7.604689973726825
[Li]<-N1=CC(C)(C)C(c2ccncc2)C1,2.2758000000000003,7.729478222717616
[Li]<-N(Cc1ccsc1)Cc1ccsc1,3.099400000000002,4.301497982826578
[Li]<-N#Cc1ccccc1-n1ccnn1,1.13898,1.8387783689363106
[Li]<-n1ncn(Cc2ccccc2)c1C,1.63482,6.675984919843224
[Li]<-NCc1ccccc1-c1ccccc1,2.8123000000000014,2.462719613890267
[Li]<-S=C1CN(c2ccccc2)CN1C,1.7233,1.8387783689363106
[Li]<-n1ccc(CN2C=CC=CC2)cc1,1.9671,7.604689973726825
[Li]<-p1c(C)ccc(O)c1C=CC(C)=O,2.8829200000000017,3.6775567378726213
[Li]<-N1=C(C)C2=[PH](C2)N1c1ccccc1,2.1977,7.0155491977942335
[Li]<-N1=CN(C2CCCCC2)C(=O)CC1,1.5797,7.389913944766607
[Li]<-P(C=O)(c1ccoc1)c1ccoc1,1.4954999999999998,5.516335106808932
[Li]<-n1cc(C)cc(-c2ccccc2C)c1,3.365440000000002,7.604689973726825
[Li]<-S=C(NC)S(=O)(=O)c1ccccc1,0.9646,1.963566617927102
[Li]<-N1=C(P)C(O)=[PH](c2ccccc2)N1,0.7352999999999998,5.301559077848714
[Li]<-P(O)(c1ccccc1)c1ccccn1,1.4216,5.00660541557868
[Li]<-N1CC(c2ccccc2)CC1C(N)=O,0.6174,7.854266471708408
[Li]<-S=c1ssc(-c2ccccc2)c1C,4.514510000000001,1.8387783689363106
[Li]<-N=CC(C)CNc1ccccc1Cl,3.037570000000001,3.9271332358542037
[Li]<-n1ccc(-c2cncnc2C)cc1,1.84702,7.604689973726825
[Li]<-S=C([O-])C[n+]1cccc(C=CC)c1,0.6949000000000001,1.8387783689363106
[Li]<-n1cccc2nc(C(=O)O)ncc21,0.7229999999999999,9.318680093672345
[Li]<-n1ccc(C#N)c2c(Cl)ccnc21,2.1548800000000004,8.979115815721336
[Li]<-n1ccc(C(=O)OC)c(C(N)=O)c1,-0.0328999999999998,7.604689973726825
[Li]<-n1cccc(N(C)c2ccccc2)c1,2.849500000000001,7.604689973726825
[Li]<-N(CC(=O)OCC)C1CCCCC1,1.4717999999999998,4.301497982826578
[Li]<-n1ccc(C2CNCC(C)C2)cc1,1.7946,7.604689973726825
[Be]=C1NC(N)=C2C(N)c3ccccc3N12,0.23369,6.800773168834016
[Li]<-n1cc(C#Cc2ccccc2)[nH]c1N,1.3917,8.639551537770327
[Be]=C(Nc1ccccc1)c1cccs1,3.247090000000001,5.4263473268395055
[Be]=C(C)NC(Br)c1ccc(OC)cc1,2.7369900000000005,5.675923824821088
[Li]<-n1cc(C(C)(C)C)c(C)cc1CO,2.1798200000000003,9.318680093672345
[Be]=C(Nc1ccccc1)C(=C)C(=O)OC,1.86649,7.265125695775816
[Li]<-n1ccn(Cc2ccccc2C)c1,2.23982,7.265125695775816
[Li]<-n1cncc(S(=O)C(=C)C(=O)O)c1,0.1825000000000001,7.265125695775816
[Li]<-n1ncc(C)n1-c1ccccc1C,1.88414,8.514763288779536
[Li]<-n1nc(-c2ccc(C)nc2)n(N)c1C,0.6707400000000002,6.675984919843224
[Li]<-n1ccn(-c2ncc(OC)cn2)c1,0.6708999999999998,7.265125695775816
[Be]=C1N(C)c2ccccc2N1CC#N,1.46267,6.675984919843224
[Li]<-O=C(CC)Oc1ccc(C)c(C)c1,2.6188400000000005,4.88181716658789
[Li]<-P(CC)(CCC(C)C)c1ccccc1,3.859800000000004,6.015488102772097
[Li]<-n1ccc(CN)c(C(=O)OCC)c1,0.7170000000000001,7.604689973726825
[Li]<-P1(Cl)CC=C(C)C1c1ccccc1,4.323300000000003,8.24752266250437
[Li]<-NN1c2ccccc2CC1C(=O)OC,0.4644,1.7487905889668844
[Li]<-n1cc(I)cc(-c2ccccc2)c1,3.353200000000001,7.604689973726825
[Li]<-N(c1ccccc1)c1ccccc1,3.430200000000001,3.8023449868634125
[Li]<-S=C(NCCC)Nc1ccccc1,2.383,1.8387783689363106
[Li]<-N#CC(n1cccn1)n1cccn1,0.6500799999999999,1.8387783689363106
[Li]<-NC1=CN(Cc2ccncc2)CN1,0.2019,2.0883548669178933
[Li]<-N1=C(N)C=[PH](c2ccccc2)N1C,0.4608999999999998,11.80743303868536
[Li]<-P(=Cc1ccccc1)c1ccccc1,3.108600000000002,3.8023449868634125
[Li]<-n1cc(C)c(-c2ccccc2F)[nH]1,2.524220000000001,7.265125695775816
[Li]<-n1nc(-c2cccnc2)nn1CC,0.7549999999999999,8.175199010828527
[Be]=C1NC(CC(C)C)=CN1CC(C)C,2.4313900000000004,6.800773168834016
[Li]<-O=C(C)Nc1ccccc1C(C)=O,1.8476,5.4263473268395055
[Li]<-S=C1CNC(N)(c2ccccc2)NC1,0.3183000000000001,1.8387783689363106
[Li]<-n1ccn(Cc2ccccc2F)c1,2.0705,7.265125695775816
[Li]<-O=C1C=C(N(C)C)c2ccccc2C1,1.7143,5.516335106808932
[Li]<-n1cccc(N(C(C)Cl)C(C)Br)c1,3.213700000000002,7.604689973726825
[Li]<-S=C(NCc1ccccc1)NN(C)C,1.1272999999999995,1.8387783689363106
[Li]<-N1=C(c2ccccc2)C=CC1(C)C,2.8241000000000014,11.032670213617864
[Li]<-n1ccn(-c2c(F)cccc2F)c1,2.1505,7.265125695775816
[Li]<-n1cc(C)n(-c2ccccc2C)c1,2.489140000000001,7.265125695775816
[Li]<-n1cccc(Sc2ccccc2)c1,3.232800000000001,7.604689973726825
[Li]<-n1cccc(-c2ccccc2F)c1,2.887700000000001,7.604689973726825
[Li]<-n1oc(Nc2ccccc2I)cc1C,3.331220000000001,6.7205955355241995
[Li]<-n1cc(C)n(-c2ccccc2F)c1,2.31982,7.265125695775816
[Li]<-n1ncc(C)n1-c1cccc(C)c1,1.88414,8.514763288779536
[Be]=C1N(CCCC)C=CN1CC(C)C,2.527590000000001,6.675984919843224
[Li]<-n1cn(-c2ccc(C)cc2)c(C)n1,1.88414,6.800773168834016
[Li]<-n1cn(CC(=C)F)c2ccccc21,2.5195000000000007,7.140337446785025
[Li]<-n1c[nH]c(Cc2ccccc2)c1C,2.3089200000000005,7.140337446785025
[Be]=C1NCN(c2ccccc2OC)C1N,0.38589,8.424775508810109
[Li]<-N(CC)=c1[nH]c2ccccc2n1C,1.427,8.764339786761118
[Li]<-n1cnn(CC)c1-c1ccccn1,1.36,8.639551537770327
[Be]=C1NCN(c2cc(C)ccn2)C1N,0.0807099999999999,8.5495637578009
[Li]<-n1nc(-c2ccc(C)cc2)sc1N,2.09572,11.52503318065907
[Li]<-n1c(C)ccc2cc(OC)ccc21,2.55182,11.032670213617864
[Be]=C1N(C)C=CN1Cc1cccnc1,1.29649,6.675984919843224
[Li]<-P1C=CC(C)(c2ccccc2)C=C1,3.663800000000002,3.8023449868634125
[Li]<-n1c(C)cc(C=C)c2ccccc21,3.1862200000000014,11.032670213617864
[Li]<-n1cc(C)nc(-c2[nH]cnc2N)c1,0.7573199999999998,7.604689973726825
[Li]<-n1cccc(-c2cccc(Cl)c2)c1,3.402000000000002,7.604689973726825
[Li]<-S1CCNCC1(N)c1ccccc1,1.1345000000000005,3.9271332358542037
[Be]=C(C)Nc1ccc(I)cc1C(C)C,3.8851900000000015,3.837145455884777
[Li]<-P(C)(O)c1ccccc1[Si](C)(C)C,1.8761,5.1313936645694715
[Be]=C1N(C=C)C=CN1c1ccccc1,2.4195900000000004,6.675984919843224
[Li]<-N1=C(C)C=CCC1c1ccccc1,3.148500000000002,11.157458462608655
[Li]<-[Se]1C(=C)C(c2ccccc2)C1(S)S,2.5151000000000003,5.516335106808932
[Li]<-S=C(c1ccccc1OC)C(Cl)Cl,3.2169000000000016,1.8387783689363106
[Li]<-N1=C(OC)Cc2c[nH]c(C(C)C)c21,2.3706000000000005,8.55937390446051
[Be]=C1N(C)C=C(C#C[Si](C)(C)C)N1C,1.58209,6.675984919843224
[Li]<-n1nn(-c2ccccc2)c(C)c1C,1.88414,6.675984919843224
[Be]=C1NC(N)=CN1CC(C)(C)OCC,0.4605900000000004,6.800773168834016
[Li]<-Nc1cccc(-c2ccccc2)c1,2.9358000000000013,2.0883548669178933
[Li]<-n1cc(N)cc2c(C)c(C)ccc21,2.433840000000001,9.318680093672345
[Li]<-N1=CSC(N(C)c2ccccc2)C1,2.224,10.739748114597152
[Li]<-n1cc(C=NCC=C)cc(OC)c1,1.6950999999999998,7.604689973726825
[Li]<-Nc1ncc(C)c2occc(=O)c12,1.07862,3.292615295633161
[Li]<-n1cc(C)c(C)n1C(C)C(=O)OC,1.2339399999999998,8.979115815721336
[Li]<-n1ccc(N=c2[nH]cc(N)[nH]2)cc1,0.5524,7.604689973726825
[Li]<-N1=C(NC(C)=O)c2ccccc2C1,1.0829000000000002,9.103904064712127
[Li]<-n1ccc(-n2nncc2C)cc1C,1.2791399999999995,9.318680093672345
[Be]=C(N)n1ncc2c(C)c(C)ccc21,1.4562299999999997,6.585997139873798
[Li]<-O=C(CC(=O)OC)c1ccccc1,1.4324,6.7205955355242
[Li]<-N=C(CC)ON=Cc1cccnc1,1.81937,5.006605415578681
[Li]<-S=C(C(C)C)N1CCOCC12CC2,1.8346,2.0883548669178933
[Li]<-N#Cc1cccc(C=CC(=O)O)c1,1.65608,1.8387783689363106
[Li]<-n1nc(NC(C)=O)cc2ccccc21,1.5881999999999996,8.854327566730545
[Li]<-N#Cc1cscc1-c1ccccc1,3.286780000000001,1.8387783689363106
[Li]<-n1cnc(C(C)=O)c2ccccc21,1.8324,8.979115815721336
[Li]<-n1ccn(Cc2ccccc2)c1CCl,2.6702000000000004,8.979115815721336
[Be]=C1C2CC3C=CC2(NC1(N)C(C)C)O3,0.6530899999999998,10.603118155697429
[Li]<-Nc1ccncc1-c1ccccc1,2.3308,2.2131431159086845
[Li]<-Nc1nccc(-c2ccccc2)c1C,2.63922,2.2131431159086845
[Li]<-n1ccn(Cc2ccc(F)cc2)c1,2.0705,7.265125695775816
[Li]<-n1ccccc1C=C1CCCCC1,3.429100000000002,9.318680093672345
[Li]<-N1=C2CC2=C(C(=O)OCC)N(C)C1,0.5512000000000001,7.265125695775816
[Li]<-O=CC(C)(C)n1ccc(C(C)=O)c1,1.6247,3.8023449868634125
[Li]<-N(=O)C(C)C=C(C)c1ccccc1,3.244800000000001,6.970172033505782
[Li]<-N(Cc1ccccc1)=C(C)NC(C)C,2.6030000000000006,9.103904064712127
[Li]<-n1ccn(-c2cccc(C#N)c2)c1,1.74398,7.265125695775816
[Li]<-n1nc(-c2ccccc2F)n(C)n1,1.0161999999999998,6.336420641892215
[Be]=C1NC(N)=CN1C(C)c1ccsc1,1.46819,6.800773168834016
[Li]<-O=C1CCCN1Cc1cccnc1,1.204,5.176770828857923
[Li]<-P(C)(c1ccccc1)n1ccnc1,2.0834,5.551135575830297
[Be]=C1NC=C(N)N1Cc1ccccn1,0.2406899999999999,6.800773168834016
[Li]<-n1ccc(-c2ccncc2)c(C)c1,2.45202,7.604689973726825
[Li]<-NC=C1CCC(=O)c2ccccc21,1.9627,2.2131431159086845
[Be]=C1Oc2cc(C)ccc2N1CC=C,2.3761100000000006,6.3810312575731905
[Li]<-n1[nH]c(C)cc1-c1ccc(Br)cc1,3.1476200000000016,7.140337446785025
[Li]<-n1c(C)cc(NC(C)(C)C)cc1C,2.908840000000001,11.032670213617864
[Li]<-S=C(NC)NN=Cc1cccnc1,0.5093999999999999,1.963566617927102
[Be]=C1CC(NC2CCCCC2)OC1C,2.12489,8.933738651432886
[Be]=C1C=CN(C=C)N1c1ccccc1,2.4195900000000004,6.800773168834016
[Li]<-n1cccc(C(=O)C(=C)N(C)C)c1,1.3396,7.604689973726825
[Li]<-n1cccc2cc(C(C)(C)C)[nH]c21,2.8604000000000003,7.479901724736034
[Li]<-n1nc(CN2CCOC2=O)n(C)n1,-0.8376999999999999,6.336420641892215
[Li]<-NC(C)(C)c1ccn(C(C)(C)C)n1,1.8319,2.0883548669178933
[Li]<-n1cccc(-c2cc[n+]([O-])cc2)c1,1.382,7.604689973726825
[Li]<-n1ccc(N=C(C)C(F)(F)F)cc1,2.736300000000001,7.604689973726825
[Be]=C1N(Cc2ccccc2)C=NN1C,1.37359,6.336420641892215
[Li]<-n1ccc(C)c(-c2c[nH]c(C)c2)c1,2.6935400000000005,7.604689973726825
[Li]<-n1ncn(N=Cc2ccccc2)c1C,1.46872,6.675984919843224
[Li]<-Nc1c(C)ccc2c(=O)ccoc12,1.68362,2.0883548669178933
[Be]=C1Nc2ccc(C(F)(F)F)cc2N1C,2.56339,6.800773168834016
[Be]=C1N(C)C=CN1Cc1ccccn1,1.29649,6.675984919843224
[Li]<-n1oc(-c2[nH]nc(C)c2C)cc1C,1.98996,6.7205955355241995
[Li]<-n1ccccc1Sc1ccccc1,3.232800000000001,7.479901724736034
[Li]<-n1ccn(C(C)c2ccccc2)c1,2.4924,7.265125695775816
[Li]<-P1(C)CC(C)=CC1c1ccccc1,3.7993000000000032,6.015488102772097
[Li]<-n1cccc(C(C)OC(C)(O)O)c1,0.8174999999999999,7.604689973726825
[Li]<-[Se]1CC(c2cccc(OC)c2)C[Se]1,1.9524,9.451372589779567
[Li]<-N1CCN(C)C(c2ccccn2)C1,0.6576999999999995,4.42628623181737
[Li]<-N#Cc1ccc(-n2cccn2)cc1,1.74398,3.6775567378726213
[Li]<-n1cn(CC(C)=O)c2ccccc21,1.6253,7.140337446785025
[Be]=C(NC1CCCCC1)c1ccoc1,2.5887900000000004,7.140337446785025
[Li]<-n1ccn(Cc2cccc(C)c2)c1,2.23982,7.265125695775816
[Be]=C1Nc2ccc(SC)cc2N1CC,2.6565900000000005,6.800773168834016
[Li]<-n1cc(N)cc(-c2ccccc2)c1,2.3308,7.604689973726825
[Li]<-N1=C(Cc2ccccc2C)NCC1,1.5392199999999998,9.103904064712127
[Be]=C1OC(C)CN1Cc1ccc(C)cc1,2.2120100000000003,6.3810312575731905
[Li]<-NCC(C)(C)NCc1ccncc1,0.9084999999999994,2.3379313648994757
[Li]<-P1(C(C)C)OC1(C)c1ccccc1,3.6948000000000025,4.881817166587889
[Li]<-P1(C)C(=C)CCC1c1ccccc1,4.146900000000003,6.015488102772097
[Li]<-Nc1cn(Cc2cccnc2)cn1,0.9086,2.0883548669178933
[Be]=C(C=Cc1ccccc1)N(C)NC,1.80479,8.639551537770327
[Li]<-N1CCc2cc(C(=O)OC)ccc21,1.4412,7.729478222717616
[Li]<-n1c(O)ccnc1-c1ncccn1,0.6391999999999999,10.058587995445812
[Li]<-Pc1cccc(C(C)C)c1C(C)C,3.433800000000004,2.0883548669178933
[Li]<-n1ccc(N(C)C)c2ccccc21,2.3008,9.318680093672345
[Li]<-S=c1[nH]c(=O)n(C(C)(C)O)cc1N,0.1729899999999999,1.8387783689363106
[Li]<-n1[nH]c(-c2ccccn2)c(C)c1N,1.3623199999999998,8.639551537770327
[Li]<-O=C(O)C(O)Oc1cccc(C)c1,0.7768199999999997,4.881817166587889
[Li]<-p1(C)c(N(C)C)nc2ccccc21,2.8244000000000007,7.140337446785025
[Be]=C(NN(C)C)c1ccc(OC)cc1,1.14829,8.764339786761118
[Li]<-n1cccc(N=NC(C)C)c1CCl,3.3125000000000018,9.318680093672345
[Li]<-[O-][n+]1cccc(-c2ccccc2)c1,1.987,1.4992140909853016
[Li]<-NCC(=O)Nc1c(C)cccc1C,1.20064,2.3379313648994757
[Li]<-Nc1cc(C(C)=O)cc(C(N)=O)c1,0.5703000000000003,2.0883548669178933
[Li]<-n1cccc(N2CCC(=O)C2=O)c1,0.3873999999999999,7.604689973726825
[Li]<-n1cc(C(C)(C)C)c(C(C)(C)C)[nH]1,3.004700000000001,7.265125695775816
[Li]<-n1cccc(-c2cncnc2C)c1,1.84702,7.604689973726825
[Li]<-n1ccc(C)c2c(=O)cc(C)oc21,1.80484,8.684162153451302
[Li]<-n1ccc(-c2nccn2CC)cc1,1.965,7.604689973726825
[Li]<-n1ccc(C2CN=C(C(C)C)O2)cc1,2.2074,7.604689973726825
[Li]<-OCC(Nc1ccccc1)C(=O)OC,0.6323999999999996,2.2131431159086845
[Li]<-P1(c2cc(F)cc(F)c2)CCCCC1,3.2559000000000013,5.516335106808932
[Li]<-n1ccc(C2CCCCN2C)cc1,2.2384000000000004,7.604689973726825
[Li]<-N(O)=C1C2CC(C)(C)C1C(=O)C2C,1.6977,5.00660541557868
[Be]=C1NC(C)(C)C2OC(C)(C)OC2N1C,0.7738899999999993,4.961994799897705
[Li]<-P1(c2ccccc2)CC(C)=C(C=C)C1,3.3099000000000016,5.890699853781306
[Li]<-p1ccc(Br)c(-c2ccccc2)c1,4.696200000000003,3.9271332358542037
[Li]<-S=C(N)N1CCC(c2ccccc2)C1,1.7195000000000005,1.8387783689363106
[Be]=C1N2C=CC(Cl)=CC2=C(Cl)N1CC,2.678090000000001,6.675984919843224
[Li]<-P(Cc1cc(C)cc(C)c1)CC(C)C,4.137940000000003,4.301497982826578
[Li]<-n1csc(-n2nc(C)c(C)c2Br)c1,2.708140000000001,10.61495986560636
[Li]<-n1c(C(=O)OCC)cc(C)n1C=N,0.8233900000000001,10.693105935666855
[Li]<-O=C(CP(=S)(OC)OCC)N(C)C,1.0670000000000002,5.176770828857923
[Li]<-n1c(C)n(C(C)C)c2ccccc21,2.925620000000001,7.0155491977942335
[Li]<-n1cc(C)cc2c(CCl)cncc21,2.6770200000000006,9.318680093672345
[Li]<-n1cc(C)n(Cc2ccccc2)n1,1.63482,6.800773168834016
[Li]<-S=c1sc2ccccc2n1C(C)C,4.0131900000000025,2.0883548669178933
[Be]=C1NC23C=CC=CC2(CNC3)N1C,-0.2755100000000003,6.800773168834016
[Be]=C1C2CC(C)(N)C1(N)NC(C)(C)N2,-0.8587099999999988,11.977543997691939
[Li]<-N(Cc1ccccc1)CC(F)(F)F,2.3385,4.301497982826578
[Li]<-n1ccn(COc2ccccc2)c1,1.9196,7.265125695775816
[Li]<-S1c2ccccc2CC1C(C)(C)C,3.749500000000003,3.8023449868634125
[Li]<-N#CC(C)=C(OCC)c1ccccc1,2.977680000000001,1.8387783689363106
[Li]<-n1ccc(C=[N+]([O-])C(C)(C)C)cc1,1.8093,7.604689973726825
[Li]<-S=C(NCC)NCc1ccccc1,1.6706000000000003,1.8387783689363106
[Li]<-n1ncn(-c2ccccc2C#N)n1,0.53398,6.336420641892215
[Li]<-n1cccc(C=Cc2ccccc2)c1,3.2520000000000016,7.604689973726825
[Li]<-n1cn(C2CCCC2)c2ccccc21,3.151400000000001,7.140337446785025
[Li]<-O=C(C)Sc1ccccc1OCC,2.7239000000000013,3.8023449868634125
[Li]<-n1cc(C)cn1Cc1ccccc1,2.23982,8.979115815721336
[Be]=C1N(CCO)CCN1CC(C)(C)C,0.63869,6.675984919843224
[Li]<-N#Cc1cccc(C(=C)C(=O)O)c1,1.65608,1.8387783689363106
[Li]<-n1ccc(CC(C)(CC)CO)cc1,2.0327,7.604689973726825
[Li]<-N1=CC=C(c2ccccc2)C1OCC,2.517000000000001,8.808950402442093
[Li]<-n1cccc(Cc2cccc(C)c2)c1,2.9808200000000014,7.604689973726825
[Li]<-S=c1[nH]c(-c2ccccc2)nn1C,2.14469,1.8387783689363106
[Li]<-n1cn(C(C)C)c2c(C)cccc21,2.925620000000001,7.140337446785025
[Li]<-n1ccc(-c2ccccc2F)cc1,2.887700000000001,7.604689973726825
[Li]<-N1CCNCCN(C(C)(C)C)CC1,0.279700000000001,4.301497982826578
[Li]<-n1cccc(N2CCCCCC2)c1,2.4620000000000006,7.604689973726825
[Li]<-Nc1ccc(C(C)C)c(C(=O)O)c1,2.0904000000000003,2.0883548669178933
[Li]<-n1cc(-c2ccccc2)n(C(C)O)c1,2.0609,7.265125695775816
[Li]<-N1=COC(C)(C)C1c1ccncc1,1.9598,8.808950402442093
[Li]<-P(O)(OCC(F)(F)F)c1ccccc1,2.1949999999999994,4.372087475357638
[Li]<-n1cc(C)cc2ccc(SC)cc21,3.2651200000000014,9.318680093672345
[Li]<-S1c2cc(C)ccc2C(C)(F)C1C,3.6739200000000025,3.8023449868634125
[Li]<-n1ccc(C(C)=NNC(C)=O)cc1,0.9417,7.604689973726825
[Li]<-n1c(C(O)O)ccc2ccccc21,1.2179999999999995,11.032670213617864
[Li]<-n1ccn(Cc2ccccc2O)c1,1.6370000000000002,7.265125695775816
[Be]=C1NC(OCC)Oc2ccccc21,1.37559,8.979115815721336
[Li]<-N1=CSC(NN=C(C)C(=O)OC)C1,0.2260999999999998,10.739748114597152
[Li]<-S=C(SCC)c1ccc(OC)cc1,3.123800000000001,1.8387783689363106
[Li]<-S1CC(C)=CC(c2ccc(F)cc2)N1,3.0645000000000016,3.712357206893986
[Li]<-S=C(N)NN=C(C)c1ccsc1Cl,1.9587,1.8387783689363106
[Li]<-n1ccc(C(=C)C(C)(C)C)c(C)c1,3.449320000000002,7.604689973726825
[Be]=C1Nc2ccccc2N1C(C)(C)C,2.7132900000000006,8.764339786761118
[Li]<-n1ccc(-c2cc(C)n(C)c2)cc1,2.3955199999999994,7.604689973726825
[Li]<-n1cn(C(C)C)c2nc(C)ncc21,1.71562,7.140337446785025
[Li]<-n1n[nH]c(-c2ccc(C(C)=O)cc2)n1,1.0693,6.336420641892215
[Li]<-n1cnn(Cc2ccccn2)c1C,1.02982,6.800773168834016
[Li]<-S=C1SC(C)N1Cc1ccccc1,2.8663000000000007,1.8387783689363106
[Li]<-S(Cc1ccccc1)C1CCCCC1,4.252500000000003,4.051921484844995
[Be]=C1NC(c2ccccc2)C(N)N1C,0.5437899999999999,6.800773168834016
[Be]=C1NC=C(NC(C)=C(C)C)N1CC,1.61009,6.800773168834016
[Li]<-n1cc(C(C)Cl)cc(C(Cl)OC)c1,3.265200000000002,7.604689973726825
[Li]<-N1=CN(C(C)C)c2ccccc2C1,2.4433000000000007,7.389913944766607
[Be]=C(Nc1cccc(O)c1)c1ccoc1,2.48419,7.140337446785025
[Li]<-N(=CC=C)c1ccccc1N(C)C,2.640900000000001,9.318680093672345
[Li]<-n1cn(C(C)C)c2nc(Cl)ncc21,2.0606,7.140337446785025
[Li]<-[O-][n+]1c(C)cc(F)cc1C(F)(F)F,1.78632,5.176770828857923
[Li]<-n1c(C(F)(F)F)sc2ccccc21,3.3151,14.042940105497399
[Li]<-N#CC(C)=Nc1ccccc1OC,2.31118,1.8387783689363106
[Li]<-O=C(C)NN=C(C)c1ccccn1,0.9417,5.176770828857923
[Li]<-N1=CN(C(C)C(C)C)C(C(C)C)C1,2.399400000000001,7.514702193757399
[Li]<-n1cnn(-c2cc(Cl)c(Cl)nn2)c1,1.3640999999999996,6.925561417824807
[Li]<-n1cc(-c2ccccc2)ccc1N,2.3308,8.979115815721336
[Li]<-N=C(CC)ONC(C)(C)C(C)=NC,1.76417,5.006605415578681
[Be]=C1N(CC(C)C)CC2CCCCN12,1.80879,6.675984919843224
[Li]<-n1cccc(C)c1OCC(F)(F)F,2.3311200000000003,8.684162153451302
[Be]=C(NC1CCCCC1)c1ccco1,2.5887900000000004,4.667041137627672
[Li]<-S=c1n(C)ccn1Cc1ccsc1,2.665890000000001,1.8387783689363106
[Li]<-S=c1cc(NC2CCCCC2)[nH][nH]1,2.81689,1.8387783689363106
[Be]=C1NC=CN1c1cccc(C)c1C,2.18053,6.800773168834016
[Li]<-N#Cc1ccc(N2CCOCC2)cc1,1.39488,1.8387783689363106
[Li]<-n1nc(C)n(CC(=O)OCC)c1C,0.4580399999999998,6.675984919843224
[Li]<-N=c1[nH]c(N)cn1-c1ccccc1,0.8670699999999998,4.961994799897705
[Li]<-n1cnn(C(C)c2ccccc2)c1,1.8874,6.925561417824807
[Li]<-S1CC(C)N(CC)c2ccccc21,3.007100000000002,3.9271332358542037
[Li]<-P(O)(c1ncc(OC)[nH]1)C(C)(C)C,1.2312999999999998,5.00660541557868
[Li]<-O=C1CN(c2cccc(F)c2)CN1,0.7194,5.176770828857923
[Li]<-n1cnc2n1CC([N+](=O)[O-])=C(C)N2,0.2117999999999999,6.800773168834016
[Li]<-S=C(NC)Nc1cccc(C)c1C,2.21964,1.963566617927102
[Li]<-n1ccc(CN(CC)CC)c(C)c1,2.23182,7.604689973726825
[Be]=C=NNCc1ccc([N+](=O)[O-])cc1,1.054,2.998428181970603
[Li]<-n1cc([N+](=O)[O-])n(CC[SH](=O)=O)c1,-0.5973000000000002,7.265125695775816
[Li]<-NCc1c2ccccc2cc2ccccc12,3.451700000000001,2.3379313648994757
[Be]=C1N(C)C=CN1Cc1cccc(C(C)=O)c1,2.10409,6.675984919843224
[Li]<-n1ccc(CNc2cccc(OC)c2)cc1,2.702300000000001,7.604689973726825
[Li]<-n1ccc(C=Nc2ccc(C#N)cc2)cc1,2.7038800000000007,7.604689973726825
[Li]<-n1cc(-c2ccccc2)cc(C(C)(C)C)c1,4.046100000000003,7.604689973726825
[Li]<-N(c1cccc(I)c1C)=c1[nH]c(N)c(N)[nH]1,1.65262,10.353541657715846
[Li]<-n1cc(C(=O)OC)cc2ccc(OC)cc21,2.03,9.318680093672345
[Be]=C1CNC23C=CC(CC12c1ccccc1)O3,1.66389,9.103904064712127
[Li]<-N1C(N)C=NC12C=CC(c1ccccc1)C2,1.3852,7.265125695775816
[Li]<-n1cccc2cc(N3CCOCC3)ccc21,2.0714,9.318680093672345
[Li]<-n1c(-c2cccc(F)n2)[nH]c2ccccc21,2.764,10.693105935666855
[Li]<-n1ccc(C2NCCc3ccccc32)cc1,2.3167,7.604689973726825
[Li]<-n1cccc(C=[N+]([O-])c2ccccc2C)c1,2.650920000000001,7.604689973726825
[Be]=C1N(C)C=C(C)N1c1ccc(C(C)C)cc1,3.4193900000000026,6.675984919843224
[Be]=C1N(C)C2=C(NCC=C2)N1c1ccccc1,1.7631899999999998,6.675984919843224
[Be]=C1N(CCOC)CCN1Cc1ccccn1,0.84189,6.675984919843224
[Li]<-n1cc(C)[nH]c1-c1ccc(C(F)(F)F)cc1,3.403920000000001,7.140337446785025
[Li]<-N1CCN(c2cc3ccccc3cn2)CC1,1.6444,4.301497982826578
[Li]<-p1c(F)cc(C(C)=O)cc1-c1ccccc1,4.275400000000003,3.6775567378726213
[Be]=C1NN(C(=O)Cl)C(c2cccc(Cl)c2)=C1N,2.18509,6.800773168834016
[Be]=C1Nc2ccc(C(C)C)cc2N1CCOC,2.684590000000001,8.639551537770327
[Be]=C(Nc1c(C)cccc1C)c1ccccc1,3.802430000000002,8.979115815721336
[Li]<-n1cccc(-c2ccccc2C(F)(F)F)c1,3.767400000000002,7.604689973726825
[Li]<-n1ccn(Cc2ccc(OC)c(OC)c2)c1,1.9486,7.265125695775816
[Li]<-n1ccn(Cc2ccc3ccccc3n2)c1,2.4796000000000005,7.265125695775816
[Li]<-n1cccc(C2CNCc3ccccc32)c1,2.3167,7.604689973726825
[Li]<-n1cccc(C(=O)Oc2cccc(C)c2)c1,2.6092200000000005,7.604689973726825
[Be]=C1N(C(C)C)C=NN1C(C)c1ccccc1,2.713190000000001,6.336420641892215
[Li]<-n1cn(Cc2ccncc2)c2ccccc21,2.4796000000000005,8.979115815721336
[Li]<-P1(OC)C2OC3(C)OC(C)(OC1C3C)C2C,2.4771,5.00660541557868
[Li]<-n1[nH]c(C)cc1-c1ccc2ccccc2n1,2.933320000000001,7.140337446785025
[Li]<-Nc1ccc(C=C(OC)c2ccco2)cc1,3.0063000000000013,2.0883548669178933
[Li]<-P(OC)(c1ccccc1)C(F)(F)C(F)(F)F,3.510300000000001,4.881817166587889
[Li]<-P1(c2ccccc2)CCC(=O)C(C)(C)C1=O,2.319400000000001,5.765911604790515
[Li]<-[As](C)(c1ccccc1)c1ccc(OC)cc1,1.934,5.890699853781306
[Li]<-n1cccc(C=Nc2cccc(C#N)c2)c1,2.7038800000000007,7.604689973726825
[Li]<-S=c1[nH]cc(N)n1Cc1cccc(OC)c1,2.1847900000000005,1.8387783689363106
[Li]<-n1c(-c2ccc(F)cc2)ccn1C(F)(F)F,3.1655000000000006,7.0155491977942335
[Li]<-O=c1c(-c2ccccc2)c1-c1ccccc1,3.256400000000002,1.8387783689363106
[Be]=C1NC(C=C(C)OCC)=CN1CC(C)(C)C,2.7156900000000004,6.800773168834016
[Li]<-N=c1n(C)ccn1Cc1ccc(OC)cc1,1.36297,4.961994799897705
[Li]<-NCCP(c1ccccc1)c1ccccc1,2.0780000000000003,2.3379313648994757
[Be]=C(Nc1ccccc1C=C)c1ccccc1,3.828590000000002,9.103904064712127
[Li]<-p1c(N)c(C(=O)C(C)(C)C)n2ccccc21,3.330400000000001,3.6775567378726213
[Li]<-n1c2c(c(-c3ccccc3)n1C)CCCC2,2.9659000000000013,8.854327566730545
[Li]<-n1cc(C(=O)C=C)n(Cc2ccccc2)c1,2.3001000000000005,7.265125695775816
[Be]=C1OC(c2ccnc3ccccc23)NC1N,1.17679,8.005033597549284
[Li]<-n1ccn(-c2c(C)cnc3ccccc23)c1,2.7289200000000005,7.265125695775816
[Be]=C1NC(N)=CN1CC(=O)c1cccc(C)c1,0.83681,6.800773168834016
[Li]<-n1cn(CC=C)c2c(=O)n(C)c(=O)n(C)c21,-0.3803000000000003,8.639551537770327
[Li]<-n1cn(C(C)C)c2nc(C(C)(C)C)ncc21,2.7047000000000008,7.140337446785025
[Li]<-S=c1cc(C)[nH]c(=O)n1Cc1ccccc1,2.26261,1.8387783689363106
[Li]<-n1ccccc1C1CCc2ccccc2N1,3.181000000000001,9.318680093672345
[Li]<-n1c2c(nc3ncccc31)C1CC(C)C2C1,2.6355000000000004,9.193891844681554
[Li]<-N=C(C)ON(C)C(=O)c1ccc(OC)cc1,1.69597,5.006605415578681
[Li]<-n1ccc(Cc2c[nH]c(C(F)(F)F)n2)cc1,2.4143,7.604689973726825
[Li]<-n1ccc(-c2ccc(OC)cc2)cc1CO,2.2495000000000003,9.318680093672345
[Li]<-p1(-c2ccccc2)cc(C)c(C(C)=CC)c1,5.394020000000005,5.516335106808932
[Be]=C1C=C(OC)C2=C(O1)c1ccccc1CC2,2.9431900000000013,6.845383784514992
[Be]=C1N(Cc2ccccc2)C=CN1C(C)C=C,2.846190000000001,6.675984919843224
[Li]<-P(=Cc1ccc(OC)cc1)c1ccccc1,3.1172000000000013,3.8023449868634125
[Li]<-p1c(-c2cccc(Cl)c2)oc2ccccc21,5.333300000000003,4.881817166587889
[Li]<-n1c2n(c3ccccc31)CCC(C(F)F)N2,2.4856,7.0155491977942335
[Li]<-n1nc(-c2cccc3ccccc23)n(C)n1,2.0302999999999995,6.336420641892215
[Li]<-O=C1C=CC=C(c2ccccc2)C1N(C)C,2.1391,5.641123355799723
[Li]<-n1cccc(N=c2[nH]c(N)c(N)c(=O)[nH]2)c1,-0.5052000000000003,7.604689973726825
[Li]<-P1(Nc2ccc(F)cc2)OCC(C)(C)CO1,3.5375000000000014,4.032523197406629
[Li]<-S1Cc2ccccc2C1C(F)(F)C(F)(F)F,4.172100000000002,4.051921484844995
[Li]<-P(C=CF)(c1ccccc1)c1ccccc1,3.5600000000000014,5.516335106808932
[Li]<-N1=NC(C)(C)C(c2ccccc2)C1(C)OC,3.377200000000002,10.183376244436603
[Li]<-n1c(-c2ccccc2)c2ccccc2n1C,3.2403000000000013,8.854327566730545
[Li]<-P(N)(C(F)=C(F)C(F)(F)F)c1ccccc1,3.3379000000000003,5.4263473268395055
[Li]<-N1=CC(C(C)(C)C)C(C)(c2ccccc2)C1,3.6910000000000025,7.854266471708408
[Li]<-n1cc(Cc2ccccc2)cc(N(C)C)n1,2.1334,7.140337446785025
[Li]<-P1(O)C2CC3C(C)=C(C(=O)OC)C2(C)C31C,2.0458,6.845383784514991
[Li]<-n1cccc(C(=O)Oc2ccccc2F)c1,2.4399000000000006,7.604689973726825
[Li]<-n1c(C)cn(-c2ccccc2C(C)=O)c1C,2.691740000000001,8.854327566730545
[Li]<-n1c(C)ccc2cc3nc(C)ccc3cc21,3.399840000000002,11.032670213617864
[Be]=C1N(CC)C=CN1c1ccc(C(N)=O)cc1,1.39489,6.675984919843224
[Li]<-n1cn(C(C)(C)C)c2cc(C(C)=O)ccc21,2.993900000000002,7.140337446785025
[Li]<-N=c1[nH]cc(N)n1-c1cc(C)c(C)c(C)c1,1.7923300000000002,4.961994799897705
[Li]<-n1cn(Cc2ccccc2)c2ccccc21,3.084600000000001,7.140337446785025
[Li]<-p1(C)c2ccccc2c2cc(OC)ccc21,4.5252000000000026,5.890699853781306
[Li]<-n1ccc(-c2nnc(-n3cccc3)s2)cc1,2.3908000000000005,7.604689973726825
[Li]<-n1ccccc1C(F)=C(C)c1ccccc1,3.939300000000002,9.318680093672345
[Be]=C1NC(N)=CN1C(C)c1ccc(C=C)cc1,2.04969,6.800773168834016
[Li]<-n1ccc2c(c1)C(=O)C=C2c1ccccc1,2.7096,7.604689973726825
[Li]<-n1c2ccccc2c(-c2ccccc2)n1C,3.2403000000000013,8.854327566730545
[Li]<-n1ccn(-c2cc(C)c3ccccc3n2)c1,2.7289200000000005,7.265125695775816
[Li]<-P(C)(c1ccc(-c2ccccc2)s1)N(C)C,3.628700000000003,5.551135575830297
[Li]<-n1ccc(C(C)=Nc2ccc(I)cc2)cc1,3.826900000000003,7.604689973726825
[Li]<-N1=CN(CC2CCC3CC2C3(C)C)CCC1,2.792700000000001,7.389913944766607
[Li]<-n1ccc(C(=O)Oc2ccc(C)cc2)cc1,2.6092200000000005,7.604689973726825
[Li]<-N1=CSCC1Nc1cccc2ccccc12,3.3529000000000018,12.114173956591662
[Be]=C1NC2=C(C=CNC2)N1c1ccccc1C,1.72941,6.800773168834016
[Li]<-n1cn(Cc2ccccc2)cc1C(F)(F)F,2.9502000000000006,7.140337446785025
[Li]<-S1CC(c2ccccc2)c2cc(Cl)ccc21,4.577600000000003,3.9271332358542037
[Li]<-n1c(C)cc(N)n(Cc2ccccc2)c1=O,1.1822199999999998,10.058587995445812
[Li]<-P(OC)(c1ccccc1)c1ccccc1F,2.8198000000000008,4.881817166587889
[Li]<-n1ccc(C(n2cccn2)n2cccn2)[nH]1,0.8978999999999999,7.265125695775816
[Be]=C1N(CCC#N)C=CN1Cc1ccccc1,2.18537,6.675984919843224
[Li]<-n1ccc(N=Cc2ccc(C)cc2)c(C)c1,3.449040000000002,7.604689973726825
[Li]<-N1CC(N)(C2CCCCC2)c2ccccc21,2.846400000000001,5.890699853781306
[Be]=C1N(CC)c2cc(C)c(C)cc2N1C(C)C,3.3544300000000025,8.514763288779536
[Li]<-O=c1c(-c2ccccc2)c(C(N)=O)[nH]n1C,0.4792999999999999,5.176770828857923
[Li]<-NCc1ccc(N=Cc2ccccc2)nc1,2.2909000000000006,2.3379313648994757
[Li]<-S=c1occ(-c2ccccc2)cc1C(C)C,4.799490000000003,1.8387783689363106
[Be]=C1NC(N)N(C)c2ccc(OC(=C)C)cc21,1.26759,8.979115815721336
[Li]<-n1ccc(OC)c(C=Nc2ccccc2)c1,2.8408000000000007,7.604689973726825
[Li]<-n1ccc(-c2ccc(C(C)=O)cc2)c(C)c1,3.2596200000000017,7.604689973726825
[Li]<-n1c(-c2ccco2)[nH]c2c(C)cc(C)cc21,3.4397400000000014,7.0155491977942335
[Li]<-N#Cc1ccccc1C=Cc1ccccc1,3.7286800000000015,3.6775567378726213
[Li]<-n1ccc(Cl)c(C23CC(CCC2(C)C)C3)c1,4.202800000000004,7.604689973726825
[Be]=C1N(C)C=CN1Cc1cc(C)cc(C#N)c1,2.0815900000000003,6.675984919843224
[Li]<-n1ccc(C(C)(O)c2ccc(C)cc2)cc1,2.6458200000000005,7.604689973726825
[Li]<-n1ccc(C=[N+]([O-])c2cccc(C)c2)cc1,2.650920000000001,7.604689973726825
[Be]=C1N(CC)C=CN1Cc1cc(F)cc(F)c1,2.569790000000001,6.675984919843224
[Li]<-Nc1ccc(CCNc2ccccc2)cn1,2.3184000000000005,2.0883548669178933
[Li]<-N#Cc1ccc(Br)c(N(C(C)C)C(C)C)c1,3.9439800000000034,3.6775567378726213
[Li]<-n1ccc(C(=O)Nc2ccc(C)cc2)cc1,2.6423200000000007,7.604689973726825
[Li]<-n1ccc(C(C)(C)C)c(-c2nnc(C)o2)c1,2.737520000000001,7.604689973726825
[Be]=C1N(Cc2ccccc2)C=CN1C(=O)OC,2.03809,6.675984919843224
[Li]<-n1cc2[nH]ccc2c(-c2ccsc2C)c1C,3.908240000000002,9.318680093672345
[Li]<-N1CCN(c2ccnc3ccccc23)CC1,1.6444,4.301497982826578
[Li]<-S=c1n(CCC)c2ccccc2n1CCCl,3.8210900000000025,1.8387783689363106
[Li]<-n1c(-c2cc(Br)ccn2)oc2ccccc21,3.652300000000002,6.7205955355241995
[Li]<-n1cc(C)cc(N=C(C)c2ccncc2)c1,2.925720000000001,7.604689973726825
[Li]<-P12CC[Si](c3cc(C)cc(C)c3)(CC1)CC2,3.468340000000002,6.26506460075368
[Li]<-n1cn(-c2ccc(F)cc2)c2c1NCC=C2,2.4501,7.140337446785025
[Li]<-P1CC=C(C)c2cc(C(=O)OC)ccc2C1,3.0686000000000018,4.301497982826578
[Li]<-n1cc(C=Cc2ccc(F)cc2)ccc1O,3.096700000000002,8.684162153451302
[Be]=C1N(CC=C)C=CN1c1ccc(C#N)cc1,2.3337700000000003,6.675984919843224
[Li]<-n1ccc(C=C2Nc3ccccc3N2)cc1,2.9176,7.604689973726825
[Li]<-P1(Sc2ccc(F)cc2)OCC(C)(C)CO1,4.217700000000003,9.096347487182694
[Be]=C1N(CC)C=CN1Cc1cccc(C=C)c1,2.934590000000001,6.675984919843224
[Li]<-P(O)(c1ccccc1)c1ccccc1C#N,1.89828,5.00660541557868
[Li]<-n1cccc2cc(-c3ccccc3)ccc21,3.9018000000000015,9.318680093672345
[Li]<-n1cccc(-c2cccc3ccccc23)c1,3.9018000000000015,7.604689973726825
[Be]=C1NC2=C(C=C(C(O)(O)C=C)CN2)N1CC,-0.5266100000000005,6.800773168834016
[Li]<-O=C1CN(c2ccccc2)c2ccccc21,3.0210000000000017,5.516335106808932
[Li]<-P1(C)CC(c2ccccc2)c2ccccc21,3.5691000000000024,6.015488102772097
[Li]<-N1=CC(C)=CC(c2ccc(N(C)C)cc2)C1,2.866900000000001,7.729478222717616
[Be]=C(Nc1cc(C)cc(C)c1)c1ccccc1,3.802430000000002,9.103904064712127
[Li]<-NCC(C)(c1ccccc1)c1ccccc1,2.9513000000000016,2.462719613890267
[Li]<-n1cnn(-c2ccc(SC(C)(C)C)nn2)c1,1.947899999999999,6.925561417824807
[Li]<-n1ccccc1N=Cc1c(C)cccc1C,3.449040000000002,8.979115815721336
[Be]=C(Nc1ccc(C)c(C)c1)c1ccccc1,3.802430000000002,8.979115815721336
[Li]<-n1cccc(C(C)=NCn2cc(C)cn2)c1,2.05322,7.604689973726825
[Li]<-n1ccc(-c2cn3ccccc3c2C)cc1,3.3097200000000013,7.604689973726825
[Li]<-n1cc(C(F)(F)F)n(Cc2ccccc2)c1,2.9502000000000006,7.265125695775816
[Li]<-P1(C(F)(F)F)C2C=CC(C2)C1(F)C(F)(F)F,4.174500000000001,5.516335106808932
[Li]<-n1cn(-c2ccnc(C)c2)c2ccccc21,2.7289200000000005,7.140337446785025
[Li]<-n1ccc(CNc2ccc(OC)cc2)cc1,2.702300000000001,7.604689973726825
[Li]<-P1(c2ccccc2)Cc2ccccc2C1C,4.068600000000003,5.516335106808932
[Li]<-n1ccn(S(=O)(=O)c2ccccc2C)c1N,1.0107199999999998,8.639551537770327
[Li]<-P1(c2ccccc2)CC2=C(CCC=CC2)C1,3.8441000000000014,5.765911604790515
[Li]<-n1ccn(Cc2ccccc2C(F)(F)F)c1,2.9502000000000006,7.265125695775816
[Li]<-n1cc(C)cc(N=C(C)c2ccccc2)c1,3.5307200000000023,7.604689973726825
[Li]<-n1csc(-c2cc3ccccc3cc2N)n1,2.940500000000001,10.15060733866456
[Li]<-n1ccn(-c2cccc3ccccc23)c1C,3.3339200000000018,7.140337446785025
[Be]=C1N(CC#N)C=CN1c1ccc(C#N)cc1,1.67135,6.675984919843224
[Li]<-n1cccc(N2Cc3ccccc3C2=O)c1,2.242,7.604689973726825
[Be]=C1NC(c2ccncc2)=C(N)N1CC(C)C,1.22389,6.800773168834016
[Be]=C1NC2(CNCC2C(C)C)N(C(C)(C)C)O1,1.1896899999999997,6.1662552286129735
[Li]<-p1(-c2ccccc2)c(C)cc(C(=O)O)c1C,3.9774400000000014,9.193891844681554
[Li]<-N1Cc2ccccc2C(c2ccccc2)C1,2.9217000000000013,4.301497982826578
[Li]<-O=C(C)Nc1ccc(C=NC(C)(C)C)cc1,2.862400000000001,5.4263473268395055
[Li]<-N1=CN(Cc2cccnc2)C2C=CC=CC21,1.7887,9.103904064712127
[Li]<-P1(O)CC(c2ccccc2)c2ccccc21,2.8466000000000014,5.256181913560263
[Li]<-N1=CSC(N2COCC2c2ccccc2)C1,2.1186,10.739748114597152
[Li]<-n1cccc(C=Nc2cccc(OC)c2)c1,2.8408000000000007,7.604689973726825
[Li]<-P(C)Nc1cc(C(=O)OC)cc(C(C)C)c1,3.2318000000000016,3.9619337048755683
[Li]<-n1cccc(-c2cccc(C(F)(F)F)c2)c1,3.767400000000002,7.604689973726825
[Li]<-Nc1ccc(Cc2ccccc2)c(CC)c1,3.422000000000001,2.0883548669178933
[Li]<-N(C)c1c2ccccc2cc2ccccc12,4.034700000000002,4.176709733835787
[Li]<-n1cc(C)cc2c(-c3cc[nH]c3)cccc21,3.538320000000001,9.318680093672345
[Li]<-P1(c2ccccc2)CCc2ccccc2C1,3.5501000000000023,5.765911604790515
[Li]<-n1cccc(N2CC(=O)c3ccccc32)c1,2.4160000000000004,7.604689973726825
[Li]<-n1cccc(C(=O)Oc2cccc(F)c2)c1,2.4399,7.604689973726825
[Be]=C1N(C)C2C=CC=CC2(CC(=O)OC)N1O,0.4157900000000001,7.880245348558493
[Li]<-N(=Cc1ccccc1)NCc1ccccc1,2.8103000000000016,5.4263473268395055
[Li]<-n1c(N)cc(C#Cc2ccccc2)[nH]c1=O,0.7519,9.719023717494803
[Be]=C1c2ccccc2N(C(C)(C)C)C(=O)N1C,2.743790000000001,10.693105935666855
[Be]=C1N(CCCO)C=CN1c1ccc(C)cc1,1.96691,6.675984919843224
[Li]<-N(=Cc1ccccc1O)c1ccc(N)cc1,2.7250000000000014,9.318680093672345
[Li]<-n1c(C(F)(F)C(F)(F)F)[nH]c2ccccc21,3.2170000000000014,7.0155491977942335
[Li]<-N1=C(C)C(Nc2ccccc2[N+](=O)[O-])CC1,2.2399,9.443468342663136
[Li]<-n1cn(Cc2cccnc2)c2ccccc21,2.4796000000000005,8.979115815721336
[Li]<-n1ccn(CCc2ccccc2C=O)c1C,2.24672,8.979115815721336
[Li]<-n1ccn(C(C)S(=O)(=O)c2ccccc2)c1,1.8755,7.265125695775816
[Be]=C1NC(N)=CN1c1ccc(C(=O)OC)cc1,0.63669,6.800773168834016
[Li]<-N#CC1=CN(C(C)C)CCc2ccccc21,2.8175800000000013,1.963566617927102
[Li]<-n1cccc(Cc2ccccc2N(C)C)c1,2.7384000000000013,7.604689973726825
[Li]<-P(Cl)(C(=O)Cl)c1cn(-c2ccccc2)cn1,3.492100000000001,8.122734413513578
[Be]=C1CN(c2cc(N)ccc2Cl)CN1C(C)N,1.34519,6.925561417824807
[Be]=C(c1cccc(C)c1)c1cccc(OC)c1,3.4813100000000023,11.032670213617864
[Li]<-n1ccc(CN(C)Cc2ccc(C)s2)cc1,3.083520000000002,7.604689973726825
[Li]<-NCc1ccc(C(=O)OC)c2c1CCCC2,1.8107,2.462719613890267
[Li]<-n1cc(C)cc(C(N)(N)c2cccnc2)c1,0.9035199999999994,7.604689973726825
[Li]<-O=C(c1cccc(OC)c1)c1c[nH]cc1Cl,2.907700000000001,5.516335106808932
[Li]<-n1ccc(-c2ccccc2)c2ccccc21,3.9018000000000015,9.318680093672345
[Li]<-n1nc(-c2ccc(C(=O)OC)cc2)n(C)n1,0.6636999999999998,6.336420641892215
[Li]<-n1ccn(-c2ccc(C)c(C)c2C(N)=O)c1,1.58804,7.265125695775816
[Li]<-N1=CN(c2ccc(C=C(C)C)cc2)CCC1,3.348200000000002,7.514702193757399
[Li]<-P(=C(OC)c1ccccc1)c1ccccc1,3.082700000000001,3.6775567378726213
[Li]<-N=C(CC)ON(C)C(C)(C)c1ccccc1,3.1723700000000017,5.256181913560264
[Li]<-p1(O)cc(C)c(C)c1-c1ccc(OC)cc1,3.721040000000002,6.845383784514991
[Li]<-N(CC)Cc1ccccc1-c1ccccc1,3.4631000000000025,4.42628623181737
[Li]<-n1cn(C(C)C(=O)c2ccccc2)cc1C,2.6354200000000008,7.140337446785025
[Li]<-n1cccc(C(C)=Nc2cccc(Br)c2)c1,3.9848000000000026,7.604689973726825
[Li]<-O=C1CC=CC(c2ccccc2)=C1N(C)C,2.4883000000000006,5.765911604790515
[Li]<-N1=C(c2cccc3ccccc23)ON(C)C1,2.4209000000000005,8.469386124491084
[Li]<-P(O)(c1ccccc1)c1ccc(OC)cc1,2.0352,5.00660541557868
[Li]<-n1ccn(Cc2cccc(C(F)(F)F)c2)c1,2.9502000000000006,7.265125695775816
[Li]<-P1(c2ccccc2)C(C)C1c1ccccc1,3.9372000000000025,5.516335106808932
[Li]<-P(c1c(F)c(F)c(F)c(F)c1F)C(F)(F)F,3.2057,3.8023449868634125
[Li]<-n1ccc(CNC(=S)c2ccccc2)cc1,2.546900000000001,7.604689973726825
[Li]<-n1cccc(C=NNCc2ccccc2)c1,2.2053000000000003,7.604689973726825
[Li]<-n1c(C)ccn1Cc1ccc(C(C)=O)cc1,2.4424200000000003,7.0155491977942335
[Li]<-n1ccc(C=Nc2ccccc2)c(OC)c1,2.8408000000000007,7.604689973726825
[Be]=C1N(Cc2ccccc2)C=CN1C(=S)SC,2.919590000000001,6.675984919843224
[Be]=C1N(Cc2ccccc2)N=CN1C(C)(C)C,2.5422900000000004,6.336420641892215
[Be]=C1N(C)N=C(c2ccc([N+](=O)[O-])cc2)N1C,1.1298899999999998,6.336420641892215
[Li]<-N1=CSC(C=C(c2ccccc2)N(C)C)C1,2.732800000000001,10.739748114597152
[Li]<-n1ccc(C(=O)Nc2cccc(C)c2)cc1,2.6423200000000007,7.604689973726825
[Li]<-P1(C)C(c2ccccc2)C1c1ccccc1,4.594300000000003,5.890699853781306
[Li]<-n1cccc(C=Nc2ccccc2OC)c1,2.8408000000000007,7.604689973726825
[Li]<-n1ccc(C(=O)Nc2ccc(Br)cc2)cc1,3.096400000000001,7.604689973726825
[Be]=C1N(CC)C=CN1c1ccc(C(C)C)cc1,3.4193900000000026,6.675984919843224
[Li]<-p1ccc([Si](C)(C)C)cc1-c1ccccc1,4.478900000000003,3.8023449868634125
[Be]=C1Nc2c(cccc2C(C)(C)C)N1C(O)O,1.4804899999999996,6.800773168834016
[Li]<-N1=C(CC)C(N)=CN(Cc2ccccc2)C1,2.1108,9.103904064712127
[Li]<-n1ccc(C(=O)C=CN2CCCCC2)cc1,2.2639000000000005,7.604689973726825
[Li]<-n1ccn(-c2cccc(-c3cn[nH]c3)c2)c1,2.2624000000000004,7.265125695775816
[Li]<-n1cccc(Cc2cccc(N(C)C)c2)c1,2.7384000000000013,7.604689973726825
[Li]<-n1cccc(C(=O)Oc2cccc(Br)c2)c1,3.0633000000000017,7.604689973726825
[Li]<-n1cc(C)cc(C(C)=Nc2ccccc2)c1,3.5307200000000023,7.604689973726825
[Li]<-n1ccc(C(C)C)c(Cc2ccccc2)c1,3.7958000000000025,7.604689973726825
[Be]=C1OC2CCCCC2N1Cc1ccccc1,2.826290000000001,6.3810312575731905
[Li]<-n1ccc(C)c2ccc(C3CN=CN3)cc21,2.21582,9.318680093672345
[Li]<-n1cc(C)cc(N=Nc2cccc(O)c2)c1,3.511020000000001,7.604689973726825
[Li]<-n1cccn1C(c1cn[nH]c1)n1cccn1,0.8979000000000001,7.140337446785025
[Li]<-P1(c2ccccc2)CC2=C(CCCC=C2)C1,3.8441000000000014,5.765911604790515
[Be]=C1C(N)N(Cc2ccccc2)c2nccn21,1.0749899999999994,8.424775508810109
[Li]<-p1c(-c2ccccc2C)oc2ccccc21,4.9883200000000025,6.7205955355241995
[Li]<-n1ccc(CO)c(-c2cccc(OC)c2)c1,2.2495000000000003,7.604689973726825
[Li]<-N(=CNC1CCCCC1)c1ccccc1C,3.5771200000000025,8.979115815721336
[Li]<-n1ccc(C2Cc3ccccc3CN2)cc1,2.4686000000000003,7.604689973726825
[Li]<-N(C)=C1C2CCC1(c1ccccc1)CC2=O,2.378000000000001,5.890699853781306
[Be]=C1NC(N)=C(c2cscc2[Si](C)(C)C)N1C,1.40939,6.800773168834016
[Li]<-N#CC1Cc2ccccc2-c2ccccc21,3.5168800000000022,1.8387783689363106
[Li]<-n1ccc(-c2ccc(NC(C)=O)cc2)cc1,2.7070000000000007,7.604689973726825
[Be]=C1NC(C(O)O)=C(C2=CC3CCC2C3)N1C,0.3962899999999996,6.800773168834016
[Li]<-n1cccc(C=CC(=O)c2ccccc2)c1,2.9777000000000013,7.604689973726825
[Li]<-n1cn(CC(=C)C(F)(F)F)c2ccccc21,3.1548000000000016,7.140337446785025
[Be]=C(Nc1c(C)cccc1C)c1cccnc1,3.1974300000000007,7.265125695775816
[Li]<-n1ccc(-c2ccc(OC)cc2OC)cc1,2.7658000000000014,7.604689973726825
[Li]<-n1cc(C)n(Cc2cc(C)c(C)c(C)c2)c1,3.165080000000001,7.265125695775816
[Li]<-n1c(C)n(-c2ccccc2)c2ccccc21,3.3339200000000018,7.0155491977942335
[Li]<-n1cccc2ccc(N3CCOCC3)cc21,2.0714,9.318680093672345
[Be]=C1N(CSC)C=CN1c1ncc(C)cc1C,2.608430000000001,8.514763288779536
[Li]<-N1=CN(Cc2ccccc2)C2C=CC=CC21,2.393700000000001,9.103904064712127
[Li]<-n1ccccc1-c1nc2ccccc2n1C,2.635300000000001,7.479901724736034
[Li]<-Nc1c(CC(=O)O)cccc1C(=O)O,0.5941,2.0883548669178933
[Li]<-n1cccc(-c2cnccc2C(C)=O)c1,2.3462,7.604689973726825
[Be]=C1N(CC=C)C=CN1c1ccncc1,1.85709,6.675984919843224
[Li]<-n1c(-c2ccccc2)c(C)cn1OC,1.91692,8.219809626509502
[Li]<-n1cc(-c2ccc(Cl)s2)n2ccccc21,3.7162000000000015,8.979115815721336
[Be]=C1N(CCC)N=CN1c1ccccc1,2.1581900000000003,6.336420641892215
[Li]<-N(Cc1csc(C)c1)=C(Cl)c1ccoc1,3.8351200000000016,7.604689973726825
[Li]<-N1=CC(C)(C)C(C(=O)c2ccccc2)C1,2.5961000000000007,7.729478222717616
[Li]<-n1ccn(-c2ccccc2[N+](=O)[O-])c1,1.7805,7.265125695775816
[Li]<-n1ccc(CNC(=O)OC(C)(C)C)cc1,2.1063,7.604689973726825
[Be]=C1N(C)C=CN1Cc1ccc(Br)cc1,2.663990000000001,6.675984919843224
[Li]<-n1ccc(N=Nc2ccccn2)cc1,2.8920000000000003,7.604689973726825
[Li]<-n1c[nH]c2c(SC(C)(C)C)cccc21,3.453500000000002,8.979115815721336
[Li]<-N(=Cc1ccco1)c1ccccc1C,3.3386200000000024,9.443468342663136
[Li]<-N=c1[nH]cc(N)n1C(C)c1cccs1,1.5486699999999998,4.961994799897705
[Li]<-n1ccc(C=Nc2ccc(F)cc2)cc1,2.971300000000001,7.604689973726825
[Li]<-n1cccc(-c2cccc(C#N)c2)c1,2.62028,7.604689973726825
[Li]<-S=C(NC(=O)OCC)N1CCCCC1,1.5033,1.963566617927102
[Be]=C1N(CC)C=CN1C(C)n1ccnc1,1.50659,6.675984919843224
[Li]<-n1cccc(C(C)Nc2ccccc2)c1,3.254700000000001,7.604689973726825
[Be]=C1NC(=O)C=CN1c1cccc(C)c1,1.44121,8.639551537770327
[Be]=C1Nc2ccc(C(C)(C)C)cc2N1C,2.8420900000000016,6.800773168834016
[Li]<-S=C1CN(c2ccc(C)c(C)c2)CN1,1.99794,1.8387783689363106
[Be]=C(NC1CCCCC1)c1ccccc1,2.9957900000000013,8.979115815721336
[Be]=C1CC(C)(c2ccsc2)OC1C(O)O,1.1441899999999998,7.094960282496574
[Li]<-n1ccn(CS(=O)(=O)c2ccccc2)c1,1.3145000000000002,7.265125695775816
[Li]<-n1cn(C2CCCCC2)c2ccccc21,3.541500000000002,7.140337446785025
[Li]<-n1cc(C(C)(C)C)cc(C(C)(C)O)c1,2.6065000000000005,7.604689973726825
[Li]<-n1c[nH]c2c(N3CCOCC3)ncnc21,0.1895,8.639551537770327
[Li]<-n1ccn(-c2cccc(C)c2C(C)=O)c1,2.3833200000000003,7.265125695775816
[Li]<-n1ccc(-c2ccc(OC)c(C)c2)cc1,3.065620000000002,7.604689973726825
[Li]<-N(Cc1cccs1)c1ccc(C)cc1,3.6686200000000015,4.051921484844995
[Be]=C1COC(N)(c2cccc(OC)c2)N1,0.4227899999999999,6.755396004545564
[Li]<-n1cccc(C=[N+]([O-])c2ccccc2)c1,2.3425,7.604689973726825
[Li]<-n1ccc(C(C)(OCC)OCC)cc1,2.3273,7.604689973726825
[Li]<-n1cn(C(C)c2ccccc2)cc1Cl,3.1458000000000013,7.140337446785025
[Be]=C1N(C)C(=O)N(C)N1c1ccccc1,1.40149,8.175199010828527
[Li]<-n1c(-c2ccc[nH]2)ccc2cc[nH]c21,2.558,10.693105935666855
[Li]<-n1c2n(c3cncnc31)C(C)(C)C=CC2,1.6737,8.514763288779536
[Li]<-O=C(C)Nc1ccc(C)c(C(C)C)c1,3.076820000000001,5.301559077848714
[Li]<-P(Cl)(CC(F)=C(C)C)c1ccccc1,4.211000000000003,8.37231091149516
[Li]<-n1cccc(-c2cncnc2C(C)=O)c1,1.7412,7.604689973726825
[Li]<-S=C1CNCN(c2cccc(O)c2)C1,1.1291999999999998,1.8387783689363106
[Li]<-n1ccc(C(=O)Nc2ccccc2)cc1,2.3339,7.604689973726825
[Be]=C1NCN(c2ccc(C)c(C)c2C)C1N,1.30255,8.5495637578009
[Li]<-N=C1C(=O)C2(C)C(C)(C)CC1C2(C)C,2.6674700000000007,5.641123355799723
[Li]<-S=C(NC(=O)c1ccco1)N(CC)CC,1.6361,3.292615295633161
[Be]=C1N(C)C=CN1Cc1cccc(I)c1,2.5060900000000013,6.675984919843224
[Li]<-N=C(C)ON(C)C(=O)c1ccccc1,1.68737,5.006605415578681
[Li]<-n1nn(CC(=O)OCCCC)cc1C,0.92982,6.675984919843224
[Li]<-N#Cc1cc(C(=O)OC)cc(C(C)C)c1,2.468280000000001,1.8387783689363106
[Li]<-NCc1ccc(Sc2ccccc2)cc1,3.2965000000000018,2.462719613890267
[Li]<-n1cccc(N(C(C)(C)O)C(C)(O)O)c1,0.2747,7.604689973726825
[Li]<-n1cccc(CNc2ccccc2O)c1,2.3993,7.604689973726825
[Li]<-N(=C1C2C=CC1CC2)c1ccccc1,3.355100000000002,9.193891844681554
[Li]<-OCC(=COCC=C)c1ccccc1,2.2224000000000004,3.4174035446239523
[Li]<-n1cccc(-c2cccc(OC)c2)c1,2.757200000000001,7.604689973726825
[Li]<-n1cccc(-c2c(F)ccc(F)c2F)c1,3.165900000000001,7.604689973726825
[Li]<-n1c(-c2ccccc2)oc2ccccc21,3.494800000000001,6.7205955355241995
[Li]<-N(=CN1CCCCC1)c1ccccc1C,3.1407200000000017,9.103904064712127
[Li]<-n1cn(C(C)C)c2cc(F)c(F)c(F)c21,3.0345000000000013,7.140337446785025
[Li]<-n1cc(F)cc(C2N=COC2(C)C)c1,2.0989,7.604689973726825
[Li]<-n1nc(C)n(-c2ccccc2C)c1N,1.4663399999999998,8.175199010828527
[Li]<-[As](C)(c1ccccc1)c1ccccc1C,2.23382,5.890699853781306
[Li]<-n1cnn(C(C)=Cc2ccccc2)c1,2.2961,6.925561417824807
[Li]<-n1ccccc1C=Nc1ccccc1F,2.971300000000001,9.318680093672345
[Li]<-N(=CC(C)(O)OC)c1ccc(OC)cc1,1.7523999999999995,9.318680093672345
[Li]<-p1ccc(-c2ccccc2)c(C#N)c1,3.805380000000002,3.9271332358542037
[Li]<-P(O)(c1ccccc1)C1CCCCCC1,3.4239000000000024,5.1313936645694715
[Li]<-n1c(C)ccn1CCc1ccccc1,2.4342200000000007,8.854327566730545
[Li]<-n1cccc(C2COC(C(C)C)=N2)c1,2.2074,7.604689973726825
[Li]<-N#Cc1csc2cc3sccc3cc12,3.987680000000001,1.8387783689363106
[Li]<-N#CSc1ccccc1-c1ccccc1,3.9267800000000026,1.8387783689363106
[Li]<-N(C)=CNc1ccc2ccccc2c1,2.909800000000001,5.675923824821088
[Li]<-n1ccc(SC(C)c2ccncc2)cc1,3.329900000000001,7.604689973726825
[Li]<-N1=COC(C)(Sc2ccccc2F)C1,2.692500000000001,7.094960282496573
[Be]=C1NCN(c2cc(C)c(C)c(C)c2)C1N,1.30255,8.5495637578009
[Li]<-P(O)(c1ccc(C)cc1)c1cccs1,2.3965200000000006,5.00660541557868
[Li]<-N(=C(N(C)C)N(C)C)c1ccccn1,1.1923,10.013977379764837
[Li]<-N#Cc1ccccc1-c1ccccc1,3.225280000000001,1.8387783689363106
[Li]<-n1c(C)ccn(C(C)C(=O)OC)c1=O,0.28572,10.058587995445812
[Li]<-n1c(C)cn(-c2ccc(C)cc2)c1C,2.7975600000000016,8.854327566730545
[Li]<-N1CCC(C(C)(C)C)c2ccccc21,3.6319000000000026,4.051921484844995
[Li]<-N(=Cc1ccoc1)c1ccc(F)cc1,3.1693000000000016,9.318680093672345
[Li]<-NCc1cc(OC)c(OC)c(OC)c1,1.1711,2.462719613890267
[Be]=C(Nc1cccnc1)c1ccccn1,1.97559,8.639551537770327
[Li]<-n1ccc(N=Nc2ccccc2)c(C)c1,3.8054200000000025,7.604689973726825
[Li]<-n1cccc(SCc2ccccc2)c1,3.3739000000000017,7.604689973726825
[Be]=C1N(C)OC(c2cccc(OC)c2)N1C,1.4988899999999998,6.041466979622181
[Li]<-O=c1[nH]n(-c2ccccc2)c(C)c1C,1.7824399999999998,5.176770828857923
[Li]<-PCc1ccc(-c2ccccc2)cc1,3.7287000000000026,2.3379313648994757
[Li]<-NCc1cccc(SCC(=O)NC)c1,0.9834,2.3379313648994757
[Li]<-N1=CN(C)CC1c1cccc(C(=O)O)c1,1.3996,9.103904064712127
[Li]<-N1Cc2ccc(-c3ccccc3)cc2C1,2.9568000000000003,7.9790547206991995
[Li]<-O=Cc1cccc(N2CCOCC2)c1,1.3357,3.8023449868634125
[Be]=C1N(c2ccccc2)CCN1C(C)C,2.21329,6.675984919843224
[Li]<-N1=C(N)C2(C=CC(=[N+]([O-])[O-])C=C2)[S+]=C1,-0.4865999999999999,7.140337446785025
[Be]=C1N(CC)C=CN1c1ccc(C)cc1,2.604410000000001,8.514763288779536
[Li]<-n1ccn(CC)c1-c1ccccc1OC,2.5786000000000007,7.140337446785025
[Li]<-n1cc(-c2ccccc2)c2ccccn21,3.0013000000000005,8.979115815721336
[Be]=C(Nc1ccc(I)cc1)c1ccccc1,3.7901900000000017,9.103904064712127
[Li]<-N1CCC(C(=O)C=C)c2ccccc21,2.3409000000000004,4.051921484844995
[Li]<-P1(CC(=O)OC)Oc2ccccc2O1,1.9427,4.372087475357638
[Li]<-OCC(C)Nc1cccc(OCC)c1,1.878,2.2131431159086845
[Li]<-N1=C(c2ccc(C)[nH]2)Cc2ccccc21,3.000020000000001,7.3551134757452425
[Be]=C1OCC(C)(C2CNCCN2C)C1C,0.6013899999999999,8.808950402442093
[Li]<-N(=Cc1sccc1C)c1ccccc1,3.807120000000002,9.318680093672345
[Be]=C1NC2=C(C=CCN2)N1N1CCC(C)C1,0.4731899999999999,8.299987259819318
[Li]<-S=c1ccn(Cc2ccncc2)cc1C,2.969310000000001,1.963566617927102
[Li]<-N1=C(C)CCC1Nc1ccc(Cl)cc1,3.3327000000000018,10.817894184657646
[Li]<-P1(C)CC2(OCCO2)c2ccccc21,1.6367999999999998,5.890699853781306
[Li]<-p1c(C)ccc(C)c1-c1ccccn1,3.945540000000002,3.6775567378726213
[Li]<-n1ccc(C(=O)NOCC(=O)Cl)cc1,0.5084000000000002,7.604689973726825
[Be]=C1N(C)C=CN1Cc1ccc(F)cc1,2.04059,6.675984919843224
[Be]=C1N(C)C=CN1c1c(C)cccc1C,2.522730000000001,6.675984919843224
[Li]<-P(C(C)C)(C(C)C)C(F)(F)C(F)(F)F,4.440200000000003,5.765911604790515
[Li]<-P1(C)CC([Si](C)(C)C)c2ccccc21,3.398200000000002,5.890699853781306
[Li]<-p1(-c2ccc(F)cc2)cc(C)c(O)c1C,4.123940000000003,7.3551134757452425
[Li]<-N(=CC(=O)OCC)c1ccc(OC)cc1,1.9606,9.318680093672345
[Li]<-n1cn(C)c2ccc(C(=O)OC)cc21,1.3598999999999997,7.140337446785025
[Li]<-n1ccc(C(C)=Nn2ccc(C)c2)cc1,2.463820000000001,7.604689973726825
[Li]<-n1cc(-c2ccccc2)c(C)n1C(C)O,2.3693200000000005,8.979115815721336
[Li]<-P1(c2ccccc2)NCC(OC)CO1,1.2586000000000002,4.791829386618463
[Li]<-n1c(C(=O)OCC)cn(C)c1COC,0.7432000000000001,8.854327566730545
[Li]<-n1cccc(-c2cn(C(C)=O)nn2)c1,1.0002,7.604689973726825
[Li]<-P1=CCC=C(c2cc(C)c(C)cc2C)C1,4.147360000000004,4.051921484844995
[Li]<-n1cccc(C(C)=NNC(=S)NC)c1,0.8995,7.604689973726825
[Li]<-n1cn(-c2ccccn2)c2ccccc21,2.4205000000000005,7.140337446785025
[Li]<-n1cc(C(C)=O)cc(-c2ccccc2)c1,2.951200000000001,7.604689973726825
[Be]=C(Nc1ccc(C)cc1C)C(F)(F)F,3.3164300000000013,7.628762951033732
[Li]<-n1ccc(-c2ccccc2)c2cc[nH]c21,3.2299000000000007,8.979115815721336
[Li]<-NCC(C)c1cccc(C(=C)C(=O)O)c1,1.8466,2.3379313648994757
[Be]=C1N(C)C=CN1CCc1ccccc1,1.94399,6.675984919843224
[Li]<-NCc1cncc(-c2ccccc2)c1,2.2073,2.3379313648994757
[Li]<-S=c1[nH]c2c(C(C)(C)C)cccc2s1,4.256390000000002,1.8387783689363106
[Be]=C1Nc2c(C(=O)OC)cccc2N1OC,1.26279,6.800773168834016
[Li]<-n1cn(CCO)c2ccc(OC)cc21,1.0372,7.140337446785025
[Be]=C1N(CCC)C=CN1c1ccc(Br)cc1,3.448590000000002,6.675984919843224
[Be]=C1NC(N)=CN1CC(=O)c1ccccc1,0.5283899999999999,6.800773168834016
[Be]=C(c1ccccc1)N(C)c1ccccc1,3.209890000000001,10.693105935666855
[Li]<-O=C(CO)CN1CCc2ccccc21,0.6104999999999996,5.516335106808932
[Li]<-N(=CNC(C)=O)c1cc(C)cc(C)c1,2.09934,8.979115815721336
[Li]<-n1ccn(C(C)=Nc2ccccc2)c1C,2.789720000000001,7.140337446785025
[Be]=C1N(C(C)O)C=CN1C(C)C(C)(C)C,1.84439,6.675984919843224
[Be]=C1NC=CN1c1cc(C)cc(C)c1C,2.488950000000001,6.800773168834016
[Li]<-S=c1[nH]c2c(C(N)=O)cccc2n1C,1.33479,1.8387783689363106
[Li]<-n1ccn(C(O)O)c1-c1ccccc1,0.9908,7.140337446785025
[Li]<-S1C(C)C=CC(C)N1c1ccccc1,3.488000000000002,3.5875689579031946
[Li]<-n1ccc(C(C)=NCNC(C)=O)cc1,0.9842,7.604689973726825
[Be]=C1N(O)C(N)=C(C(C)C)N1CCCC,1.57339,7.880245348558492
[Li]<-S=C(C=Cc1ccco1)N(CC)CC,2.962000000000001,2.0883548669178933
[Li]<-Nc1cc(C(=O)O)cc(C(=O)OC)c1,0.7536,2.0883548669178933
[Li]<-n1ccn(COc2c(C)cccc2C)c1,2.5364400000000007,7.265125695775816
[Li]<-N(=Cc1ccccn1)c1ccccc1,2.8322000000000003,9.318680093672345
[Li]<-n1cc(C(=O)OC)nc2ccccc21,1.4164,9.318680093672345
[Li]<-n1cnn(-c2cccc([N+](=O)[O-])c2)c1,1.1754999999999998,6.925561417824807
[Be]=C1N(CCC)C=CN1c1ccc(C)cc1,2.994510000000002,6.675984919843224
[Li]<-S=C1CNCN1c1ccc(C)c(C)c1,1.99794,1.963566617927102
[Li]<-N(CC)CCOc1ccc(C=C)cc1,2.3179,4.301497982826578
[Li]<-P(C)(COCCOC)c1ccccc1,2.0441000000000003,6.140276351762889
[Li]<-n1ccn(CCc2ccc(OC)cc2)c1,2.1344000000000003,7.265125695775816
[Li]<-S=Cc1nccn1Cc1ccccc1,2.2792000000000003,1.963566617927102
[Li]<-n1cccc(N=Cc2cccnc2)c1,2.2272,7.604689973726825
[Li]<-O=c1oc2ccccc2c2[nH]cnc12,1.6693,4.881817166587889
[Be]=C1N(C)C=CN1c1cc(C)c(C)c(C)c1,2.831150000000001,6.675984919843224
[Li]<-n1cc(O)c(C)c(C=NNC(C)C)c1,1.42752,7.604689973726825
[Li]<-n1ccn(Cc2cccc(O)c2)c1C,1.94542,8.979115815721336
[Be]=C1N(CC=C)C=CN1c1ccc(Cl)cc1,3.115490000000002,6.675984919843224
[Be]=C1N(CC)C=CN1c1ccncc1CO,1.1832899999999995,6.675984919843224
[Be]=C1C=CC(c2cccc(F)c2)=C(N)N1,1.65119,7.265125695775816
[Be]=C(NCc1ccccc1)c1ccco1,2.456290000000001,6.630607755554774
[Li]<-P1(c2ccccc2)C23CCCCC21C3,3.262700000000001,5.516335106808932
[Li]<-P1Cc2ccccc2Cc2ccccc21,3.094800000000001,4.051921484844995
[Li]<-n1ccc(-c2ccc(C(=O)O)cc2)cc1,2.4468000000000005,7.604689973726825
[Li]<-P(C)(c1ccccc1)c1ccc(C)cc1,3.057520000000001,5.890699853781306
[Li]<-n1cc(C)cc(-c2cccc(C#N)c2)c1,2.928700000000001,7.604689973726825
[Li]<-NC1=C(c2ccccc2)C(=C)N(C)N1,1.2775999999999998,2.0883548669178933
[Be]=C1N(C)C(C#N)=NN1c1ccc(C)cc1,1.58019,6.336420641892215
[Li]<-n1cn(-c2ccc(C(C)=O)cc2)cn1,1.4698999999999998,6.800773168834016
[Li]<-n1cccc(-c2cccc(N)c2C)c1,2.639220000000001,7.604689973726825
[Li]<-p1cc(C=Cc2ccccc2)ccc1P,3.9375000000000018,3.8023449868634125
[Li]<-n1cn(CC(C)(C)O)c2ccccc21,1.8072,7.140337446785025
[Li]<-n1cc(C)c(Nc2cccc(Br)c2)o1,3.4891200000000016,6.845383784514992
[Li]<-n1cc(CC)cc(-c2cccc(C)c2)c1,3.6194200000000025,7.604689973726825
[Be]=C1N(CC=C)C=CN1c1ccccc1,2.4620900000000008,6.675984919843224
[Li]<-S=C1C(C)NCNC12CC1C=CC2O1,0.3612000000000002,1.8387783689363106
[Li]<-n1cn(CCC)c2[nH]c(=O)n(C)c(=O)c21,-0.1666999999999998,7.140337446785025
[Li]<-n1nc(-c2ccc([N+](=O)[O-])cc2)sc1N,1.6954999999999998,11.52503318065907
[Li]<-n1ccc(C=C2C=COC(C)=C2)cc1,2.912700000000001,7.604689973726825
[Li]<-NCC(C)(N)c1ccc(C(C)C)cc1,1.9426,2.3379313648994757
[Li]<-P(O)(Oc1ccc(F)c(F)c1)C(C)C,3.0562000000000014,4.496875724348429
[Be]=C1NC23C=CC=CC2(C=CC=C3)N1C,1.2472899999999998,6.800773168834016
[Li]<-O=C(Nc1cc(C)ccc1C)C(C)S,2.5602400000000003,5.301559077848714
[Li]<-n1cccc(-c2ccccc2N(C)C)c1,2.8146000000000004,7.604689973726825
[Be]=C1N(C)C=CN1c1cccc(C(C)=O)n1,1.50349,6.675984919843224
[Li]<-n1ccn(-c2c(OC)cccc2OC)c1,1.8895,7.265125695775816
[Li]<-n1cccc(-c2cnc(C#N)cn2)c1,1.4102799999999998,7.604689973726825
[Li]<-N#Cc1ccc(C(=O)OCCCC)cc1,2.515180000000001,1.8387783689363106
[Li]<-N1=CC(OCC)=C(c2ccccc2)C1,2.518600000000001,7.729478222717616
[Li]<-Nc1ccc(C)c(-c2cccc(F)c2)c1,3.383320000000001,2.0883548669178933
[Be]=C1NC(N)=CN1C(C)c1ccccc1,1.40669,6.800773168834016
[Li]<-n1cn(C)c2c(CC(=O)O)cccc21,1.2003999999999997,7.140337446785025
[Li]<-n1cc2cc(C(C)=NN(C)C)ncc2s1,1.9769,8.651393247679259
[Be]=C(Cc1ccc(C(=O)OC)cc1)N(C)C,1.61609,9.103904064712127
[Li]<-n1nn(CC(=O)OC)c2ccccc21,0.6042999999999997,6.675984919843224
[Li]<-n1cn(-c2cnc(Cl)s2)c2ccccc21,3.1354000000000006,7.140337446785025
[Li]<-n1ccc(C=NCC(=O)NCOC)cc1,0.2205999999999992,7.604689973726825
[Li]<-n1ccc(C(F)(F)F)cc1C(O)(F)F,2.1420000000000003,9.318680093672345
[Be]=C1NN(C([O-])=C2C=CC=[S+]2)C(C)=C1C,0.1232900000000001,6.800773168834016
[Li]<-n1ccccc1C1Cc2ccccc2S1,3.4711000000000016,9.318680093672345
[Li]<-n1c(-c2ccco2)ccc2ccccc21,3.494800000000001,11.032670213617864
[Be]=C1CC2C3C=CC(O3)C2CN1CC(C)=O,0.8894899999999999,7.265125695775816
[Li]<-N(C)Cc1c(F)c(F)c(F)c(F)c1F,2.1015,4.42628623181737
[Li]<-N(=Cc1ccncc1)c1ccccc1,2.8322000000000003,9.318680093672345
[Li]<-P(=C(C)C)c1ccc([Si](C)(C)C)cc1,3.015500000000001,3.6775567378726213
[Li]<-NNc1ccc(-c2ccccc2)cc1,2.6392000000000007,1.9983670869484673
[Li]<-n1cccc(N(C(C)Cl)C(C)C#N)c1,2.3848800000000008,7.604689973726825
[Li]<-n1ccc(N)c2cc(C(=O)O)ccc21,1.5152,9.318680093672345
[Li]<-n1ccn(C(C)c2ccc(C)cc2)c1,2.8008200000000008,7.265125695775816
[Li]<-n1ccc(N=Nc2cncnc2)cc1,2.287,7.604689973726825
[Li]<-n1csc2c1C=NC(c1cccs1)N2,2.7478,10.49017161661557
[Li]<-N1=C2Cc3ccccc3C(=O)N2CC1,1.097,9.103904064712127
[Li]<-S=c1cc(C(C)(C)C)[nH]c(C(F)(F)F)c1,4.0604900000000015,1.8387783689363106
[Li]<-n1cn(-c2c(C)ccc(C)c2C)cn1,2.1925600000000003,6.800773168834016
[Li]<-n1ccc(CN=Cc2ccccc2)cc1,2.700700000000001,7.604689973726825
[Li]<-N(N)c1cccc(-c2ccccc2)c1,2.6392000000000007,3.712357206893986
[Li]<-N1=CC(n2cc(C)c(C)n2)C(C)(C)C1,2.1516400000000004,7.729478222717616
[Li]<-n1cc(C)cc(C(=O)c2ccccc2)c1,2.621020000000001,7.604689973726825
[Li]<-n1cccc(Nc2ccccc2Cl)c1,3.478600000000001,7.604689973726825
[Li]<-n1cccc(N=Nc2cccnc2)c1,2.8920000000000003,7.604689973726825
[Be]=C(Nc1cccc(F)c1)c1ccccc1,3.3246900000000013,8.979115815721336
[Li]<-n1cccn1CCOC(=O)C(F)(F)F,0.9886,8.979115815721336
[Li]<-P(F)(c1ccccc1)c1ccccc1,3.003800000000001,4.453291362267627
[Li]<-P(O)(c1ccccc1)c1ccccc1C,2.33502,5.00660541557868
[Li]<-n1cccc(C#Cc2ccccc2)c1,2.4814000000000007,7.604689973726825
[Li]<-N1=COC(C)(C)C1c1ccc(O)cc1,2.2704000000000004,8.808950402442093
[Li]<-n1cn(-c2ccccc2[N+](=O)[O-])cn1,1.1754999999999998,6.800773168834016
[Li]<-n1c(N(C)C)sc2c(C=C)cccc21,3.005300000000002,13.70337582754639
[Li]<-P1=CCC=C(c2ccc(C)c(C)c2)C1,3.838940000000002,4.051921484844995
[Be]=C1NC(N)=CN1c1cccc(OC)c1,0.85869,6.800773168834016
[Li]<-n1c(C(F)(F)F)n(C)c2ccccc21,2.5921000000000003,8.854327566730545
[Li]<-S=C(NCc1ccccc1)NC(C)=O,1.1971999999999998,3.0430387976515787
[Li]<-n1ccn(C2(C)C(C)=CC(C)=C2C)c1,2.8946000000000014,7.265125695775816
[Be]=C1N(C)C(=O)N(c2ccccc2)N1C,1.40149,6.336420641892215
[Li]<-P1(c2ccccc2)C(C(C)=O)C1C(C)=O,1.7226,5.516335106808932
[Li]<-n1ccc(C2CN=CN2C(C)C)cc1,1.875,7.604689973726825
[Li]<-N1=CC(c2cccnc2)=C(OCC)C1,1.9136,7.729478222717616
[Li]<-n1cn(-c2cc(C)c(C)cc2C)cn1,2.1925600000000003,6.800773168834016
[Li]<-n1ccc(C(C)=Nc2ccccc2)cc1,3.222300000000001,7.604689973726825
[Li]<-n1cccc(C=NCc2ccccc2)c1,2.7007000000000003,7.604689973726825
[Li]<-n1[nH]cc(-c2ccccc2OC)c1N,1.6674999999999995,8.639551537770327
[Li]<-n1cn(CC(=O)CCN)c2ccccc21,0.9541999999999996,7.140337446785025
[Li]<-n1ccccc1Cc1ccc(C)cc1,2.9808200000000014,7.479901724736034
[Li]<-PC(=Cc1ccccc1)c1ccccc1,4.059800000000003,2.0883548669178933
[Li]<-OCc1cccc(C#N)c1C(F)(F)F,2.06938,2.3379313648994757
[Be]=C(Nc1ccccc1C)c1ccccc1,3.494010000000002,8.979115815721336
[Li]<-O=CNc1c(C(C)C)cccc1C(C)C,3.5017000000000014,3.4627807089124034
[Li]<-N=c1[nH]ccn1-c1ccc(C)c(C)c1,1.90171,4.961994799897705
[Be]=C1N(CC=C)C=CN1c1ccccn1,1.85709,6.675984919843224
[Li]<-n1cccc(-c2cncnc2N(C)C)c1,1.6045999999999998,7.604689973726825
[Li]<-P(Nc1ccccc1)c1ccccc1,3.017500000000001,3.712357206893986
[Li]<-N=Cc1ccc(C=NNC(N)=O)cc1,0.6864700000000001,3.9271332358542037
[Li]<-Nc1ccncc1-c1ccc(OC)cc1,2.3394000000000004,2.0883548669178933
[Li]<-n1cn(C)c2c1CC(C[SH](=O)=O)=CC2,0.0565,7.140337446785025
[Be]=C1N(CCl)C=CN1c1cccc(C)c1C,3.089230000000001,6.675984919843224
[Li]<-n1ccc(C2=NC(C)(C)CN2C)cc1,1.5522,7.604689973726825
[Li]<-n1[nH]c(C)cc1C(=O)c1ccccc1,1.94912,7.140337446785025
[Li]<-n1[nH]c(C)cc1N=Nc1ccccc1,3.1335200000000007,8.639551537770327
[Li]<-n1cn(CCCC(=O)O)c2ccccc21,1.9011,7.140337446785025
[Be]=C1NC2C3CCC(C)(C2N1C)C3(C)C,1.7109899999999998,6.800773168834016
[Li]<-n1ccc(CSc2ccccc2)cc1,3.3739000000000017,7.604689973726825
[Be]=C1Sc2cccc(C=C(C)C)c2N1C,3.6479900000000014,10.02581908967377
[Li]<-N#Cc1c(C(C)C)cccc1C(C)C,3.805080000000003,1.8387783689363106
[Li]<-n1ccc(-c2cc3ccccc3s2)cc1,3.963300000000003,7.604689973726825
[Be]=C1N(C=C)C=CN1c1ccc(C)c(C)c1,3.036430000000002,6.675984919843224
[Be]=C1N(Cc2ccccc2)C=CN1C(C)Cl,2.856490000000001,6.800773168834016
[Li]<-S=C1CNCN(c2ccc(C)c(C)c2)C1,2.04044,1.8387783689363106
[Li]<-n1cc(N)cc2cc(CNN)ccc21,0.7802999999999992,9.318680093672345
[Li]<-N(=Cc1cccnc1)c1ccccc1C,3.140620000000002,9.443468342663136
[Li]<-n1cn(CCO)cc1-c1ccccc1,1.5424,7.140337446785025
[Li]<-n1cn(-c2ccncc2)c2ccccc21,2.4205,7.140337446785025
[Li]<-NN(c1ccccc1)c1ccc(C)cc1,3.006820000000001,1.7487905889668844
[Li]<-N=Cc1cccc(-c2ccccc2)c1,3.3512700000000013,3.9271332358542037
[Li]<-n1cc(C)c(C(C)(C)C)c2ccccc21,3.840720000000003,9.318680093672345
[Li]<-n1ccc(C(=O)OC)c(C(=O)OC)c1,0.6547999999999999,7.604689973726825
[Be]=C1N(CCC)C=CN1c1ccccc1,2.686090000000001,6.675984919843224
[Li]<-n1c(C(N)=O)sc2c(OC)cccc21,1.4038,12.204161736561089
[Li]<-N(=Cc1cccs1)c1ccccc1I,4.103300000000002,9.318680093672345
[Li]<-n1cn(C)cc1-c1ccc(OC)cc1,2.0957,7.140337446785025
[Li]<-O=c1oc(-c2ccccc2)c(C)cc1C,2.9236400000000016,5.00660541557868
[Li]<-Nc1cc(C(C)(C)C)cc(C(C)(C)C)c1,3.863800000000002,2.0883548669178933
[Li]<-O=C(N)c1ccccc1C(=O)OCC,0.9622000000000002,6.381031257573191
[Li]<-P(=C(I)c1ccccc1)c1ccccc1,3.8713000000000015,3.6775567378726213
[Li]<-P1(c2ccccc2)NC(=O)C(O)(O)CO1,-0.5489,4.542252888636881
[Li]<-n1cccc(C(C)(O)c2ccccc2)c1,2.3374,7.604689973726825
[Li]<-N1=COC(C)(C)C1(C)c1ccccc1,2.738900000000001,10.647728771378404
[Li]<-P1(C(C)(C)C)OC1c1ccc(C)cc1,4.219220000000003,4.881817166587889
[Be]=C1N(C)C=CN1c1ccc(C(C)C)cc1,3.0292900000000014,6.675984919843224
[Li]<-n1cc(N)cc(-c2cn(C(C)C)cn2)c1,2.1082,7.604689973726825
[Li]<-n1ccn(CC2(C)C(=O)NCNC2=O)c1,-0.9070999999999994,7.265125695775816
[Li]<-n1ccc(C(=C)c2ccccc2)cc1,3.1431000000000013,7.604689973726825
[Li]<-n1c(C)n(CC(C)C)c2ccccc21,3.000720000000001,7.0155491977942335
[Li]<-N1=CN(C(C)(C)C)C2(O)N=CN=CC12,0.2562,7.389913944766607
[Be]=C1NCN(c2cccc(C)c2C)C1N,0.99413,8.5495637578009
[Be]=C(c1ccccc1)N1CC(C)C(C)C1,2.661290000000001,7.0155491977942335
[Li]<-n1ccc(C=NN(C)C)c2ccccc21,2.1303,9.318680093672345
[Li]<-P(O)(c1ccccc1)C(F)(F)C(F)(F)F,2.8562000000000003,5.00660541557868
[Li]<-n1ccn(CC(=C)c2ccccc2)c1,2.5965000000000007,7.265125695775816
[Li]<-n1cccc(N=Cc2ccccc2)c1,2.832200000000001,7.604689973726825
[Li]<-N1=CC(C)(C(=O)OC)C(n2cccn2)C1,0.6879,7.729478222717616
[Be]=C1N(CC(C)C)C=CN1CC(C)(C)C,2.7735900000000013,6.675984919843224
[Li]<-n1cc(Cl)n(Cc2cccc(O)c2)c1,2.2904,7.265125695775816
[Li]<-n1cccc(-c2ccccc2C)c1C,3.3654400000000013,9.318680093672345
[Li]<-S=c1[nH]cc(-c2ccccc2)c(=O)n1C,2.109889999999999,1.963566617927102
[Be]=C=NN(c1ccccc1)c1ccccc1,3.194300000000001,2.998428181970603
[Li]<-Nc1nc(N=Nc2ccccn2)cs1,2.5357000000000003,2.0883548669178933
[Li]<-n1cc(N)cc(-c2cc[n+]([O-])cc2)c1,0.9642,7.604689973726825
[Be]=C1N(CC)C=CN1Cc1cccnc1,1.68659,6.675984919843224
[Be]=C1Nc2ccc(C(=O)OC)cc2N1C,1.3311899999999997,6.800773168834016
[Li]<-Pc1cc(C)c(C)c(C)c1,2.11226,2.0883548669178933
[Li]<-O=Bc1ccc(OC)cc1,0.3701999999999998,2.4827127095377124
[Li]<-S=C1CNC(N)(C(C)C)N1,-0.2248999999999998,1.8387783689363106
[Li]<-n1ccn(CC(F)(F)F)c1,1.4453999999999996,7.265125695775816
[Li]<-N#CCc1ccc(C)cc1,2.0611,1.8387783689363106
[Li]<-n1ccn(C(C)(C)C)c1C,1.94652,8.979115815721336
[Li]<-S(C)C(C)c1ccccc1,3.1106000000000016,4.176709733835787
[Li]<-n1c(C)ccnc1OCC,1.18372,10.058587995445812
[Be]=C1CCN(C(C)C)C(N)C1,0.85669,7.854266471708408
[Li]<-N1=CN(C)CC(C)(C)C1=O,0.5128999999999999,6.505819506563983
[Be]=C(C=C(C)C)c1ccoc1,2.6751900000000006,5.641123355799723
[Li]<-N(C)Cc1cccc(I)c1,2.0106,4.42628623181737
[Li]<-n1c(C)ccc(N)c1CO,0.46452,9.193891844681554
[Li]<-N(O)=C(I)c1ccccc1,2.2574000000000005,5.00660541557868
[Li]<-N#Cc1cccc(SC)c1,2.2801800000000005,3.6775567378726213
[Li]<-n1[nH]c(C(C)(C)N)cc1C,0.91192,7.140337446785025
[Li]<-O=c1cc1-c1ccccc1,1.5894,1.8387783689363106
[Li]<-N=C(CC)ON(CC)CC,1.64707,5.006605415578681
[Li]<-n1ccc(C(C)(C)O)cc1,1.309,7.604689973726825
[Li]<-N1=Cc2ccccc2C1N,1.0764,9.103904064712127
[Li]<-n1[nH]c(C)cc1C(=O)OC,0.5047199999999998,8.979115815721336
[Li]<-n1cccc(C=[N+](C)[O-])c1,0.6406,7.604689973726825
[Li]<-n1cccc([N+](=O)[O-])c1C,1.2982199999999997,9.318680093672345
[Li]<-n1occc1N=C(C)OC,1.3709,8.219809626509502
[Li]<-n1ccn(CCC(=O)O)c1,0.3577999999999999,7.265125695775816
[Li]<-n1c(C)nnn1CC(C)=O,-0.4294800000000003,8.175199010828527
[Li]<-N=CC(=C)c1ccccc1,2.3493700000000004,3.9271332358542037
[Li]<-N(C)=Cc1ccccc1C,2.04372,6.015488102772097
[Be]=C(N)NC1CCCC(O)C1,-0.1655100000000006,3.3727929289429768
[Li]<-S=C(NC(C)=O)NC(C)O,-0.6647000000000001,1.8387783689363106
[Li]<-P(CC(C)C)CC(C)(C)C,3.3670000000000027,4.301497982826578
[Li]<-N(=CC)c1ccccc1F,2.5479000000000003,9.318680093672345
[Li]<-N(CCO)=C(C)C(F)(F)F,1.0019,9.443468342663136
[Li]<-n1ccc(C(=O)NC)cc1,0.4412000000000001,7.604689973726825
[Li]<-n1nc2ccccn2c1N,0.3115,8.175199010828527
[Li]<-N1=C(C)C(NC(C)=O)CC1,0.3556999999999999,9.443468342663136
[Li]<-S=C(C)Nc1ccccc1,2.4458,1.963566617927102
[Li]<-N=c1[nH]c(N)cn1C(C)=O,-0.4620300000000003,4.961994799897705
[Li]<-N=Cc1cc(C)cc(C)c1,2.3011100000000004,3.9271332358542037
[Li]<-N(=C)C(N)c1ccccc1,1.3445000000000005,7.389913944766607
[Li]<-n1ccn2c1C(CO)CC2,0.3627,7.140337446785025
[Li]<-Nc1cc(C(C)=O)ccn1,0.8664000000000001,2.0883548669178933
[Li]<-P(O)(C=C)c1ccccc1,1.8446,5.00660541557868
[Be]=C(C=C(C)C)NCCOC,1.22739,7.265125695775816
[Li]<-n1ccc(C(C)(C)N)cc1,1.2754,7.604689973726825
[Li]<-n1coc2cccc(Br)c21,2.5903,6.845383784514991
[Li]<-N=C(C)c1ccc(Br)cc1,2.836870000000001,5.641123355799723
[Li]<-N1=CN(C(C)C)CC(C)C1,1.3748,7.514702193757399
[Be]=C1N(C)C=C(C(=C)C)N1C,1.27739,6.675984919843224
[Li]<-N1CCCC1CC(=O)OC,0.3014999999999999,7.854266471708408
[Li]<-n1ccn(CC)c1C(C)C,2.0264,7.140337446785025
[Li]<-P(CC(C)(C)N)C(C)(C)C,2.2007000000000003,4.051921484844995
[Li]<-O=C(O)C(O)c1ncc[nH]1,-0.4723000000000001,4.881817166587889
[Li]<-S=C(NC(C)C)C(F)(F)F,1.8741,1.8387783689363106
[Li]<-N(CC)Cc1ccncc1,1.1911,4.301497982826578
[Li]<-n1ccn(C(C)N(C)C)c1,0.9632,7.265125695775816
[Li]<-S=C(NC)c1ccccn1,0.9765,1.963566617927102
[Li]<-N1=CCCC1(Cl)C(F)(F)F,2.3484,9.318680093672345
[Li]<-S=c1c(N(C)C)c1N(C)C,1.42369,1.8387783689363106
[Li]<-OCC(C)c1ccccc1,1.7824,2.2131431159086845
[Li]<-n1ccn(C(C)C(C)C)c1,2.1001,7.265125695775816
[Li]<-S=c1[nH]c(N)cn1C(=C)C,1.61849,1.8387783689363106
[Li]<-n1nc(C)n(CC#N)c1C,0.4185199999999999,6.675984919843224
[Li]<-Nc1cccc(C(N)=O)c1,0.3677000000000002,2.0883548669178933
[Li]<-S=C(NCC)NN=C(C)C,0.8662000000000001,1.8387783689363106
[Li]<-n1cc(N)c(Cl)n(C)c1=O,0.0159,8.344597875500293
[Li]<-n1cc(C)nc(C(=O)O)c1,0.4832199999999998,7.604689973726825
[Li]<-n1cc(N)pn1CCCBr,1.8304,10.433007196690848
[Li]<-n1ccccc1CC(N)=O,0.1093999999999997,9.318680093672345
[Li]<-S(CC)C1=C(C)CC(C)C1,3.4434000000000022,3.9271332358542037
[Li]<-O=C(C)N1C(C)CCC1C,1.4057000000000002,5.4263473268395055
[Be]=C1OC(C)(C(O)O)NC1N,-2.043309999999999,8.005033597549284
[Li]<-S=C(NCC)NN=CC=C,0.6422000000000001,1.8387783689363106
[Li]<-N(N)=C(C)c1ccccc1,1.3693000000000002,7.265125695775816
[Be]=C(C)Nc1ccc(Br)cc1,2.919690000000001,5.675923824821088
[Li]<-n1c(C(=C)C)cc(C)n1C,1.76162,7.0155491977942335
[Li]<-n1cncc(C(=O)OC)c1,0.2632,7.265125695775816
[Li]<-n1cccc(C=C(C)C)c1,2.5048000000000004,7.604689973726825
[Li]<-n1ccn(C(C)(C)SC)c1,1.9387,7.265125695775816
[Li]<-n1ccc(N(C)C)cc1F,1.2867,8.25563634913104
[Li]<-n1ccc(CNC)cc1C,1.10942,9.318680093672345
[Li]<-N1=CCC(c2ccsc2)C1,2.3062000000000005,7.854266471708408
[Li]<-Nc1ccccc1C(N)=O,0.3677,2.0883548669178933
[Li]<-O=C(N)c1ccc(C)cc1,1.09392,5.176770828857923
[Li]<-n1cc(C)cc(C(S)S)c1,2.2482200000000008,7.604689973726825
[Li]<-n1ccc(C)c(C(=O)O)c1,1.08822,7.604689973726825
[Li]<-O=CP(C)c1ccccc1,1.6138,1.963566617927102
[Li]<-O=C=C1C=C(C)OC(C)=C1,1.5822,1.8387783689363106
[Li]<-S=c1[nH]c(C)cn1C(C)C,2.43501,1.8387783689363106
[Li]<-O=C(O)C1CCCN1CC,0.5552999999999999,4.881817166587889
[Li]<-N(=Cc1ccccc1)CC,2.1254,7.854266471708408
[Li]<-S=c1ssc2cc(C)sc12,4.062210000000001,1.8387783689363106
[Li]<-S=C(C)SCC(=S)N(C)C,1.9559,1.8387783689363106
[Li]<-N1=CC(C)CC1NC(C)=O,0.5592000000000001,9.103904064712127
[Li]<-n1cccc(C(=O)OC)c1,0.8681999999999999,7.604689973726825
[Li]<-S=C(NC)c1ccccc1,1.5815,1.963566617927102
[Li]<-O=C(C)Oc1ccccc1,1.6119,4.88181716658789
[Li]<-O=C(Cl)c1ccc(Cl)cc1,2.719000000000001,3.8023449868634125
[Li]<-N=c1[nH]c2ccccc2s1,1.70887,3.4627807089124034
[Li]<-O=C(C)N(C(C)C)C(C)C,1.6517,5.4263473268395055
[Li]<-p1(O)ccc([Si](C)(C)C)c1,1.9738,5.00660541557868
[Li]<-NCc1cccc(C=C)c1,1.7883,2.462719613890267
[Li]<-S(C)c1cccc(OC)c1,2.4171000000000005,4.051921484844995
[Li]<-N1=COC(C)C12CCCC2,1.7462,10.647728771378404
[Li]<-n1c(C)nnn1CC(=O)O,-0.93388,8.175199010828527
[Li]<-n1ccn(CC(C)(C)O)c1,0.6540000000000001,7.265125695775816
[Li]<-N=c1[nH]c(N)c(C)c(=O)[nH]1,-0.9269100000000006,5.086783048888496
[Be]=C1NC=C(N)N1C(C)(O)O,-1.6962099999999989,6.800773168834016
[Li]<-n1ccc(SCSC)cc1,2.4942,7.604689973726825
[Be]=C(SC=C(C)OC)N(C)C,1.78519,10.02581908967377
[Be]=C1NC=C(N)N1C(C)(C)O,-0.6261100000000002,6.800773168834016
[Li]<-S=c1n(C)ccn1CCC,1.96609,1.8387783689363106
[Li]<-N=Cc1ccccc1OC,1.69287,3.9271332358542037
[Li]<-N(Cc1cccs1)=C(C)C,2.728900000000001,9.443468342663136
[Li]<-n1ccc(C(C)=CC)cc1,2.5048000000000004,7.604689973726825
[Li]<-p1(N(C)C)c(C)ccc1C,2.4876400000000007,8.854327566730545
[Be]=C1N(C)C=CN1C(C)(O)O,-0.6404100000000001,6.675984919843224
[Li]<-n1ccn(C(C)OCC)c1,1.4381,7.265125695775816
[Li]<-N1=CSCC1n1cccn1,1.1567999999999998,12.114173956591662
[Li]<-N(CC1COCO1)C(C)C,0.3572999999999997,4.176709733835787
[Li]<-P1(C(S)S)NC(N)C(N)N1,-0.7961000000000005,7.050349666815598
[Li]<-n1cccc(C)c1N=CC,2.11222,8.979115815721336
[Li]<-N=c1n(C)ccn1C(C)C,0.88697,4.961994799897705
[Li]<-N1CC1(C)c1ccccc1,1.505,4.051921484844995
[Be]=C(C)Nc1ccc(C)cc1,2.4656100000000007,5.675923824821088
[Li]<-n1[nH]c(C)cc1C(=O)CO,-0.1068799999999999,7.140337446785025
[Li]<-S=C(N)N1CCCC(C)C1,0.9619,1.963566617927102
[Li]<-n1ccc(C(C)=O)c(C)c1,1.59262,7.604689973726825
[Li]<-n1c(C)ccc2cc[nH]c21,1.87132,10.693105935666855
[Li]<-NCC(C)N1CCOCC1,-0.3341999999999998,2.3379313648994757
[Li]<-O1C(C)CCOP1OCC,2.0752,7.095014736769237
[Li]<-NCC(=O)C=CC(=O)OC,-0.7566000000000004,2.3379313648994757
[Li]<-n1cc(C)cc(C(N)N)c1,0.3060199999999999,7.604689973726825
[Li]<-N(C)C(=C)c1ccccc1,1.8767,4.301497982826578
[Be]=C1N(C)C=C(C#CC)N1C,0.7245900000000001,6.675984919843224
[Be]=C1NCN(C(C)(C)C)C1N,-0.0288099999999996,8.424775508810109
[Li]<-NC(C)c1cncc(Cl)c1,1.7547,2.2131431159086845
[Li]<-N=C(O)c1ccsc1OC,1.64007,5.00660541557868
[Li]<-N12CCC(C=C)(CC1)CC2,1.6583,6.26506460075368
[Li]<-Sc1c(C)cc(C)cc1C,2.9005600000000014,2.2131431159086845
[Li]<-Nc1cc(C)c(C)c(C)c1,2.1940600000000003,2.0883548669178933
[Li]<-S=c1sc(C)c(C(S)S)s1,3.7057100000000007,1.8387783689363106
[Li]<-n1c(C)cccc1C(C)=O,1.59262,11.032670213617864
[Li]<-n1[nH]c(C(C)(C)O)cc1O,0.3426999999999999,8.344597875500293
[Li]<-N=c1[nH]c(OC)cc(=O)[nH]1,-0.8089300000000001,5.086783048888496
[Li]<-n1ccc(C=[N+](C)[O-])cc1,0.6406000000000001,7.604689973726825
[Li]<-NC(C)c1cncc(F)c1,1.2404000000000002,2.2131431159086845
[Li]<-S1Cc2ccc(F)cc2C1,2.5725000000000007,4.176709733835787
[Li]<-NCCc1ccc(C)cc1,1.49622,2.3379313648994757
[Li]<-n1ccnc(C(=O)O)c1C,0.4832199999999999,9.318680093672345
[Li]<-N(=O)c1ccccc1OC,2.0931,6.7205955355241995
[Li]<-O=C(C)c1cccc(C)c1,2.197620000000001,5.641123355799723
[Li]<-Nc1ccc2nsnc2c1,1.2735,2.0883548669178933
[Li]<-Sc1ccccc1OCC,2.374000000000001,1.963566617927102
[Li]<-n1cccc(C(C)=NN)c1,0.7643000000000002,7.604689973726825
[Li]<-n1cc(C(=C)C)n(CC)c1,1.9361,7.265125695775816
[Li]<-N(=O)c1c(F)cccc1F,2.3627,6.7205955355241995
[Li]<-S=C1NC(N)NC(N)=C1N,-2.1646,1.8387783689363106
[Li]<-N#CSc1ccccc1C,2.568200000000001,1.8387783689363106
[Li]<-P1(C2CCCCC2)CC1C,3.203100000000002,5.641123355799723
[Li]<-S=C(NCCI)NC(C)C,1.2939,1.8387783689363106
[Li]<-P1C(P)C1C(=O)C(F)(F)F,1.3797,3.8023449868634125
[Li]<-O=C(Cc1ccco1)NC,0.5680999999999996,5.176770828857923
[Li]<-Sc1c(C)ccc(C)c1C,2.9005600000000014,2.0883548669178933
[Li]<-S=c1[nH]cc(C)n1CC=C,2.04011,1.8387783689363106
[Li]<-O=Cc1ccc(NC)cc1,1.5408,3.9271332358542037
[Li]<-O=Cc1c(F)cccc1F,1.7773,3.8023449868634125
[Be]=C(C(=O)OC)N1CCCC1,0.29399,5.746513317352148
[Li]<-n1[nH]c(C(C)(C)C)cc1C,2.01562,7.140337446785025
[Li]<-N(C(C)O)C1CCCCC1,1.247,4.051921484844995
[Be]=C=Nc1cccc(C#N)c1,1.64438,3.337992459921612
[Li]<-N(N)c1cccc(OC)c1,0.9808,3.712357206893986
[Li]<-O=c1cc1-c1cccnc1,0.9843999999999998,1.8387783689363106
[Li]<-S=Cc1ccc(OC)cc1,2.043,1.963566617927102
[Li]<-n1ccccc1C(F)(F)F,2.1004,9.318680093672345
[Be]=C1NC(N)=CN1C(C)(C)O,-0.6261099999999999,6.800773168834016
[Li]<-NCc1c(N)cccc1Cl,1.3808999999999998,6.783109040540432
[Be]=C1NC(C(C)(C)C)ON1C,0.8214899999999998,6.1662552286129735
[Li]<-[O-][N+]1=C(C(C)(C)C)C=CC1,1.5536,1.7487905889668844
[Be]=C1N(C)C=CN1CC(=O)O,-0.21411,6.675984919843224
[Be]=C(NC(C)C)c1ccoc1,1.6644899999999998,5.301559077848714
[Li]<-N(Cc1ccsc1)=C(C)C,2.728900000000001,9.443468342663136
[Li]<-N(CC)C(=CC)C(F)(F)F,2.062,4.051921484844995
[Li]<-N(C)=Cc1cccc(C)c1,2.04372,6.015488102772097
[Li]<-N1=C2CCCCN2CCC1,1.2745000000000002,9.103904064712127
[Li]<-Nc1cccc(C(=O)O)c1,0.967,2.0883548669178933
[Li]<-n1c(C)cccc1N=C=O,1.35732,10.693105935666855
[Be]=C(SCC(=O)OC)N(C)C,0.4504899999999998,10.02581908967377
[Li]<-S=c1ssc(C)c1OCC,3.2462100000000014,1.8387783689363106
[Be]=C(C)Nc1ccccc1O,1.86279,5.80071207381188
[Be]=C1N(C)CCN1CC(C)C,0.88609,6.675984919843224
[Li]<-S(c1cccs1)C(C)(C)C,3.638700000000002,3.6775567378726213
[Li]<-O=CC(C)c1ccccc1,1.989,3.9271332358542037
[Li]<-O=C1NCCC(=O)N1CC,-0.0517999999999997,4.837206550906914
[Li]<-n1cccc(C)c1COC,1.53642,9.443468342663136
[Li]<-N=C(C)C1=CC2CCC1C2,2.3823700000000008,5.765911604790515
[Be]=C1N(C)CCN1C(C)(C)C,1.02859,6.675984919843224
[Li]<-p1(O)c(C)cc2c1C=CC2,2.3063200000000004,5.00660541557868
[Li]<-N=CC(=O)c1ccccc1,1.51887,3.9271332358542037
[Be]=C1ONC(C(C)(C)C)N1C,0.8214899999999998,6.166255228612973
[Li]<-OC(CC(C)C)C(F)(F)F,1.9557,2.0883548669178933
[Li]<-n1ccc(CO)c(CO)c1,0.0661999999999999,7.604689973726825
[Li]<-S=C(C)NCc1ccoc1,1.7165,1.8387783689363106
[Li]<-n1cc(O)cc(C(C)=O)c1,0.9897999999999998,7.604689973726825
[Li]<-N(=CC=C)c1ccccc1,2.5749000000000004,9.318680093672345
[Li]<-N1=CCC(n2cccc2)C1,1.5037,7.729478222717616
[Li]<-n1csc(-c2cscn2)c1,2.2666000000000004,10.61495986560636
[Li]<-S=C1CNC(N)NC1(C)C,-0.4299999999999992,1.963566617927102
[Li]<-N#CC(C)c1ccccc1,2.3136800000000006,1.8387783689363106
[Li]<-P1(N(C)C)N(C)CCN1C,0.6520999999999999,8.175199010828527
[Li]<-n1cccc(C(C)=NO)c1,1.2798,7.604689973726825
[Li]<-PC(C)(C)c1ccccc1,2.796800000000001,2.0883548669178933
[Li]<-n1cccc(C(=O)O)c1O,0.4853999999999999,8.684162153451302
[Li]<-n1ccn(C)c1C(C)(C)O,0.6475,8.979115815721336
[Li]<-NC(CCl)c1ccccc1,1.9252,2.2131431159086845
[Li]<-Nc1cc(C#N)ccc1F,1.2795800000000002,2.0883548669178933
[Li]<-N1CC(N)C(C(=O)OC)C1,-1.2938999999999987,6.140276351762889
[Li]<-NCc1ccc(C)c(C)c1,1.76214,2.3379313648994757
[Li]<-S=c1sc(C)cn1CCO,1.57981,1.8387783689363106
[Li]<-O(CC)Cc1ccccc1,2.2231000000000005,4.301497982826578
[Li]<-N(=O)Cc1ccccc1Cl,2.6064000000000007,5.1313936645694715
[Be]=C1N(C)C(Cl)=C(Cl)N1CC,1.85419,6.675984919843224
[Li]<-n1ccc(N(C)C)c(C)c1,1.45602,7.604689973726825
[Be]=C1NC(N)=CN1C(C)(O)O,-1.696209999999999,6.800773168834016
[Li]<-N#Cc1ccc(NC)cc1,1.59998,3.6775567378726213
[Li]<-NCc1ccccc1C#N,1.01698,2.462719613890267
[Be]=C1CN(C)c2ccccc21,1.56579,7.265125695775816
[Li]<-Pc1ccccc1N(C)C,1.2529999999999997,2.0883548669178933
[Li]<-n1cc(C)n(C(C)=O)c1O,0.5572199999999998,8.344597875500293
[Li]<-NCC(=O)Cc1ccsc1,0.8183999999999999,2.3379313648994757
[Li]<-P1(c2ccccc2)C2CC21,1.9483,5.516335106808932
[Li]<-N=Cc1ccc(OC)cc1,1.69287,3.9271332358542037
[Li]<-N#CC=C(C#N)C(C)(C)C,2.00606,1.8387783689363106
[Be]=C1Oc2ccccc2N1C,1.5114899999999998,6.3810312575731905
[Li]<-S(CC=C)c1ccccc1,2.964700000000001,3.9271332358542037
[Li]<-N1CCC(c2ccc[nH]2)C1,1.0916,6.140276351762889
[Li]<-n1ccc2[nH]cc(C)c2c1,1.87132,7.604689973726825
[Li]<-S=C(NC(C)=O)C(C)(C)C,1.496,1.963566617927102
[Li]<-N#Cc1ccccc1SC,2.2801800000000005,1.8387783689363106
[Li]<-P1(C)SC=PC1C(C)(C)C,3.8380000000000014,8.651393247679259
[Li]<-N1CCCC1C(=O)OCC,0.3014999999999999,4.176709733835787
[Li]<-n1cc(C(Cl)Cl)cnc1N,1.5349999999999997,8.639551537770327
[Li]<-N1=CCC(c2cc[nH]c2)C1,1.5728,7.729478222717616
[Li]<-n1c(C)cccc1N=NC,2.10352,10.693105935666855
[Li]<-NCc1ccccc1SC,1.8672,2.462719613890267
[Li]<-n1cc2c(Cl)cncn2c1,1.3827,7.265125695775816
[Li]<-S=CC(=O)c1ccccc1,1.869,2.0883548669178933
[Li]<-P(C)(N=P)c1ccccc1,2.665,5.551135575830297
[Be]=C(C)Nc1ccc(I)cc1,2.7617900000000004,5.675923824821088
[Be]=C(NC)N(C)C(C)N(C)C,0.0414899999999998,4.961994799897705
[Li]<-S=C1CC(=O)NCN1CC,0.1131,1.963566617927102
[Li]<-n1c[nH]c2c(C)cccc21,1.87132,7.140337446785025
[Li]<-P(F)(OC)c1ccccc1,2.2397,3.8187734220465845
[Li]<-Nc1cncc(C(C)=O)c1,0.8664000000000001,2.0883548669178933
[Li]<-N1C(N)=C(C)C=NC1(N)Cl,-0.3405999999999999,3.8023449868634125
[Li]<-NCc1cccc(NC)c1,1.1869999999999998,2.462719613890267
[Li]<-S=C(OC)c1ccccc1,2.0085,1.8387783689363106
[Li]<-N(O)=C1CC2(C)CCC1C2,2.0267,6.845383784514991
[Li]<-N(C)=C(N)c1ccccc1,1.0217,7.389913944766607
[Li]<-Nc1cccc(C#CN)c1,0.5365000000000004,2.0883548669178933
[Li]<-S=C1NCC(=O)N1C(C)C,0.1114999999999997,1.8387783689363106
[Li]<-n1ccccc1C(=O)NN,-0.3149000000000006,9.318680093672345
[Li]<-S(C)Cc1ccc(C)cc1,2.8580200000000007,4.301497982826578
[Li]<-n1cc2cncc(C)c2s1,1.99972,8.651393247679259
[Li]<-n1cc(C(=O)OC)n(C)c1,0.2067,7.265125695775816
[Be]=C1Nc2ccccc2N1O,1.3039899999999998,8.005033597549284
[Li]<-NCc1ccc(Cl)c(Cl)c1,2.4521000000000006,2.3379313648994757
[Li]<-n1cc(Cl)c2cc[nH]c2c1,2.2162999999999995,7.604689973726825
[Li]<-n1ccc(C)c(C(C)=O)c1,1.59262,7.604689973726825
[Li]<-n1c(OCC)ccnc1N,0.4574999999999999,9.719023717494803
[Be]=C1NC(N)(C(=O)OC)NO1,-2.10741,6.1662552286129735
[Li]<-Nc1c(C)ccc(C)c1C,2.1940600000000003,2.0883548669178933
[Li]<-n1cnc(C(N)=O)c(O)c1,-0.7189000000000005,7.265125695775816
[Li]<-NCc1ccccc1C=C,1.7883,2.3379313648994757
[Li]<-n1cc(C(=O)OC)sc1C,1.23812,10.49017161661557
[Li]<-N=C1CCC1OC(C)(C)C,1.98367,1.963566617927102
[Li]<-S=C(NC(C)(C)C)N(C)C,1.221,1.963566617927102
[Li]<-N1=CN(S(=O)C=C)CCC1,0.5276,7.389913944766607
[Li]<-S=c1sc(NC)c(SC)s1,3.302690000000001,1.8387783689363106
[Li]<-S=NC(C)c1ccccc1,2.4781000000000004,1.4992140909853016
[Li]<-O=Bc1cccc(OC)c1,0.3701999999999998,2.4827127095377124
[Li]<-n1ccn(C(C)C(=O)O)c1,0.5287,7.265125695775816
[Li]<-n1cn(CC)cc1[N+](=O)[O-],0.8111999999999999,8.639551537770327
[Li]<-S=C1NCCN1CC(=C)C,0.7526000000000002,1.8387783689363106
[Li]<-S=c1cc1-c1ccccc1,2.9586900000000007,1.8387783689363106
[Li]<-S=C1NC(OCC)CCS1,1.3604,1.8387783689363106
[Li]<-n1cc(C)c(C=O)c(N)c1,0.78472,7.604689973726825
[Li]<-n1cc(N)cc(C(C)C)c1,1.7872,7.604689973726825
[Li]<-S=C(N)c1ccc(C)cc1,1.62922,1.8387783689363106
[Li]<-n1cccc(C(=O)C=C)c1,1.4503,7.604689973726825
[Li]<-N=C1C=CCC(N(C)C)=C1,1.41157,5.641123355799723
[Li]<-S=C1NCNCC1(N)CC,-0.4283999999999994,1.963566617927102
[Be]=C(NC)c1ccccc1C,1.60131,8.979115815721336
[Li]<-P1(c2ccccc2)CC1P,2.0085999999999995,5.516335106808932
[Li]<-N(N)=C(C)c1c[nH]cc1C,1.0058200000000002,7.389913944766607
[Li]<-n1ccc(CC=C)cc1C,2.11852,9.318680093672345
[Li]<-P1(OC)OCC(C)C(C)O1,1.9311,3.612781286145805
[Be]=C1N(C)C=CN1CCCO,0.0836900000000001,6.675984919843224
[Li]<-S=C(C)Sc1ccccc1,3.126000000000001,1.8387783689363106
[Li]<-N(=O)c1cc(F)cc(F)c1,2.3627,6.7205955355241995
[Li]<-n1ccc(C(=O)O)cc1C,1.08822,9.318680093672345
[Be]=C1C=CC(C)=C(OCC)O1,1.87959,6.845383784514992
[Li]<-N(CCCC)=C(C)N(C)C,1.7665000000000002,9.103904064712127
[Li]<-P(Cl)(OC)c1ccccc1,2.5090000000000003,7.488216473292535
[Li]<-N(C)NCc1ccccc1,0.9105999999999996,3.9619337048755683
[Li]<-n1cc(N)cc(C(C)=S)c1,1.4017000000000002,7.604689973726825
[Li]<-n1ccc(N=C(C)N)cc1,1.0901999999999998,7.604689973726825
[Li]<-N(CC=C)c1ccccc1,2.2845000000000004,4.051921484844995
[Li]<-n1cccc(NC(C)=O)c1,1.0399999999999998,7.604689973726825
[Li]<-S1CCNc2ccccc21,2.2042,3.9271332358542037
[Li]<-n1[nH]cc(C(F)(F)F)c1N,1.0107,8.639551537770327
[Li]<-NN(C)Cc1ccccc1,0.9921,3.5875689579031946
[Li]<-S=Cc1cccc(Cl)c1Cl,3.3412000000000006,1.963566617927102
[Li]<-N=C(CC)n1nccc1C,1.42689,5.4263473268395055
[Li]<-Nc1ccncc1C(=O)O,0.3620000000000001,2.0883548669178933
[Li]<-S(C)Cc1ccccc1C,2.8580200000000007,6.26506460075368
[Li]<-Nc1cc(C(C)=O)ccn1,0.8664000000000001,2.0883548669178933
[Li]<-n1cc(C)nc(C(C)=O)c1,0.98762,7.604689973726825
[Li]<-S=C1NC(N)(C(C)=O)CS1,-0.1483,1.8387783689363106
[Li]<-[S+](C)([O-])c1ccccc1C,1.73242,5.256181913560263
[Li]<-O=C1C=CC(N(C)C)=CC1,0.9609,5.516335106808932
[Li]<-n1c(N)nnn1C(C)(C)C,0.0102999999999998,7.835634732877517
[Li]<-P12OCC(CO1)C(C)(C)O2,1.6851,3.612781286145805
[Be]=C(C)NP(N(C)C)N(C)C,0.9847899999999998,3.837145455884777
[Li]<-p1(C(C)C)c(C)ccc1C,3.8709400000000014,9.318680093672345
[Li]<-N(C)=C(O)c1ccccc1,1.621,7.094960282496574
[Li]<-NC1(C)CC12CCCCC2,2.0580000000000003,2.0883548669178933
[Be]=C1NC=C(N)N1CC(=O)O,-1.26991,6.800773168834016
[Li]<-N(CCNC(C)=O)C(C)C,0.1204999999999998,4.176709733835787
[Li]<-n1ccc(C(Cl)(Cl)OC)[nH]1,1.6439999999999997,7.265125695775816
[Li]<-N(C)Cc1ccc(F)cc1,1.5451,4.42628623181737
[Li]<-S(c1ccccc1)C(C)O,2.117,3.8023449868634125
[Li]<-S1CCN(CC)CC1(C)C,1.8337,3.9271332358542037
[Li]<-Nc1ncccc1C(=O)O,0.3620000000000001,2.0883548669178933
[Li]<-n1cccc(C(=O)NO)c1,0.2006000000000004,7.604689973726825
[Li]<-n1ccn2cc(Cl)ccc21,1.9877,8.979115815721336
[Li]<-n1cnn(CC(C)(C)C)c1,1.3241999999999998,6.925561417824807
[Li]<-n1ccc(SC(C)C)nc1,1.9771,7.265125695775816
[Be]=C(NCCN)c1ccco1,0.2147899999999996,4.667041137627672
[Li]<-O=C(C)NC1CCCCC1,1.4552,5.301559077848714
[Li]<-O=C(CO)CN1CCCC1,-0.3564000000000002,5.641123355799723
[Li]<-N1=C2C(O)=CCC2N(C)C1,0.5445,7.265125695775816
[Li]<-O=c1ccn(CC)c(C)c1,1.17662,5.516335106808932
[Li]<-O=C(C)CN1CCOCC1,-0.0924,5.641123355799723
[Be]=C1NC(N)(CO)NC1(C)N,-2.502309999999999,10.26355387774642
[Li]<-P(CC(C)C)CC(F)(F)F,2.8832000000000013,4.301497982826578
[Be]=C1N(CC)C=CN1C(C)O,0.4296899999999999,6.675984919843224
[Li]<-S=C(NCC)NN=CCC,0.8662000000000001,1.8387783689363106
[Li]<-S=c1c(C)n[nH]c(=O)n1C,0.1463099999999998,2.0883548669178933
[Li]<-S=c1n(C)ccn1C(N)=O,0.4828900000000002,1.8387783689363106
[Li]<-O=C(C)NCOCCOC,-0.2570000000000001,5.176770828857923
[Li]<-NCc1ccc(C=O)cc1,0.9578,2.462719613890267
[Li]<-Nc1ncccc1C(C)=O,0.8664000000000001,3.292615295633161
[Li]<-S=C(N)Nc1ccncn1,0.1321,1.8387783689363106
[Be]=C1N(C)CC2CCCN1C2,0.64009,8.514763288779536
[Li]<-n1cn(COCC)cc1C,1.18552,7.140337446785025
[Li]<-P1(c2ccccc2)OC1C,2.085,4.881817166587889
[Li]<-Nc1ccc(C(=O)O)nc1,0.3620000000000001,2.0883548669178933
[Be]=C1N(C)C=CN1CCOC,0.34769,6.675984919843224
[Li]<-O=C([O-])Cn1cc[nH+]c1N,-2.3656999999999995,4.881817166587889
[Li]<-P(O)(OC)c1ccccc1,1.2625,4.372087475357638
[Li]<-N=C(C(=C)OCC)C1CC1,1.96637,5.641123355799723
[Li]<-[O-][n+]1ccccc1C(C)C,1.4433999999999998,1.624002339976093
[Li]<-N1=C(CCC)CC1CC=C,2.5759000000000007,7.479901724736034
[Li]<-P1(OC)OC=CC(C)(C)O1,2.1988000000000003,3.612781286145805
[Be]=C(NN)c1ccccc1C,0.8452100000000002,8.764339786761118
[Li]<-O=Cc1ccc(C=C)cc1,2.1421,3.9271332358542037
[Li]<-P(F)(F)c1nn(C)pc1C,2.18482,3.390247617726322
[Be]=C1N(C)C=C2NCC=CN12,0.1458900000000001,6.675984919843224
[Li]<-N#CC(N)c1ccccc1,1.20998,1.963566617927102
[Li]<-n1ccn(CCC(=C)C)c1,1.8493,7.265125695775816
[Li]<-[O-][S+]1CCC(C(C)(C)C)C1,1.8011,4.849048260815846
[Li]<-n1ccc(C=CCO)cc1,1.0871,7.604689973726825
[Be]=C1C=CC2=C(OCO2)N1C,0.70019,8.979115815721336
[Li]<-P(=CC(C)(C)C)C(C)(C)C,3.5794000000000024,3.8023449868634125
[Li]<-S=c1cccc(CCO)o1,1.54389,1.8387783689363106
[Be]=C=Nc1cccc(CC)c1,2.3351000000000006,3.337992459921612
[Li]<-N#CC(C)(C)C[Si](C)(C)C,2.8743800000000013,1.8387783689363106
[Li]<-N#CSCc1ccncc1,1.79588,1.8387783689363106
[Li]<-N(CCC)c1ccccc1,2.5085000000000006,4.051921484844995
[Li]<-S1CC(C)c2ccccc21,2.8958000000000013,3.9271332358542037
[Li]<-S=c1n(C)ccn1C(C)=O,1.21619,1.8387783689363106
[Li]<-n1c(C)nnn1CC(=O)O,-0.93388,8.175199010828527
[Li]<-S=C(Cc1cc[nH]c1)NC,1.104,1.8387783689363106
[Li]<-n1cnn(CC(C)(C)N)c1,0.0153999999999996,6.925561417824807
[Li]<-[O-][n+]1ccc(C(C)Cl)cc1,1.6198,1.4992140909853016
[Be]=C=Nc1ccccc1OC,1.7813,3.337992459921612
[Li]<-n1cnc(O)c(C(N)=O)c1,-0.7189000000000003,7.265125695775816
[Li]<-n1cnc2ncsc2c1N,0.6685000000000001,8.639551537770327
[Li]<-NCc1cccc(OC)c1,1.1539,2.462719613890267
[Li]<-O=C(CN)c1ccccc1,0.828,5.641123355799723
[Li]<-N#Cc1ccc(C#N)cc1,1.42996,1.8387783689363106
[Li]<-S1C2CCC1(N(C)C)CC2,1.9337,11.65661145857182
[Li]<-n1cnc(C(C)=O)c(O)c1,0.3848,7.265125695775816
[Li]<-n1ccccc1N=C(C)C,2.1939,8.979115815721336
[Li]<-[O-][n+]1cccc(C(C)C)c1,1.4434,1.4992140909853016
[Li]<-S1Cc2ccc(C)cc2C1,2.741820000000001,4.176709733835787
[Li]<-NCC12C=CC(C1)C(=O)C2,0.4803999999999997,2.3379313648994757
[Li]<-n1c(C)ncc2[nH]cnc21,0.6613199999999999,10.353541657715846
[Li]<-N#Cc1cccc(OC)c1,1.5668799999999998,1.8387783689363106
[Li]<-NC1CCCCC1C(=O)O,0.5884999999999998,2.2131431159086845
[Li]<-Oc1ccccc1C(C)C,2.5156000000000014,2.0883548669178933
[Li]<-OCc1cccc(OC)c1,1.1874999999999998,2.3379313648994757
[Li]<-O1Cc2ccccc2OP1,2.1041000000000003,7.219802985760028
[Li]<-S=C1CN(C(C)C)C(=C)N1,1.0986,1.8387783689363106
[Li]<-N=C(CC)ON1CCCC1,1.40107,5.006605415578681
[Li]<-N#CCc1ccc(Cl)cc1,2.40608,1.8387783689363106
[Li]<-n1ccc(C[N+](=O)[O-])cc1,0.8582999999999998,7.604689973726825
[Li]<-n1[nH]c(=N)n(C)c(=O)c1C,-1.1037100000000004,8.979115815721336
[Be]=C(NC(C)N)c1ccoc1,0.5607899999999999,5.4263473268395055
[Li]<-n1ccccc1C(=O)NC,0.4412000000000001,9.318680093672345
[Li]<-N#Cc1ccc(C)cc1C,2.17512,1.8387783689363106
[Li]<-n1cc2[nH]cnc2nc1Cl,1.0063,7.140337446785025
[Li]<-NN=Cc1ccccc1O,0.6848000000000001,1.7487905889668844
[Li]<-n1[nH]c(C(C)(C)C)nc1N,0.6843999999999999,8.299987259819318
[Li]<-Nc1ccncc1C(C)C,1.7872,2.0883548669178933
[Li]<-n1c(N)cn2cnccc21,0.3115000000000002,8.514763288779536
[Li]<-n1cccc(CC(C)O)c1,1.0049,7.604689973726825
[Li]<-n1cnc(C(N)=O)c(O)c1,-0.7189000000000005,7.265125695775816
[Li]<-N#CC(C)N1CCNCC1,-0.19632,1.963566617927102
[Li]<-n1cnccc1C(=O)OC,0.2631999999999999,8.979115815721336
[Li]<-n1cnc2[nH]cnc2c1C,0.6613199999999999,8.979115815721336
[Li]<-n1ccn(C)c1CN(C)C,0.4816999999999998,7.140337446785025
[Li]<-O=C(CN(CC)CC)OC,0.5011999999999999,5.006605415578681
[Li]<-NCCC(=O)OCCCC,0.6785,2.3379313648994757
[Li]<-S=c1[nH]c(C(C)C)nn1C,1.60109,1.8387783689363106
[Li]<-n1cn(CCCl)cc1CC,1.6843,8.979115815721336
[Li]<-N(=CC(C)(C)C)C(C)(C)C,2.901800000000001,11.282246711599447
[Li]<-N#CSCc1ccccc1,2.40088,1.8387783689363106
[Be]=C(N(CC)CC)C(F)(F)F,1.92929,9.34275307097925
[Li]<-n1ccc(CC(C)=O)cc1,1.2131,7.604689973726825
[Li]<-N1=CC(C(C)=O)C(C)(Cl)C1,1.2735,7.729478222717616
[Li]<-N1=CC(C)C(C)([N+](=O)[O-])C1,0.7423,7.729478222717616
[Li]<-OCc1ccc(OC)cc1,1.1874999999999998,2.2131431159086845
[Li]<-N(=CC)c1ccc(C)cc1,2.717220000000001,9.318680093672345
[Li]<-Nc1ccc(SCC)cc1,2.3808000000000007,2.0883548669178933
[Li]<-P(C)(C=C)c1ccccc1,2.567100000000001,5.890699853781306
[Be]=C1NC=C(C(C)SCC)S1,2.30209,8.31182896972825
[Li]<-n1ccc(C(C)=NO)cc1,1.2798,7.604689973726825
[Li]<-Nc1ccccc1C(=O)O,0.967,2.0883548669178933
[Li]<-[O-][N+]1=C(C)C=CC(C)(C)C1,1.5536,3.4627807089124034
[Li]<-N(C)=CNC1CCCCC1,1.5668,5.675923824821088
[Be]=CNc1c(C)cccc1C,2.26093,3.5875689579031946
[Be]=C(Cc1ccccc1)NC,1.48729,7.389913944766607
[Li]<-P(O)C(O)c1ccccc1,1.2632999999999996,3.4174035446239523
[Li]<-n1csc(-c2cccs2)c1,2.871600000000001,10.61495986560636
[Li]<-S=c1[nH]ccn1C(C)C=C,2.29269,1.8387783689363106
[Li]<-n1cccc(C(S)S)c1C,2.2482200000000008,9.443468342663136
[Li]<-n1cc(C(C)=N)n(CC)c1,1.2907699999999998,7.265125695775816
[Li]<-S=c1ssc(OCC)c1C,3.2462100000000014,1.8387783689363106
[Li]<-n1cc(O)cc(C#N)c1C,0.9673,9.318680093672345
[Li]<-P(OC(C)(C)C)C(C)(C)C,3.193500000000002,3.16782704664237
[Li]<-S1Cc2ccccc2C1N,1.8907,4.051921484844995
[Li]<-n1cccc2cnccc21,1.6298,9.318680093672345
[Be]=C1N(C)C=CN1C(C)CC,1.49979,6.675984919843224
[Li]<-n1csc(-n2ccnc2)c1,1.3287999999999998,10.61495986560636
[Li]<-S=C1NCCCN1C(C)C,0.975,1.8387783689363106
[Be]=C1N(CC)C=CN1C(C)C,1.49979,6.675984919843224
[Li]<-[O-][N+]1=CC=CC(C)C1(C)C,1.552,3.4627807089124034
[Li]<-P1(C(C)(C)C)OC12CCC2,3.092200000000002,4.881817166587889
[Li]<-P1(Cl)OCCC(C(C)C)O1,2.913600000000001,6.853698533071493
[Li]<-N1=C(C)N(CC)CC1(C)C,1.5189,12.781460802584748
[Li]<-P(C)(OC(C)=O)C(C)(C)C,2.3747000000000007,5.1313936645694715
[Li]<-n1cn(C)cc1C(F)(F)F,1.4389,7.140337446785025
[Li]<-P1(F)C2CCC(OC)CC21,2.3025,4.453291362267627
[Li]<-[N-]=[N+](C)c1ccccc1C,2.29042,5.176770828857923
[Li]<-n1c(C)ccc2c1CNC2,0.99322,9.193891844681554
[Li]<-NCc1ccnc(C=C)c1,1.1833,2.462719613890267
[Li]<-S=C(C)N(C(C)C)C(C)C,2.452500000000001,1.8387783689363106
[Li]<-N(Cc1ccsc1)C(C)C,2.2461,4.176709733835787
[Li]<-N(=Cc1cnc[nH]1)C(C)C,1.237,9.568256591653928
[Li]<-n1nn(CCC=C)cc1C,1.16262,6.675984919843224
[Be]=C1NC(N)=C(I)N1C(C)C,0.8165900000000001,6.800773168834016
[Li]<-O=Cc1cn(C(C)O)cn1,0.2063999999999999,3.8023449868634125
[Li]<-n1cnc(C(N)=O)c(N)c1,-0.8423000000000005,7.265125695775816
[Be]=C(C)Nc1ccccc1I,2.7617900000000004,5.675923824821088
[Li]<-Nc1ccccc1C(C)C,2.3922,2.2131431159086845
[Li]<-O=Cc1ccccc1SC,2.221,3.8023449868634125
[Li]<-n1c(C)cn(CO)c1CO,-0.36638,7.0155491977942335
[Li]<-n1[nH]c(C(F)(F)F)cc1N,1.0107000000000002,7.140337446785025
[Li]<-S=C(C(=O)C=CC)N(C)C,1.0206,1.8387783689363106
[Li]<-n1ccn(CCSCC)c1,1.6362,7.265125695775816
[Be]=C(n1cccn1)C(C)(C)C,1.81609,10.353541657715846
[Be]=C1N(C)C=CN1C(C)(C)C,1.49979,6.675984919843224
[Li]<-NCc1ccc(F)c(F)c1,1.4235,2.3379313648994757
[Li]<-n1c(C)[nH]c(CN)c1CO,-0.3308800000000002,7.0155491977942335
[Li]<-n1[nH]c(C(C)=O)c(O)c1C,0.62632,7.140337446785025
[Be]=C=Cc1ccccc1OC,2.01839,3.8023449868634125
[Li]<-n1cccc(C(O)OC)c1,0.7189,7.604689973726825
[Li]<-n1cc(N(C)C)ccc1N,0.7298,8.979115815721336
[Be]=C1N(CC)CCN1CCO,-0.38751,6.675984919843224
[Li]<-S=c1[nH]ccn1CCCC,2.34579,1.8387783689363106
[Li]<-S=c1[nH]c(=O)[nH]c(N)c1C,0.3231100000000001,1.8387783689363106
[Li]<-S=C(NC)C(=C)C(C)(C)C,2.1355000000000004,2.0883548669178933
[Li]<-S=C(CN(C)C)C(C)(C)C,1.964,1.963566617927102
[Be]=C1NC=C(N)N1CN(C)C,-0.8354099999999989,6.800773168834016
[Li]<-S=C(C)NC1CCCCC1,2.256,1.8387783689363106
[Li]<-N(C)=C(C)c1ccccc1,2.1254,7.854266471708408
[Li]<-p1(O)cc(C)c(C)c1CC,2.6078400000000017,5.00660541557868
[Li]<-S=c1[nH]c(=O)c(C)nn1C,0.1463099999999998,1.8387783689363106
[Li]<-n1cc(C(=C)C)n(C=C)c1,2.0167,7.265125695775816
[Be]=C1NC(N)=C(C(C)(O)O)S1,-0.8523099999999999,8.31182896972825
[Li]<-N=C(CC)OCC(F)(F)F,1.95257,5.006605415578681
[Li]<-S=C(C(=O)SCC)N(C)C,1.1551,1.963566617927102
[Li]<-P(c1ccccc1)C(C)C,2.3988000000000005,3.9271332358542037
[Be]=C1NC=C(N)N1C=C(C)C,0.5691900000000001,6.800773168834016
[Li]<-N(C(C)C)C(C)C(=O)OC,0.5458999999999996,4.051921484844995
[Li]<-n1nn(C)c2c1CCCC2,0.6939,6.675984919843224
[Li]<-S=c1[nH]c(N)cn1C(C)C,1.7087899999999998,1.8387783689363106
[Li]<-NCc1c(F)cccc1F,1.4235,2.3379313648994757
[Li]<-n1c(C)cc(C)cc1OC,1.70704,10.398152273396821
[Li]<-S=c1[nH]ccn1C(C)(O)O,0.1604899999999999,1.8387783689363106
[Li]<-n1[nH]c(C)cc1C(C)(C)C,2.01562,7.140337446785025
[Be]=C1NC(Cl)=NC(N)NC1N,-1.6601099999999995,6.585997139873798
[Li]<-O=Cc1ccccc1OC,1.5076999999999998,5.006605415578681
[Li]<-n1[nH]c(C)cc1C(F)(F)F,1.7369199999999996,7.140337446785025
[Li]<-n1ccc(CN(C)C)cc1,1.1432,7.604689973726825
[Li]<-O=C(CO)C1CC(C)CN1,-0.4542000000000004,5.641123355799723
[Li]<-n1cc(O)cc(C(N)=O)c1,-0.1139,7.604689973726825
[Li]<-N1=CSC(n2cccn2)C1,1.1568,5.890699853781306
[Li]<-N1=C(C(=O)O)CCC1(C)O,0.0142999999999999,12.361718891323925
[Li]<-P(C(C)(C)C)C1(C)CC1C,3.2619000000000016,3.8023449868634125
[Li]<-n1cc(C)c(C(F)(F)F)[nH]1,1.73692,7.265125695775816
[Li]<-P1(c2ccccc2)CC1O,1.1258,5.516335106808932
[Li]<-P1(C)Oc2ccccc2O1,2.3995000000000006,4.372087475357638
[Li]<-n1ccn(CCC(C)C)c1,1.9292,7.265125695775816
[Li]<-N1=C(O)C=P2=CC(C)=NN12,0.5643,6.3810312575731905
[Li]<-NCc1cccc(SC)c1,1.8672,2.462719613890267
[Li]<-P1(C)CC1c1ccccc1,2.8530000000000006,5.765911604790515
[Li]<-n1c(C)ccc2[nH]ccc21,1.87132,9.193891844681554
[Be]=C1CC(C)(N(C)C)OC1C,1.15429,8.933738651432886
[Li]<-N1=CC=CCC1C(=O)OC,0.5586999999999999,9.443468342663136
[Li]<-n1cn(C)c2c1CNCN2,-0.1073000000000003,7.140337446785025
[Be]=C1CC2CNCN(C1)C2N,-0.7649099999999998,7.514702193757399
[Li]<-NCc1ccc(OC)cc1,1.1539,2.462719613890267
[Li]<-n1ccccc1N=CC#N,1.30748,8.979115815721336
[Be]=C=NC1C=CC(SC)=CC1,2.0164,3.4627807089124034
[Li]<-Nc1ccc(C)c(I)c1C,2.490240000000001,2.2131431159086845
[Li]<-n1[nH]c(C)cc1C(C)(C)O,0.94552,7.140337446785025
[Li]<-[S+]([O-])(CC)c1ccccc1,1.8141,5.1313936645694715
[Li]<-N1C=C(C(F)(F)F)C=CC1,1.592,4.176709733835787
[Li]<-N(CC(=O)OC)CC(C)C,0.4049999999999998,4.42628623181737
[Li]<-O=C(CN)c1ccccc1,0.828,5.641123355799723
[Li]<-O=C(O)C1CCC(N)NC1,-0.6446000000000003,5.00660541557868
[Be]=C(C)Nc1ccccc1Br,2.919690000000001,5.80071207381188
[Li]<-[O-][n+]1ccccc1[N+](=O)[O-],0.2281999999999999,2.7034745197005696
[Li]<-n1cccc(CC(N)=O)c1,0.1093999999999997,7.604689973726825
[Li]<-O=C(N)c1ccccc1C,1.09392,5.301559077848714
[Li]<-N(CC)=C(C)N(C)C(C)C,1.7649,9.103904064712127
[Li]<-S=C(C(=C)C)c1ccco1,2.5737000000000005,1.8387783689363106
[Li]<-P(C)(CO)C1CCCCC1,2.3806000000000003,6.3898528497444715
[Li]<-S(C)Cc1ccc(F)cc1,2.6887000000000008,4.301497982826578
[Be]=C1NC(C#N)=C(C#N)N1C,-0.22355,6.800773168834016
[Li]<-n1cc(C)cc(C(C)=O)c1,1.59262,7.604689973726825
[Li]<-n1ccc(O)c(C=NC)c1,0.8359000000000001,7.604689973726825
[Li]<-S=C(NCC)NC(C)(C)C,1.2689,1.8387783689363106
[Be]=C1N(CC)C=CN1C(F)F,1.31399,6.675984919843224
[Li]<-n1cc(C)nc(C(=C)O)c1,1.31372,7.604689973726825
[Be]=C1Sc2ccccc2N1C,2.2247900000000005,11.86459745861008
[Be]=C(C)C(=C)c1ccccc1,2.8009900000000005,6.015488102772097
[Li]<-n1cncn1C(C)C(C)C,1.4951,8.639551537770327
[Be]=C1NN=C(OC)N1C(C)C,0.2136899999999997,6.4612088908830065
[Li]<-n1cnn(C(C)=C(C)C)c1,1.5489,6.925561417824807
[Li]<-N1=C(N)N(C(C)(C)C)CC1,0.4152000000000001,8.764339786761118
[Li]<-n1csc(-c2cncs2)c1,2.2666000000000004,10.61495986560636
[Li]<-S=C1CNC(N)N1C(C)C,-0.1302999999999999,1.8387783689363106
[Li]<-n1cc(I)cc(C(C)=O)c1,1.8888,7.604689973726825
[Li]<-N#Cc1cccc(F)c1F,1.83648,3.6775567378726213
[Li]<-N#Cc1ccccc1OC,1.5668799999999998,1.8387783689363106
[Be]=C1N(C=C)CC1(C)N(C)C,0.8045899999999999,8.639551537770327
[Li]<-NC(C)(C)Cn1ccnc1,0.6204,2.0883548669178933
[Li]<-n1ccc(C=NCC)cc1,1.5204,7.604689973726825
[Li]<-n1cc(C(C)=O)ccc1N,0.8664000000000001,8.979115815721336
[Li]<-S=C1N(CC)CCN1CC,0.9286999999999996,1.8387783689363106
[Li]<-NCc1ccccc1C=O,0.9578,2.462719613890267
[Li]<-n1cccn1C(C)C(N)=O,-0.0706000000000003,8.979115815721336
[Li]<-S=C1NCCN1CC(C)=O,-0.2344999999999998,1.8387783689363106
[Li]<-[As](C)(CC)c1ccccc1,2.0381,5.890699853781306
[Li]<-n1ccn(C(C)(C)C)c1Cl,2.2915,7.140337446785025
[Li]<-S=C(NC)NN(CC)CC,0.3370999999999998,1.963566617927102
[Li]<-O=c1cc(SCC)cc[nH]1,1.4869,5.301559077848714
[Li]<-O=C(OCC)c1cc[nH]c1,1.1914,4.881817166587889
[Li]<-N=C(CC)c1ccccc1,2.4644700000000004,5.765911604790515
[Be]=C1N(CC)CCN1C(C)C,1.02859,6.675984919843224
[Li]<-S1c2ccccc2CC1C,2.723300000000001,3.8023449868634125
[Li]<-S1CCN(CC(C)=O)CC1,0.6242,4.176709733835787
[Li]<-Nc1ccc(C=O)cc1I,1.6859000000000002,2.0883548669178933
[Li]<-P(O)(C=C(C)C)C(C)(C)C,3.097800000000002,5.00660541557868
[Li]<-S=c1[nH]c(N)cn1C(C)O,0.63869,1.8387783689363106
[Li]<-n1ccc(C=C(C)C)cc1,2.5048000000000004,7.604689973726825
[Li]<-O(CC(=O)O)CC(F)(F)F,0.6498999999999999,4.176709733835787
[Li]<-P1(C)C2CCCC1CCC2,3.203100000000002,6.140276351762889
[Li]<-N#CCSc1ccccc1,2.3022800000000005,1.8387783689363106
[Li]<-S=c1[nH]c(C)c(C)n1CC,2.18243,1.8387783689363106
[Li]<-Nc1cccc(C(C)C)c1,2.3922,2.0883548669178933
[Li]<-P(N1CCCC1)C(C)(C)C,2.4742000000000006,3.4627807089124034
[Be]=C1CCN1c1ccccc1,1.93549,5.4263473268395055
[Li]<-n1cccc(C)c1OCC,1.78872,8.684162153451302
[Li]<-n1ccc(N)c(C(C)=O)c1,0.8664000000000001,7.604689973726825
[Be]=C=NC1(C)NOCC1(C)C,0.7182,3.4627807089124034
[Li]<-Nc1cccc(C(C)=O)c1,1.4714,2.0883548669178933
[Li]<-n1cccc(CCl)c1CCl,2.5592000000000006,9.318680093672345
[Li]<-N1=C(N)C=CN(C(=O)O)C1,-0.1915999999999998,8.764339786761118
[Li]<-n1ncn(C(C)(C)C)c1N,0.6153000000000001,8.175199010828527
[Li]<-N1=C2SCC(=O)N2CCC1,0.3215000000000001,7.389913944766607
[Be]=C(C#N)NC1CCCCC1,1.47107,4.961994799897705
[Li]<-n1c(C)c(=O)[nH]c(=O)n1C,-1.22298,10.817894184657646
[Be]=C1NCC2CCCCCN12,0.83049,6.800773168834016
[Li]<-n1cccc(CN=C=O)c1,0.9174,7.604689973726825
[Li]<-n1ccc(CC(=O)O)cc1,0.7087000000000001,7.604689973726825
[Li]<-S=C(NC)c1nccn1C,0.3149999999999999,1.8387783689363106
[Li]<-N1OC(C=C(C)C)=NC1N,0.1282,8.254610095530866
[Li]<-[O-][n+]1ccccc1C(C)=O,0.5226000000000001,1.7487905889668844
[Li]<-n1ccc(C(C)(O)O)cc1,0.2388999999999999,7.604689973726825
[Li]<-N(C)Cc1cccc(F)c1,1.5451,4.551074480808161
[Li]<-P1(CC(C)CO)OC1(O)O,-0.3622000000000001,5.1313936645694715
[Li]<-n1cc2cccc(Br)c2[nH]1,2.3253999999999992,7.265125695775816
[Li]<-S=C(N)NC1CCCCC1,1.1523,1.8387783689363106
[Li]<-S=C(N)Nc1ncccn1,0.1321,1.8387783689363106
[Be]=C1Nc2ccccc2N1C,1.54459,6.800773168834016
[Li]<-S=C(N=C(C)NC)N(C)C,0.4707000000000001,1.8387783689363106
[Li]<-n1csc2c(C)cccc21,2.6047200000000013,12.32894998555188
[Li]<-P(C)(COC)c1ccco1,1.6205,6.140276351762889
[Li]<-N(=Cc1ncc[nH]1)C(N)=S,0.0721999999999998,7.140337446785025
[Li]<-P(CC(C)C#N)C(C)(C)C,2.6230800000000007,4.051921484844995
[Be]=C1N(C)CCN1Cc1ccncc1,0.8252900000000001,6.675984919843224
[Be]=C1OC=C(C)N1c1ccc(I)cc1,2.985390000000001,6.3810312575731905
[Li]<-n1ccc(N2CCOCC2)cc1C,1.2266199999999998,9.318680093672345
[Be]=C1CN(c2ccccc2)C1=C(C)C,2.8817900000000014,5.4263473268395055
[Li]<-N1=CC23C=CC=CC2(C=CC=C3)N1,1.5526,7.265125695775816
[Li]<-n1ccc2cc(C(C)=O)ccc2c1,2.4374,7.604689973726825
[Li]<-O=C1CN(c2ccccc2)CN1C,0.9225,5.176770828857923
[Be]=C(Nc1ccccc1)c1ccco1,2.778590000000001,8.344597875500293
[Li]<-n1cccc(C2SC=C(OC)S2)c1,3.0055000000000014,7.604689973726825
[Li]<-N(Cc1ccccc1)=C(C)N(C)C,2.1666,9.103904064712127
[Li]<-n1cn(CC)c2ncn(COC)c21,0.8565999999999998,7.140337446785025
[Li]<-NCc1ccc2ccccc2c1,2.2985000000000007,2.462719613890267
[Li]<-N1=COC(C)(C)C1c1ccncc1,1.9598,8.808950402442093
[Li]<-n1cccc(N(C(C)C)C(C)C)c1,2.7048000000000005,7.604689973726825
[Be]=C1Nc2ccccc2N1CCOC,1.56119,6.800773168834016
[Li]<-n1occ(N)c1-c1ccccc1C,2.23222,6.7205955355241995
[Be]=C1CC(=Nc2ccccc2)N1C=C,2.604590000000001,5.4263473268395055
[Li]<-N#CC(C)Nc1c(Cl)cccc1Cl,3.317380000000001,1.8387783689363106
[Li]<-N(=c1cc1C(C)(C)C)C(C)C(C)C,2.804900000000001,7.479901724736034
[Li]<-n1cccc(N)c1-c1ccccc1,2.3308,9.318680093672345
[Li]<-n1nn(CC(C)=O)c2ccccc21,1.0202999999999998,6.675984919843224
[Li]<-n1ccc(NC2CCCCC2)cc1,2.826200000000001,7.604689973726825
[Li]<-NN=CC(=O)c1cccc(OC)c1,0.8224,1.7487905889668844
[Li]<-O=CC(C)(c1ccncc1)N(C)C,1.0573,3.8023449868634125
[Li]<-n1cn(CC)c2c(=S)n(C)cnc21,1.5191899999999998,8.639551537770327
[Li]<-Nc1ccc(C)c(C)c1C(=O)OC,1.6722400000000002,2.0883548669178933
[Li]<-Nc1cccc(-c2ccccc2)n1,2.3308,2.0883548669178933
[Li]<-P(F)(Oc1ccccc1)C(C)(C)C,4.145300000000003,3.9435616710373758
[Be]=C1OC=C(C)C(C=CC(=O)O)=C1O,1.41209,7.924855964239468
[Li]<-N=c1cc(-c2ccccc2)cc[nH]1,2.16117,5.4263473268395055
[Li]<-n1ccn(-c2ncncc2OC)c1,0.6708999999999998,7.265125695775816
[Li]<-NCc1cc(=O)oc2ccccc12,1.2517,2.462719613890267
[Li]<-O=c1[nH]c2cccc(C(C)C)c2[nH]1,1.9796,4.837206550906914
[Li]<-n1cn(CC(C)N)c2ccccc21,1.3834999999999995,7.140337446785025
[Li]<-O=C1CC=Cc2ccc(F)cc21,2.4253,5.641123355799723
[Li]<-S1Cc2ccc(C(F)(F)F)cc2C1,3.4522000000000013,4.176709733835787
[Li]<-n1cccc(-c2cccc[n+]2[O-])c1,1.382,7.604689973726825
[Li]<-P12CN3CN(C1)C(N(C)C)N(C3)C2,0.0478000000000002,6.140276351762889
[Li]<-n1ccn(C(=O)c2ccccc2)c1,1.5716,7.265125695775816
[Li]<-n1cccc(-c2c(C)c[nH]c2C)c1,2.6935400000000005,7.604689973726825
[Li]<-n1ccn(C(C)(C(C)=O)C(C)C)c1,1.8433,7.265125695775816
[Li]<-n1nnc(C)n1Cc1ccccc1,1.02982,8.175199010828527
[Li]<-O=Cc1cccc(C(=O)OC)c1C,1.59412,3.9271332358542037
[Li]<-Nc1cc(C)c(C)c(CC(=O)O)c1,1.51274,2.0883548669178933
[Li]<-N1=CSC(Nc2cccc(C)c2)C1,2.508120000000001,10.739748114597152
[Li]<-n1ccccc1-c1cccc[n+]1[O-],1.382,9.318680093672345
[Be]=C1N(C)C=CN1C(C)C(=O)OCC,0.65289,6.675984919843224
[Li]<-n1c(C(=O)OC)sc2ccccc21,2.0829,12.204161736561089
[Li]<-n1ccn(-c2c(C)ncnc2C)c1,1.27914,7.265125695775816
[Li]<-N1=CN(Cc2ccccc2)CCC1,1.9206,7.389913944766607
[Li]<-n1ccc(C=C(C#N)C(C)=O)cc1,1.57758,7.604689973726825
[Li]<-n1ccc(-c2ccccc2N)cc1,2.3308,7.604689973726825
[Be]=C1NC(c2ccccc2)=NN1CC,1.2695900000000002,6.4612088908830065
[Li]<-n1csc(-c2cccc(SC)c2)c1,3.532000000000002,10.61495986560636
[Li]<-n1c(C)c(C)cn1-c1cccnc1,1.88414,8.854327566730545
[Li]<-N1=COC(c2ccc(SC)cc2)C1,2.5081000000000007,7.094960282496573
[Li]<-N(=Cc1cccs1)c1ccccc1,3.4987000000000013,9.318680093672345
[Li]<-n1c(C)ccn1Cc1ccccc1,2.23982,7.0155491977942335
[Be]=C(C)Nc1cccc2ccccc12,3.310390000000001,5.675923824821088
[Li]<-[Se]1CCC(c2cccc(OC)c2)[Se]1,1.8817,9.326584340788775
[Li]<-P1(c2ccccc2)C2CCCCC21,3.1186000000000016,5.765911604790515
[Li]<-N(=CNC(C)C)c1ccccc1O,2.0500000000000003,8.979115815721336
[Li]<-N1=COC(c2cccc(OC)c2)C1,1.7948,7.094960282496573
[Li]<-n1cc(N)n(-c2ccccc2F)c1,1.5936,7.265125695775816
[Be]=C1CC2(CC3C=CC2O3)NC1(C)N,0.2019899999999999,10.603118155697429
[Be]=C(N)n1cncc1-c1ccccc1,1.35319,7.050349666815598
[Li]<-N1=COC(c2cccnc2)C1(C)C,1.9598,10.897305269359986
[Li]<-n1cc(C)n(Cc2ccccc2)n1,1.63482,6.800773168834016
[Li]<-n1cccc(-c2nnc(C)n2C)c1,1.1855199999999997,7.604689973726825
[Li]<-NCC(C)c1ccccc1C(C)C,2.8722000000000003,2.3379313648994757
[Li]<-n1cc(C(C)=O)cc(C(C)=NO)c1,1.4824,7.604689973726825
[Li]<-N1=CC=CC(c2ccccc2)C1N,1.6956,9.103904064712127
[Li]<-n1cc(C)cn1C=Cc1cnc[nH]1,1.5425199999999997,8.979115815721336
[Li]<-N#CC1=CN([Si](C)(C)C)CCCC1,2.7146800000000004,1.8387783689363106
[Li]<-O=C1CC2CC1(C)C(=O)C2(C)OC,0.9596,5.516335106808932
[Li]<-P(C)(O)C(O)(CC)c1ccccc1,2.2607000000000004,5.380970162551054
[Li]<-P1(C)Oc2ccccc2C(=O)N1C,2.0927,4.667041137627671
[Li]<-n1ccc(-c2ccc(N)cc2)cc1,2.3308,7.604689973726825
[Li]<-n1cccc(-c2ccccc2)c1N,2.3308,8.979115815721336
[Li]<-n1cc(C)cc(N2CCCCC2)c1,2.38032,7.604689973726825
[Li]<-N1CC(C(=O)OC)c2ccccc21,1.3687,5.890699853781306
[Li]<-S=Cc1cccc(C(F)(F)F)c1,3.0532000000000004,1.963566617927102
[Be]=C1N(CC(C)C)CCN1CC(C)C,1.91229,6.675984919843224
[Li]<-[N-]=[N+]=C(c1ccccc1)[Si](C)(C)C,2.5829000000000004,3.337992459921612
[Li]<-P(C)(Oc1ccccc1F)C(C)C,3.6396000000000015,5.256181913560263
[Li]<-n1ccn(-c2ccccc2C=C)c1,2.5153000000000008,7.265125695775816
[Li]<-n1cccc2c(C(=O)O)cccc21,1.933,9.318680093672345
[Li]<-p1(-c2ccccc2)c(C)ccc1C,4.279240000000003,9.193891844681554
[Be]=C1N(CC)C=CN1C1CCCCC1,2.4240900000000005,6.675984919843224
[Li]<-n1cccc(C=[N+]([O-])C(C)(C)C)c1,1.8093,7.604689973726825
[Be]=C1N(CC(C)C)C=CN1C(C)(C)C,2.525990000000001,6.675984919843224
[Li]<-O=C(CC)Nc1cccc(CC)c1,2.597500000000001,5.4263473268395055
[Li]<-O=c1ccc2ccc(OC)cc2o1,1.8016,4.88181716658789
[Li]<-O=Cc1cc(OC)cc(OC)c1,1.5162999999999998,3.8023449868634125
[Li]<-P1(c2nccn2C)C(C)CCC1C,2.0981,5.516335106808932
[Li]<-N=c1[nH]c(Cl)cn1CC(=O)OCC,0.51217,4.961994799897705
[Li]<-N=c1n(C)ccn1-c1ccccc1,1.29527,4.961994799897705
[Be]=C1SC2C=CC=CC2(N)N1C(C)C,1.58949,8.187040720737459
[Be]=C1N(C)C=CN1Cc1ccncc1,1.29649,6.675984919843224
[Be]=C1N2C=CC=CC2=C(CC)N1CC,2.3252900000000007,6.675984919843224
[Li]<-N(CC)Cc1ccc(C(C)=O)cc1,1.9987,4.301497982826578
[Li]<-n1ncn(Cc2ccncc2)c1C,1.02982,6.675984919843224
[Li]<-n1ccn(Cc2ccncc2)c1,1.3263999999999998,7.265125695775816
[Li]<-S=C1N(C)CCN1c1ccccc1,1.7233,1.8387783689363106
[Li]<-N(=CC(C)(C)C)Nc1ccccc1,3.1304000000000016,7.265125695775816
[Be]=C1OCC2c3ccccc3CCN12,1.61229,6.3810312575731905
[Li]<-n1c(NC(C)C)oc2ccccc21,2.6481000000000003,10.058587995445812
[Li]<-N1=CN(c2ccc(C=C)cc2)CC1,2.1779,7.389913944766607
[Li]<-n1nn(Cc2ccccc2)cc1C,1.63482,6.675984919843224
[Li]<-N1=CSCC1Nc1ccc(Cl)cc1,2.8531000000000004,12.114173956591662
[Li]<-n1cn(C)nc1-c1cccc(F)c1,1.6211999999999998,6.800773168834016
[Li]<-P1(C(C)C)OC(C(C)(C)C)P(Cl)O1,4.676400000000004,6.086077595303157
[Li]<-n1cccc(Cc2ccsc2C)c1,3.042320000000001,7.604689973726825
[Li]<-P(C(C)C)(C(C)C)n1cc(C)cn1,3.253320000000002,5.4263473268395055
[Li]<-Nc1ccc(C(C)C)c(C(C)C)c1,3.515600000000002,2.0883548669178933
[Be]=C1NC(C#C[Se]C(C)C)=C(N)N1C,0.13889,6.800773168834016
[Li]<-n1c(C(C)C)n(C)c2ccccc21,2.6967000000000008,8.854327566730545
[Be]=C(NC(C)(C)C)c1ccc(C)cc1,2.770010000000001,8.979115815721336
[Li]<-n1cc(C)n(-c2ccc(C)cc2)c1,2.489140000000001,7.265125695775816
[Li]<-N#Cc1cccc(OCC#N)c1,1.46066,1.8387783689363106
[Li]<-O=c1cc[nH]c2c(Br)cc(C)cc12,2.5990200000000003,5.641123355799723
[Li]<-[As](C)(COCC)Cc1ccccc1,2.4686000000000003,6.3898528497444715
[Li]<-n1nnc(C)n1Cc1ccccc1,1.02982,6.336420641892215
[Li]<-N#Cc1cccc(OC(F)(F)F)c1,2.45688,1.8387783689363106
[Li]<-N(=c1c(N(C)C)c1N(C)C)C(C)C,1.0033,7.604689973726825
[Li]<-O=Cc1cccc(-n2ccnc2)c1,1.6848,3.9271332358542037
[Li]<-n1[nH]c(-c2ccc(C)cc2)cc1C,2.6935400000000005,7.140337446785025
[Li]<-S=C1C=CC=CC1N1CCCCC1,2.3368,1.8387783689363106
[Li]<-n1cn(Cc2ccccc2O)cn1,1.0320000000000005,6.800773168834016
[Be]=C1C=C(c2ccccc2)N(C)N1C,1.85849,6.800773168834016
[Li]<-N(C)=C1C2CC(C)(C)C1C(=O)C2C,1.9383,7.729478222717616
[Li]<-n1ccn(-c2ccc(C=C)cc2)c1,2.5153000000000008,7.265125695775816
[Be]=C1ONC(c2cccc(C)c2)N1C,1.45651,6.041466979622181
[Li]<-N=C(CC)ON(C)c1ccccc1,2.44167,5.006605415578681
[Be]=C1NC(N)=CN1Cc1ccccc1,0.84569,6.800773168834016
[Li]<-n1c(C)cc([N+](=O)[O-])cc1C(=O)O,0.99642,11.032670213617864
[Li]<-n1nc(C)cc(N)c1CC(=O)OC,0.0827199999999995,8.854327566730545
[Li]<-n1cc(-c2ccccc2C)c(N)o1,2.23222,6.845383784514992
[Li]<-S=C(NCc1ccoc1)NC(C)=O,0.7901999999999999,1.8387783689363106
[Li]<-n1nn(C(=C)C)nc1-c1ccsc1,1.8922,6.336420641892215
[Li]<-n1csc(N=Cc2ccccc2)n1,2.2887000000000004,10.15060733866456
[Li]<-N=C(Cc1ccccc1)C(C)(C)C,3.294970000000002,5.641123355799723
[Li]<-n1c(C(=O)OCC)ccn1CCO,0.0520999999999998,8.854327566730545
[Li]<-N1=CN(Cc2ccccn2)CCC1,1.3156,7.389913944766607
[Li]<-n1ccccc1Oc1ccccc1,2.873900000000001,8.684162153451302
[Li]<-N(CC)=C1CC2(C)CCC1C2(C)C,3.2935000000000016,7.729478222717616
[Li]<-P1(C)OCC2(OC(C)(C)CC2C)O1,2.5062000000000006,6.460442342275531
[Li]<-S=C(NCc1ccccc1)N(C)C,1.6227,1.8387783689363106
[Li]<-N(=Cc1ncc[nH]1)c1ccccc1,2.1602999999999994,9.318680093672345
[Li]<-S=c1c(C)c[nH]c2cccc(Br)c12,3.9683100000000016,9.077007842807193
[Li]<-n1cn(Cc2ccccn2)cc1C,1.63482,7.140337446785025
[Li]<-N1=CCC(C#Cc2ccccc2)C1,2.1288,7.729478222717616
[Li]<-n1nc(N)n(N)c1-c1ccccn1,-0.3639000000000003,6.675984919843224
[Li]<-N1=CN(CCc2ccccc2)CC1,1.5730000000000002,7.389913944766607
[Li]<-S=c1[nH]ccn1Cc1cccnc1,1.98899,1.8387783689363106
[Li]<-n1cn(N=Cc2ccccc2)cn1,1.1603,6.800773168834016
[Li]<-P(O)(C[Si](C)(C)C)c1ccccc1,2.578500000000001,5.256181913560263
[Li]<-O=C(C)N(C)c1cccc(OC)c1,1.6779,5.4263473268395055
[Li]<-n1ccc(N2CCC(C)CC2)cc1,2.3179,7.604689973726825
[Li]<-n1nnn(C)c1-c1cccc(Cl)c1,1.5304999999999995,6.336420641892215
[Li]<-P1=COCC1c1ccc(OC)cc1,2.4724000000000004,3.6775567378726213
[Be]=C1CC(C)(C)C(C)(C(=C)OCC)O1,2.780590000000001,6.970172033505783
[Li]<-n1cc(N=NC(C)C)n(C(C)C)c1,2.956100000000001,7.265125695775816
[Be]=C1N(CC)C=C([N+](=O)[O-])N1C(C)C,1.10419,6.675984919843224
[Li]<-P1(c2ccccc2)NC(N)C(N)N1,-0.6138000000000008,5.086783048888496
[Li]<-S=c1[nH]c(C(C)(C)C)cn1C(=C)C,3.3337900000000014,1.8387783689363106
[Li]<-n1cn(C(C)C=C)c2ccccc21,2.783300000000001,8.979115815721336
[Be]=C(Nn1ccnc1)c1ccccc1,1.5136899999999998,8.639551537770327
[Li]<-N(=Cc1ccccc1)C(C)(C)C,2.9040000000000017,11.407034960590238
[Li]<-N1=COC(c2ccncc2)C1(N)O,-0.2140000000000004,9.798434802197145
[Li]<-n1ccn(Cc2cccc(Cl)c2)c1,2.5848000000000004,7.265125695775816
[Be]=C1CC2CN(C1)CN(C(C)(O)O)C2,-0.6790100000000001,7.6394904427481904
[Li]<-P(CC)(CC)c1ccc(CC)cc1,3.3960000000000026,6.015488102772097
[Li]<-n1cnn(-c2ccc(C)c(C)c2)c1,1.88414,6.925561417824807
[Li]<-n1cccc(C=Cc2ccco2)c1,2.8450000000000006,7.604689973726825
[Li]<-N1=C(C)N(Cc2ccccn2)CC1,1.3156,9.103904064712127
[Li]<-n1cc(-c2ccc(C)cc2)[nH]c1N,1.96732,8.639551537770327
[Be]=C1N(CC)C=CN1C(CC)C(C)C,2.525990000000001,6.675984919843224
[Li]<-N=C(CC)ON=Cc1ccccc1,2.4243700000000006,5.131393664569472
[Li]<-S=C(C(N)N)N(N)Cc1ccsc1,-0.0052999999999996,1.963566617927102
[Li]<-n1cc(C)cc(-c2cccnc2)c1,2.45202,7.604689973726825
[Be]=C1N(C)C=CN1Cc1ccccc1,1.90149,6.675984919843224
[Be]=C(NCc1ccccn1)C(C)(C)C,2.2560900000000004,9.103904064712127
[Li]<-n1ccc(C(C)=NNC(=C)C)cc1,1.9288,7.604689973726825
[Li]<-N(C)=C(C)C=C(C)c1ccccc1,3.180600000000002,7.854266471708408
[Be]=C1CC(OC)(c2ccccc2F)N1,1.65699,5.551135575830297
[Li]<-n1ccc(Oc2ccccc2)cc1,2.873900000000001,7.604689973726825
[Li]<-n1cn(-c2ccc(Br)cc2C)cn1,2.33822,6.800773168834016
[Li]<-n1c(C)n(CC=C)c2ccccc21,2.5307200000000005,8.854327566730545
[Li]<-n1ccc(CSCC(F)(F)F)cc1,2.8771000000000013,7.604689973726825
[Be]=C1NC=C(c2ccccc2OC)S1,2.32629,8.31182896972825
[Li]<-n1ccn(Cc2ccccc2)c1Cl,2.5848000000000004,7.140337446785025
[Li]<-S=c1cc(-c2ccc(C)cc2)ss1,4.514510000000001,1.8387783689363106
[Li]<-S=C(Nc1ccccc1)NC(C)C,2.3814,1.963566617927102
[Li]<-N1=COC(C)(C)C1N1CCCCC1,1.6355,8.469386124491084
[Li]<-P1(F)CCC(C)(C)C(OC)C1(C)C,3.5763000000000025,4.453291362267627
[Li]<-n1c(-c2ccccn2)ccn1CC,1.965,8.854327566730545
[Li]<-N(C)Cc1cc(F)c(F)c(F)c1F,1.9624,4.42628623181737
[Be]=C(C=C(C)OC)N1CCCCCC1,2.451390000000001,9.228692313702918
[Be]=C1NC(N)=CN1c1cccc(C)c1,1.1585100000000002,6.800773168834016
[Be]=C1N(CC(C)(C)N)C=CN1C(C)C,1.21719,6.675984919843224
[Li]<-O=C(Nc1ccccc1)C(C)(C)C,2.6712000000000007,5.4263473268395055
[Li]<-NC(C)c1cc(F)c(F)c(F)c1F,2.2627000000000006,4.301497982826578
[Li]<-N#Cc1ccccc1-n1cncn1,1.13898,3.6775567378726213
[Be]=C1Nc2ccc(C(C)C)cc2N1C,2.6679900000000005,6.800773168834016
[Be]=C1CC(=O)OC1(C)c1ccccc1,1.92999,10.647728771378404
[Be]=C(C)Oc1ccc(C(=O)OC)cc1,1.91069,5.380970162551054
[Li]<-N(=C1CCCCC1)c1ccccc1,3.723200000000003,11.032670213617864
[Li]<-n1c(C(F)(F)F)[nH]c2ccccc21,2.5817,8.854327566730545
[Li]<-n1cc(C(C)N)nc2ccccc21,1.6495,9.318680093672345
[Be]=C1C=CC(C)=C(N2CCOCC2)O1,1.1752900000000002,6.845383784514992
[Li]<-O=C1CCNCc2cc(Cl)ccc21,2.016,5.765911604790515
[Li]<-O=C(C)Nc1ccc(C(=C)C)cc1,2.6781000000000006,5.301559077848714
[Li]<-n1cn(C(C)=NNC(C)=O)cc1C,0.5091199999999998,7.140337446785025
[Li]<-n1cc(N)c(-c2ccccc2C)o1,2.23222,6.845383784514992
[Li]<-n1ccc(CN2CCCCC2)cc1,2.0675,7.604689973726825
[Li]<-S=c1[nH][nH]c(C)c1-c1ccccc1,3.0477100000000004,1.8387783689363106
[Li]<-N=c1[nH]c(N)cn1CC(=O)OC,-0.9491299999999998,4.961994799897705
[Li]<-n1ccc(N(CCO)C(C)C)cc1,1.2887,7.604689973726825
[Li]<-[nH]1cnc2cc(C(=O)OC)ccc21,1.3495,7.265125695775816
[Li]<-n1ncn(-c2ccccc2Br)c1C,2.33822,6.675984919843224
[Li]<-O=C(C)Nc1c(F)cc(F)cc1F,2.0623,5.176770828857923
[Li]<-n1cn(Cc2ccccn2)nc1C,1.02982,6.800773168834016
[Li]<-N(=CC(C)C)C(C)c1ccccc1,3.474400000000002,9.568256591653928
[Li]<-P1=CCC(c2cccc(C)c2)=CC1,3.530520000000002,4.051921484844995
[Li]<-N#CC(C)c1ccc(C(C)C)cc1,3.4370800000000026,1.8387783689363106
[Be]=C1N(CCC#N)C=CN1C(C)(C)C,1.78367,6.675984919843224
[Be]=C1C(N)C(=O)N1Cc1ccccc1,0.3948899999999997,6.800773168834016
[Be]=C(C)NC(C)c1ccc(OC)cc1,2.404490000000001,3.9619337048755683
[Li]<-S=C(C=Cc1ccccc1)N(C)C,2.588800000000001,1.963566617927102
[Li]<-n1ccn(CCSN2CCCC2)c1,1.6271,7.265125695775816
[Li]<-n1ccc(N(C(C)C)C(C)C)cc1,2.7048000000000005,7.604689973726825
[Li]<-n1ccc(CN2CCOCC2)cc1,0.9138,7.604689973726825
[Li]<-N1=COCC1c1ccccc1OC,1.7948,8.933738651432886
[Li]<-N1CCNCCN(CC(C)=O)CC1,-0.9297999999999982,4.301497982826578
[Li]<-n1c[nH]c(-c2cccc(OC)c2)c1,2.0853,7.265125695775816
[Li]<-P(C)(C=CC(=C)C)c1ccccc1,3.5134000000000016,5.890699853781306
[Be]=C1Nc2ccccc2N1CCCC,2.7148900000000005,6.800773168834016
[Li]<-S=Cc1ccc(NCC(C)O)cc1,1.8271,1.963566617927102
[Li]<-n1c(C(=O)OC)[nH]c2ccccc21,1.3495,7.0155491977942335
[Li]<-P1(C)C(C)C=CC1c1ccccc1,3.7977000000000034,5.890699853781306
[Li]<-N1=NC2(NC(C)=O)C=CC=CC2N1,0.2837999999999999,6.925561417824807
[Li]<-n1cn(-c2ccccc2F)c(C)n1,1.7148199999999998,6.800773168834016
[Be]=C1CCC(N)(c2ccccc2)NC1,1.26279,7.6394904427481904
[Li]<-P(C)(OCCOC)c1ccccc1,2.0016,5.256181913560263
[Li]<-n1nc2ccccc2n1CC(C)C,2.0873,8.514763288779536
[Li]<-n1cnc(C)n1Cc1ccccc1,1.63482,8.639551537770327
[Be]=C1N(C)C=CN1c1ccc(Br)cn1,2.06339,6.675984919843224
[Li]<-S=c1[nH]c(=O)cc(O)n1C(C)(C)C,1.3664899999999998,2.0883548669178933
[Li]<-O=C(Nc1ccccc1C)C(C)C,2.589520000000001,5.301559077848714
[Li]<-n1cccc(-c2ccc[n+]([O-])c2)c1,1.382,7.604689973726825
[Be]=C1CNC2(CCCN2)N1C(C)(C)C,0.7660899999999999,6.925561417824807
[Be]=C(C#N)Nc1ccccc1C(C)C,2.78427,5.4263473268395055
[Li]<-N#CCc1ccnc(C(=O)OC)c1,0.93428,1.8387783689363106
[Li]<-P1(c2ccccc2)OC1C(C)(C)C,3.111200000000002,4.881817166587889
[Li]<-N1=COC(c2ccc(C)cc2)C1C,2.4831200000000004,8.808950402442093
[Li]<-n1cccc(C=C2CCCCC2)c1,3.429100000000002,7.604689973726825
[Li]<-n1cccc(-c2c[nH]c(C)c2C)c1,2.6935400000000005,7.604689973726825
[Li]<-n1cc(C)cc2c(C=O)cncc21,1.7507199999999998,9.318680093672345
[Li]<-S=C1CN(c2ccccc2C)CN1,1.68952,1.8387783689363106
[Li]<-N1=CN(C(C)C)CC1c1cscn1,1.9365,9.103904064712127
[Li]<-N1CCC(C#Cc2ccccc2)C1,1.6476,6.140276351762889
[Li]<-N=c1[nH]c(C)c(CC2CCCC2)s1,2.5967900000000004,3.4627807089124034
[Li]<-n1ccc(C(=N)N)c2ccccc21,1.5188700000000002,9.318680093672345
[Li]<-n1c(C)c(C)cn1-c1ccccc1,2.489140000000001,8.854327566730545
[Be]=C1NC(c2ccc(C#N)cc2)CO1,1.2154699999999998,6.505819506563983
[Li]<-n1cn(Cc2ccccc2)cc1C,2.23982,7.140337446785025
[Li]<-Pc1ccc(C(C)C)c(C(C)C)c1,3.433800000000004,2.0883548669178933
[Li]<-O=C(OC)c1ccccc1OC,1.4818,5.1313936645694715
[Li]<-n1c2c(cn1C(C)(C)C)C=CCC2,2.597500000000001,8.854327566730545
[Li]<-n1ccn(-c2cccc(OC)c2)c1,1.8809,7.265125695775816
[Li]<-n1c(-c2ccccc2)cc(C)n1C,2.3955199999999994,8.854327566730545
[Li]<-S=C(CN(C)C)c1cccc(C)c1,2.2746200000000005,1.8387783689363106
[Li]<-n1cc(C#Cc2ccccc2)c[nH]1,1.8095,7.265125695775816
[Li]<-N(=Cc1ccco1)c1ccccc1,3.0302000000000016,9.318680093672345
[Li]<-P(CC(OC)OC)c1ccccc1,1.6093,4.051921484844995
[Be]=C1N(C)C=CN1c1cccc(C)n1,1.60931,6.675984919843224
[Li]<-N=C(C)C(=O)c1c(F)cccc1F,2.18717,5.765911604790515
[Li]<-S=c1[nH]c(N)c(-c2ccccc2)[nH]1,2.32149,1.8387783689363106
[Be]=C1N(CC)c2ccccc2N1CC,2.3490900000000003,6.675984919843224
[Li]<-N1=CN(CC(C)=O)C2C=CC=CC21,0.7825,9.103904064712127
[Be]=C(NC(C)(C)C)c1cccc(C)c1,2.770010000000001,8.979115815721336
[Li]<-P1(O)OC(C(=O)OC)=CC(C)(C)O1,1.0879,3.737569535136596
[Li]<-N(=CC(=O)c1ccccc1)CC=C,2.1261,7.729478222717616
[Li]<-n1cccc(C=CC(C)(C)C)c1C,3.449320000000002,9.318680093672345
[Li]<-P(F)(OC)c1cc(C)c(C)c(C)c1,3.164960000000001,3.9435616710373758
[Li]<-NC(Cc1ccccc1)C(=O)OC,0.7293999999999993,2.2131431159086845
[Li]<-P1NC(c2ccoc2)C(C)(C)C1N,1.8284,5.4263473268395055
[Li]<-n1cn(C(C)C)c2ccc(I)cc21,3.2218000000000018,8.979115815721336
[Li]<-O=C(O)C1c2ccccc2NC1N,0.5650999999999997,5.00660541557868
[Li]<-n1c(N)ccn1Cc1ccccc1,1.5136,10.353541657715846
[Li]<-N1CC2CCCCC2(C(C)(C)O)C1,1.5371,6.140276351762889
[Li]<-n1ccn(C)c1-c1ccc(F)cc1,2.2262000000000004,7.140337446785025
[Li]<-N1CCN(c2ncccc2F)CC1,0.6302999999999999,4.301497982826578
[Li]<-P(C)(c1ccccc1)n1cccc1,2.688400000000001,5.551135575830297
[Li]<-n1cn(-c2ccc(C#N)cc2)cn1,1.13898,6.800773168834016
[Li]<-N1=C2Sc3ccccc3N2CC1N,1.2531,8.764339786761118
[Li]<-N=C1CNc2ccccc2C1(C)N,1.30577,5.765911604790515
[Li]<-O=C(C)Nc1ccccc1[N+](=O)[O-],1.5531999999999997,5.301559077848714
[Li]<-n1cccc(-c2ccc(Cl)cc2)c1,3.402000000000002,7.604689973726825
[Li]<-S=c1[nH]ccn1Cc1ccccn1,1.98899,1.8387783689363106
[Be]=C1Nc2sc3ccccc3c2N1C,2.759290000000001,8.639551537770327
[Be]=C1N(CCC)C=CN1CCC(C)C,2.527590000000001,6.675984919843224
[Li]<-O=Cc1cccc(N2CC=CC2)c1,1.8753,3.8023449868634125
[Li]<-N1=COC(c2ccc(OC)cc2)C1,1.7948,7.094960282496573
[Be]=C1NC2=C(NC(C)(C)O2)N1C(C)C,0.7787899999999998,6.800773168834016
[Be]=C1N(C(C)C)C=CN1C(C)C(=O)O,0.95299,6.675984919843224
[Be]=C1N(CC(=O)OC)C=CN1C(C)C,0.6528899999999997,6.675984919843224
[Li]<-n1cc(-c2ccccc2)[nH]c1CC,2.6391,7.140337446785025
[Li]<-n1ccc(N=CN)c2ccccc21,1.8533,9.318680093672345
[Be]=C1N(CC(C)C)C=CN1CC(C)C,2.383490000000001,6.675984919843224
[Li]<-P(O)c1c(F)c(F)c(F)c(F)c1F,1.5932,3.292615295633161
[Li]<-S=c1c(-c2ccccc2)c1N(C)C,3.024690000000001,1.8387783689363106
[Li]<-n1cn(C(C)(C)C)c2c1C=CCN2,2.0767999999999995,7.140337446785025
[Be]=C1CN(C(=C)C)C23C=CC(CC12)O3,1.58809,7.389913944766607
[Li]<-N#Cc1cccc(-n2cccn2)c1,1.7439799999999996,3.6775567378726213
[Li]<-n1cc(-c2cncnc2)n(CC)c1,1.36,7.265125695775816
[Li]<-n1ccc(Cn2cccn2)cc1,1.3264,7.604689973726825
[Li]<-P(O)(c1ccc(F)cc1)C(F)(F)F,2.3600000000000003,5.00660541557868
[Li]<-p1cnn(-c2cccc(SC)c2)c1,3.174300000000001,5.176770828857923
[Li]<-N1=CC(=NOC)CC1c1ccoc1,1.7976,9.443468342663136
[Li]<-P(C)(CCc1ccccc1)N(C)C,2.817400000000001,5.80071207381188
[Li]<-n1nc(-c2ccc(C)cc2)n(C)n1,1.18552,6.336420641892215
[Be]=C(C)NC12CC3CC(CC(C3)C1)C2,2.6034900000000007,3.837145455884777
[Be]=C1OC2(CCCCC2)CN1CC=C,2.20379,6.3810312575731905
[Be]=C(Nc1ccccc1OC)N(C)C,1.6649899999999995,6.800773168834016
[Li]<-n1ccc(N(C(C)Cl)C(C)Cl)cc1,3.0576000000000016,7.604689973726825
[Be]=C(Nc1ccc(C)cc1C)SCC,3.464730000000001,8.31182896972825
[Be]=C1N(CC)C=CN1CC(=O)OCC,0.65449,6.675984919843224
[Be]=C1N(CC)C=CN1c1ccccc1,2.2959900000000006,6.675984919843224
[Li]<-S=c1n(CCCC)ccn1C(C)C,3.4000900000000023,1.8387783689363106
[Li]<-N#Cn1ncnc1-c1ccccc1,1.27428,3.337992459921612
[Be]=C(C)Nc1cc(C)cc(C(C)C)c1,3.5890100000000027,5.675923824821088
[Li]<-n1ccc(C=C2CCCCC2)cc1,3.429100000000002,7.604689973726825
[Li]<-p1c(C(=O)OCC)cn(CC)c1C,2.573220000000001,7.0155491977942335
[Li]<-n1cccc(C2CNCC(=O)C2)c1,0.7276,7.604689973726825
[Li]<-n1csc(SCc2ccccc2)n1,2.830400000000001,10.15060733866456
[Li]<-n1cc(C(F)(F)Cl)c(C(F)(F)F)[nH]1,2.7166,7.265125695775816
[Li]<-n1cn(Cc2ccccc2)c(Cl)n1,1.9798,6.800773168834016
[Li]<-NCC1Cc2ccccc2CC1O,0.7209999999999999,2.3379313648994757
[Li]<-p1(-c2ccccc2)cc(C)cc1C,4.279240000000003,5.516335106808932
[Li]<-n1ccn(CCc2ccccc2)c1,2.1258,7.265125695775816
[Li]<-O=C1C=CC=C(N2C=CC=CC2)C1,1.7847999999999995,5.516335106808932
[Li]<-n1ccn(Cc2ccc(O)cc2)c1,1.637,7.265125695775816
[Be]=C(NC(C)O)c1cccc(OC)c1,1.0099899999999995,9.103904064712127
[Li]<-n1ccc(C(C)N=CC#N)c(C)c1,2.0454,7.604689973726825
[Be]=C1N(CCN(C)C)C=CN1C(C)C,1.04149,6.675984919843224
[Li]<-n1ccccc1-c1nccnc1C,1.84702,9.318680093672345
[Li]<-n1ccn(-c2c(C)cccc2C)c1,2.48914,7.265125695775816
[Li]<-n1ccn(OC)c1-c1ccccc1,1.6084999999999998,8.979115815721336
[Li]<-[O-][N+](C)=Cc1c(C)cc(C)cc1C,2.17086,3.5875689579031946
[Li]<-NCC(C)Nc1ccccc1OC,1.4543,2.3379313648994757
[Li]<-O=C(OC)C1CCNC1C(C)(C)C,1.1835999999999998,5.1313936645694715
[Li]<-n1ccn(-c2cccc(C=C)c2)c1,2.5153,7.265125695775816
[Li]<-N(O)=C(C)c1nc2ccccc2[nH]1,1.7611,6.845383784514991
[Be]=C(C#N)Nc1c(C)cc(C)cc1C,2.5861300000000007,3.5875689579031946
[Li]<-n1[nH]c(-c2ccccc2)cc1C#N,1.94838,7.140337446785025
[Li]<-P(O)(c1cccc(C)c1)C(C)(C)C,2.808020000000001,5.00660541557868
[Li]<-N1=CN(Cc2ncccc2C)CC1,1.23392,7.389913944766607
[Be]=C(c1ccc(OC)cc1)N(C)C,1.64369,10.693105935666855
[Li]<-n1cccc(C=NNC(=S)SC)c1,1.653,7.604689973726825
[Li]<-N(CC(=O)OCC)CC(=O)OCC,-0.2977999999999998,4.301497982826578
[Li]<-n1c(COC)[nH]c2ccc(C)cc21,2.01772,7.0155491977942335
[Li]<-n1nnc(C)n1Cc1ccccc1,1.02982,8.175199010828527
[Li]<-n1cc(C(C)(C)C)n(C(C)(C)C)c1,2.9356000000000018,7.265125695775816
[Li]<-n1ccn(-c2ccc(C)cc2)c1C,2.489140000000001,8.979115815721336
[Li]<-S=C(NCC)NN=Cc1ccoc1,1.0975000000000004,1.8387783689363106
[Li]<-S=c1[nH]cc(N)n1-c1ccccc1,2.11709,1.8387783689363106
[Li]<-N=C1CN(C(C)C)C(C(C)C)C1=O,1.32387,3.8023449868634125
[Li]<-OCC(C)Nc1ccccc1OC,1.4878999999999998,2.2131431159086845
[Li]<-n1cncn1CC(=O)OC(C)(C)C,0.6198000000000001,6.800773168834016
[Li]<-n1ccn(CCC(C)C)c1C(C)C,3.0526000000000018,7.140337446785025
[Li]<-S=C(NC(C)(C)C)c1ccccc1,2.7502000000000013,1.8387783689363106
[Li]<-n1c(C)cpn1Cc1ccccc1,2.8199200000000006,10.308218947700057
[Li]<-S=c1cc(N)[nH]c(=O)n1CC(C)=O,0.07709,1.963566617927102
[Li]<-n1cn(CC(=O)O)c2ccccc21,1.1209000000000002,7.140337446785025
[Li]<-Pc1cc(C(C)C)cc(C(C)C)c1,3.4338000000000024,2.0883548669178933
[Li]<-n1ccnc2cc(C(=O)O)ccc21,1.3279999999999998,9.318680093672345
[Li]<-n1ccc(C2NCOC2=O)cc1,0.2266,7.604689973726825
[Li]<-S1Cc2cccc(C(F)(F)F)c2C1,3.4522000000000013,4.176709733835787
[Li]<-S=C(NCc1cccnc1)N(C)C,1.0177,1.963566617927102
[Li]<-O=C(O)c1nc2ccccc2n1C,1.2715,5.00660541557868
[Be]=C1N(CC)C=CN1C(F)C(F)(F)F,1.94929,6.675984919843224
[Li]<-n1ccn(Cc2ccccc2)c1C,2.23982,7.140337446785025
[Be]=C1NC=CN1c1c(C)cccc1C,2.18053,6.800773168834016
[Li]<-n1ccc(OCc2ccsc2)nc1,2.1171,7.265125695775816
[Li]<-n1ccc2c(N(C)C)cccc2c1,2.3008,7.604689973726825
[Be]=C1N(CC)C=C2C=C(F)C=C(F)N12,2.1394900000000003,6.675984919843224
[Li]<-S=c1[nH]nc(C)n1Cc1cccs1,2.35891,1.8387783689363106
[Be]=C1N(C)Cc2ccccc2C1(C)C,2.4483900000000007,12.656672553593957
[Li]<-O=C(c1ccc[nH]1)c1cccn1C,1.5841999999999998,5.516335106808932
[Li]<-N1=NNC23C=CC=CC12C=CC=C3,1.6864,10.353541657715846
[Li]<-O=C(O)C1CN(C)c2ccccc21,1.3046,5.00660541557868
[Li]<-N#CC1=NCC(c2ccccc2)O1,1.67998,1.8387783689363106
[Li]<-S=c1n(C)ccn1CC(=O)OCC,1.11919,1.8387783689363106
[Li]<-N(CC#N)Cc1ccccc1OC,1.30838,4.301497982826578
[Be]=C(N)Nc1ccc(C(=O)OC)cc1,0.84009,5.336359546870079
[Li]<-n1[nH]c(C)cc1C(=C)c1ccn[nH]1,1.5027199999999998,7.140337446785025
[Li]<-n1c(I)c(C)cn1-c1ccccc1,2.7853200000000014,8.854327566730545
[Li]<-n1nc(-c2ccccc2)cn1CC,1.965,8.514763288779536
[Li]<-Nc1ccc(-c2ccccc2)cc1,2.9358000000000013,2.0883548669178933
[Li]<-n1cc2nc[nH]c2c2cnccc21,1.5060999999999996,9.318680093672345
[Li]<-N(C)=Cc1cccc2ccccc12,2.8885000000000014,6.015488102772097
[Be]=C1N(C)C=CN1c1cccc(C)c1,2.21431,6.675984919843224
[Li]<-n1ccc(C)c2ccc(OC)cc21,2.55182,9.318680093672345
[Li]<-n1cccc(Cc2ccccc2)c1,2.672400000000001,7.604689973726825
[Li]<-Nc1ccc(C(N)=O)cc1C(C)C,1.4911,2.0883548669178933
[Be]=C1Nc2ccc(C(=O)O)cc2N1C,1.24279,6.800773168834016
[Li]<-P1(c2ccccc2)C=C(P)C(P)P1,3.318600000000001,8.809004856714756
[Li]<-S=C1C=CN(CC)C(C)(N)N1CC,1.1173,1.8387783689363106
[Li]<-n1cc(-c2ccccc2)n(CO)c1,1.4999,7.265125695775816
[Li]<-n1ccn(-c2ccccc2C#N)c1,1.74398,7.265125695775816
[Li]<-P(O)(c1ccccc1)c1cccs1,2.0881,5.00660541557868
[Li]<-N=C(C(=O)OCC)c1ccccc1,1.61757,5.641123355799723
[Li]<-n1ccc(C(=O)OC)c(C(=O)O)c1,0.5664,7.604689973726825
[Li]<-n1cc(C)n(Cc2ccccc2)c1,2.23982,7.265125695775816
[Li]<-S=c1[nH]ccn1Cc1ccccc1,2.5939900000000007,1.8387783689363106
[Li]<-NC1=C(c2ccccc2)CCCO1,2.1243,2.0883548669178933
[Li]<-n1cc(C2CCCC(C)C2)n(C)c1,2.713800000000001,7.265125695775816
[Li]<-n1cncc(N)c1-c1ccccc1,1.7258,8.979115815721336
[Be]=C(C)Nc1c(F)c(F)cc(Br)c1F,3.33699,5.675923824821088
[Li]<-O=C(c1ccccc1)c1ccc[nH]1,2.2457,5.516335106808932
[Li]<-N(=C(C)C)c1c(F)ccc(F)c1F,3.216200000000001,11.032670213617864
[Li]<-OCC(C)=Nc1ccc(OC)cc1,1.7798999999999998,2.2131431159086845
[Li]<-n1ccc(C2CNCC(N)C2)cc1,0.4857999999999993,7.604689973726825
[Li]<-S=C(NC)c1cccc(N(C)C)c1,1.6475,1.963566617927102
[Li]<-S=C1NC(C)(C)C(=O)C(C)(C)N1C,0.9325999999999997,1.8387783689363106
[Li]<-n1cccc(C(C)=NNC(C)=O)c1,0.9417000000000002,7.604689973726825
[Li]<-n1cccc(-c2ccccc2N)c1,2.3308,7.604689973726825
[Li]<-N#CSc1cc(F)c(F)c(F)c1F,2.81618,1.8387783689363106
[Be]=C(Oc1cccc(C#N)c1)N(C)C,1.49497,8.344597875500293
[Li]<-N#CC=C(c1ccccc1)N(C)C,2.11268,1.8387783689363106
[Li]<-n1cccn1Cc1ccccc1O,1.637,7.140337446785025
[Li]<-S=C(C)N(C)c1ccc(OC)cc1,2.478700000000001,1.963566617927102
[Li]<-p1(C)c(C)cc(C(=O)OCC)c1C,3.0037400000000014,5.890699853781306
[Be]=C1N(CCCI)C=CN1C(C)(C)C,2.6950900000000013,8.514763288779536
[Be]=C(OC)C(=CN1CCCC1)C(C)C,2.30729,8.684162153451302
[Li]<-O=C(c1ccccc1)N(CC)CC,2.1686,5.4263473268395055
[Li]<-P1(F)CC(c2ccccc2)=CC1C,3.8385000000000025,4.453291362267627
[Li]<-P1(OCC)OCC(C)C(C(N)=O)O1,0.7866,3.612781286145805
[Li]<-N(C)Cc1cccc2ccccc12,2.5592000000000006,4.551074480808161
[Li]<-n1cccc(-c2cnccc2Br)c1,2.906100000000001,7.604689973726825
[Li]<-n1cc(C)cc2cc(CCl)ccc21,3.282020000000002,9.318680093672345
[Li]<-n1cn(C(C)C)c2ncnc(Br)c21,2.1697,8.979115815721336
[Li]<-n1cccc(-c2cncc(N)c2)c1,1.7258,7.604689973726825
[Be]=C1C2CC3C=CC2(NC1(N)C=C)O3,0.1830899999999998,10.478329906706637
[Li]<-n1cn(-c2ccc(CC)cc2)cn1,1.8297,6.800773168834016
[Li]<-n1cn(-c2cccc(OC)c2)nn1,0.6708999999999997,6.4612088908830065
[Li]<-P(=C=CC(C)(C)C)c1ccccc1,3.2615000000000016,3.6775567378726213
[Li]<-N=C(C)c1cccc2ccccc12,3.227570000000001,5.890699853781306
[Be]=C1N(C)C=C(N)N1c1ccccc1,1.19229,6.675984919843224
[Li]<-n1ncn(-c2ccccc2C=O)n1,0.4747999999999999,6.336420641892215
[Li]<-O=C1CNCN(c2ccccc2)C1,0.6227999999999998,5.765911604790515
[Li]<-N(C=C)=C1C2CC(N)C1C(C)(C)C2,1.9642,5.641123355799723
[Li]<-n1c(-c2ccccc2)c(N)pn1C,2.2494,12.14699731663637
[Li]<-n1csc(C(C)N2CCNCC2)c1,1.1093,10.61495986560636
[Be]=C1CCCN(c2ccc(C)cc2)C1,2.6765100000000013,7.514702193757399
[Li]<-P1(N2CCOCC2)CC1=CC(C)=O,1.202,5.176770828857923
[Li]<-N=c1[nH]c(C(C)(C)C)cn1C(C)C,2.17407,4.961994799897705
[Li]<-n1cc(COC)c(COC)cc1C,1.68282,9.318680093672345
[Li]<-P1(c2ccccc2)C(C)=C1N(C)C,2.5580000000000007,5.516335106808932
[Be]=C1Nc2c(Br)cccc2N1C(C)O,2.0155899999999995,6.800773168834016
[Li]<-n1[nH]cc(C)c1SC1=C(C)SCS1,3.436720000000002,7.140337446785025
[Li]<-n1ccc(-c2ccccc2)c(N)c1,2.330800000000001,7.604689973726825
[Li]<-n1ccc(CN2CCOC2=O)cc1,1.0338,7.604689973726825
[Be]=C1CNCC(N)(c2ccccc2)C1,0.91519,5.675923824821088
[Be]=C1NC=CN1c1ccc(C)cc1C,2.18053,6.800773168834016
[Li]<-P(C(C#N)c1ccccc1)N(C)C,2.4063800000000004,3.5875689579031946
[Li]<-n1ccn(Cc2ccc(Cl)cc2)c1,2.5847999999999995,7.265125695775816
[Li]<-P1(C)CC(C)C(c2ccccc2)C1,3.531600000000002,6.140276351762889
[Li]<-n1c(N)[nH]c(C(F)(F)F)c1[N+](=O)[O-],0.9188999999999998,10.013977379764837
[Li]<-P1(OC)OC=CC2(C=CC=CC2)O1,2.6751000000000005,3.8623577841273873
[Li]<-N#Cc1ccccc1-n1cccc1,2.34898,1.8387783689363106
[Li]<-n1cc(-c2ccc(O)cc2)sc1N,2.0979,10.49017161661557
[Li]<-N1=CSC(C(=C)c2ccccc2)C1,2.843500000000001,10.739748114597152
[Li]<-N=c1[nH]c2c(C(C)C)cccc2s1,2.8322700000000003,3.4627807089124034
[Li]<-N(Cc1cccs1)=C(C)C(=O)OC,1.882,9.443468342663136
[Be]=C1N(CC(C)(C)C)C=CN1C(C)C,2.525990000000001,6.675984919843224
[Li]<-[O-][n+]1ccccc1-c1ccccc1,1.987,1.624002339976093
[Li]<-n1ccn(CC(F)(F)C(F)(F)F)c1,2.0807,7.265125695775816
[Li]<-n1cccc(-c2ccccc2C)c1,3.0570200000000014,7.604689973726825
[Li]<-n1nc(-c2ccc(C)cc2)n(C)n1,1.18552,6.336420641892215
[Li]<-N1N=CC23C=CC=CC12CNC=C3,0.5434999999999999,7.140337446785025
[Li]<-N#CCc1ccc(C(F)(F)F)cc1,2.7714800000000013,1.8387783689363106
[Li]<-n1cn(C(C)(C)C)c2ccccc21,2.791300000000001,7.140337446785025
[Li]<-Nc1c(C)cnc2c1CCC(C)C2,2.09702,2.2131431159086845
[Li]<-N(=Cc1ccsc1)c1ccccc1,3.4987000000000013,9.318680093672345
[Li]<-n1ccn(-c2ccccc2OC)c1,1.8809,7.265125695775816
[Li]<-N(=C(C)SC)c1ccc(SC)cc1,3.8214000000000015,9.193891844681554
[Be]=C1N2CCCCC2C2CCCCN12,1.70529,6.675984919843224
[Li]<-P1(O)CC(P)=CC1c1ccccc1,2.8895000000000017,5.00660541557868
[Li]<-NCc1cscc1-c1ccsc1C,3.243720000000001,2.3379313648994757
[Li]<-n1ccn(COC2CCCCC2)c1,2.1899,7.265125695775816
[Li]<-n1cn(CC)c2c(=O)n(C)cnc21,0.1498999999999997,8.639551537770327
[Li]<-S=C1COCc2c(OC)cccc21,1.9434,1.8387783689363106
[Li]<-P1(c2ccccc2)CC(C)C(C)C1,3.079600000000002,5.516335106808932
[Li]<-n1ccc(C(=O)N(CC)CC)cc1,1.5636,7.604689973726825
[Li]<-P(=C(C)CC)c1cccc(CC)c1,3.4228000000000023,3.6775567378726213
[Be]=C1CN(c2cccc(I)c2)CN1C,2.0392900000000003,6.925561417824807
[Li]<-O=C(CN1CCCCC1C)OCC,1.4239,4.88181716658789
[Be]=C1N(C)c2ccc(C=C)cc2N1C,2.2118900000000004,6.675984919843224
[Li]<-O=C1C=CC(N2CCCCC2)=CC1,1.8852,5.516335106808932
[Li]<-O=C(O)C(O)Oc1cccc(Cl)c1,1.1218,4.881817166587889
[Li]<-p1(-c2ccccc2)ccc(C)c1C,4.279240000000003,5.516335106808932
[Li]<-N1=CN(C(C)C)C2(CCCC2)CC1,2.4416,7.389913944766607
[Li]<-N=c1sc(C)cn1-c1ccccc1,2.32669,3.4627807089124034
[Li]<-n1ccn2c1-c1ccccc1C2=O,1.5519999999999998,7.140337446785025
[Li]<-P1(C)CC(c2ccccc2)=CC1C,3.5838000000000028,5.516335106808932
[Li]<-S1c2ccccc2N(CC)C(=O)C1C,2.5337000000000005,3.8023449868634125
[Li]<-n1cncn1CC(=C)c1ccccc1,1.9915,8.639551537770327
[Li]<-NCC1C(=O)C(O)Cc2ccccc21,0.2149999999999994,2.3379313648994757
[Li]<-N(Cc1ccccc1)=C(C)C(F)(F)F,3.209800000000002,9.443468342663136
[Li]<-n1cc(C)n(-c2ccnc([SH]=P)n2)c1,1.2023199999999996,7.265125695775816
[Li]<-n1cc(C=C(C)C)cc(C(C)(C)C)c1,3.8023000000000025,7.604689973726825
[Li]<-S=C(C)NC(C)OCc1ccccc1,2.4861000000000004,1.8387783689363106
[Li]<-n1cc(-c2ccncc2)cn1C(C)O,1.4559,8.979115815721336
[Be]=C1CNC(N)N1C(C)c1ccccc1,0.93389,6.925561417824807
[Li]<-n1cccc2cc(C(C)(C)C)ccc21,3.532300000000002,9.318680093672345
[Li]<-n1cccc(-c2ccccc2)c1CCl,3.487400000000002,9.318680093672345
[Li]<-n1cccc(CNC(=O)CC#N)c1C,0.9199,9.318680093672345
[Li]<-n1c(C)n(CC)c2cc(OC)ccc21,2.3732200000000008,7.0155491977942335
[Li]<-Nc1cc(C)ncc1-c1ccccc1,2.639220000000001,2.0883548669178933
[Be]=C1NN(C)C(Sc2ccccc2)=C1N,1.3952900000000004,6.800773168834016
[Be]=C1N(C(C)C)C=CN1C(C)C(=O)OC,1.0413899999999998,6.675984919843224
[Li]<-n1ccn(-c2ccc(C(C)C)cc2)c1,2.995700000000002,7.265125695775816
[Be]=C1Cc2ccccc2N(C(C)(C)C)C1,2.9288900000000018,7.514702193757399
[Be]=C1N(C)C=CN1c1ccc(C#N)cc1,1.77757,6.675984919843224
[Li]<-p1(Nc2ccccn2)ccc(C)c1C,3.560240000000001,5.176770828857923
[Li]<-N#Cc1cccc(-c2ccccc2)c1,3.225280000000001,1.8387783689363106
[Li]<-n1ccn(-c2ncc(OC)c(C)n2)c1,0.9793199999999996,7.265125695775816
[Li]<-N(=Cc1cccnc1)c1ccccc1,2.8322000000000003,9.318680093672345
[Li]<-S=c1[nH]ccn1-c1ccc(C)cc1C,3.151730000000001,1.8387783689363106
[Li]<-N1C=CN(c2cccc(C(C)=O)c2)C1,1.7275,7.514702193757399
[Li]<-n1cccc(-c2cccc(F)c2F)c1,3.0268000000000006,7.604689973726825
[Li]<-N1=CC=CC(C=Nc2ccccc2)C1,2.6457000000000006,7.729478222717616
[Li]<-n1ccc(C(C)=NNC(=S)NC)cc1,0.8994999999999999,7.604689973726825
[Li]<-n1cn(CCO)c2c(=O)[nH]c(N)nc21,-1.3059,8.639551537770327
[Be]=C1OC=C(C)N1c1c(C)cccc1C,2.997630000000002,6.3810312575731905
[Be]=C1CNC(N)(c2ccccc2)C1(C)C,1.50879,11.19225893163002
[Be]=C1N(CC)C=CN1C(C)C(=O)OCC,1.04299,6.675984919843224
[Li]<-n1cn(-c2c(C)cc(C)cc2C)cn1,2.1925600000000003,6.800773168834016
[Be]=C1Oc2cc(C(F)(F)F)ccc2N1C,2.530290000000001,6.3810312575731905
[Li]<-n1cccc(C(=O)N(CC)CC)c1O,1.2692,8.684162153451302
[Li]<-N1=C(C)ON(C)C1(N)c1ccccc1,1.0510000000000002,11.682590335421907
[Li]<-N1=CC(n2nc(C)cc2C)CC1(C)C,2.2941400000000005,11.282246711599447
[Li]<-P(c1cc(C)c(C)c(C)c1)C(C)(C)C,3.7141600000000015,3.8023449868634125
[Li]<-n1cccc(C=NNC(C)C)c1OC,1.4221,8.684162153451302
[Li]<-Nc1cnc(N2CCOCC2)nc1C,0.2038199999999997,2.0883548669178933
[Li]<-n1cccc(C(=C)c2ccccc2)c1,3.1431000000000013,7.604689973726825
[Li]<-P1(c2ccc(F)cc2)N(C)CCN1C,1.6401,4.837206550906914
[Li]<-N(CC)=C1C2CC(C)(C)C1C(C)C2=O,2.3284,7.604689973726825
[Li]<-n1cc(-c2ccccc2)n(C(=C)C)c1,3.040700000000001,7.265125695775816
[Li]<-n1ccc(-c2cccc(C)c2C)cc1,3.3654400000000013,7.604689973726825
[Li]<-N1=CSC(n2ncc3ccccc32)C1,2.3100000000000005,10.739748114597152
[Li]<-S=C(Nc1ccc(C)cc1C)N(C)C,2.56184,2.0883548669178933
[Be]=C1NC(C#N)=C(C)N1c1cncnc1,0.63757,6.800773168834016
[Be]=C1NC(N)=CN1c1cc(C)cc(C)c1,1.4669299999999998,6.800773168834016
[Li]<-n1[nH]c(C)c(-c2ccc(Br)cc2)c1N,2.72982,8.639551537770327
[Li]<-n1ccc(C(C)(C)O)c2ccccc21,2.4622,9.318680093672345
[Li]<-n1ccc(C2OC=NC2C(C)C)cc1,2.2058,7.604689973726825
[Be]=C1NC(N)=CN1c1ccc(C)c(C)c1,1.46693,6.800773168834016
[Li]<-n1ccc(C=NC(C)(C)C)c(OC)c1,2.3076,7.604689973726825
[Li]<-n1ccn(CC)c1-c1cccc(F)c1,2.709100000000001,8.979115815721336
[Li]<-NCC(C)(NC)c1ccc(OC)cc1,1.0884999999999998,2.462719613890267
[Be]=C1N(CCO)C=CN1c1ccccc1,1.2683899999999997,6.675984919843224
[Li]<-n1cccc(C=C(C)N(CC)CC)c1,2.784200000000001,7.604689973726825
[Li]<-P1(C)C2C(C)=C(C)C1c1ccccc12,4.244100000000003,5.890699853781306
[Be]=C1Oc2ccc(C(=O)NC)cc2N1C,0.87109,6.3810312575731905
[Li]<-N=c1[nH]cc(Cl)n1Cc1ccccc1,1.99737,4.961994799897705
[Li]<-n1cn(CC(C)(C)C)c2ccccc21,3.0824000000000016,8.979115815721336
[Be]=C1N(C)C=CN1Cc1ccc(I)cc1,2.5060900000000013,6.675984919843224
[Li]<-N(=Cc1cccnc1)c1ccccc1,2.8322000000000003,9.318680093672345
[Li]<-P1(c2ccccc2)C(N(C)C)C12CC2,2.2277,5.516335106808932
[Li]<-O=C(C)Nc1c(F)cc(F)c(F)c1Br,2.8248000000000006,5.176770828857923
[Be]=C=Nc1ccc(-c2ccccc2)cc1,3.439700000000002,3.337992459921612
[Li]<-N1NC12CCCCC2c1ccccc1,2.1483,3.5875689579031946
[Li]<-NC1NC(C(C)(C)C)=C(C)N1C(C)C,1.8199,3.712357206893986
[Li]<-n1cc(C)c(C)c2c(CC)cccc21,3.4140400000000017,9.318680093672345
[Li]<-P(=C=C1SC=C(C)S1)c1ccccc1,3.8419000000000016,3.6775567378726213
[Li]<-n1cncc(Nc2cncnc2Cl)c1,1.6635999999999995,7.265125695775816
[Li]<-N1=C(C)ON(c2ccccc2)C1C=C,2.3687000000000005,10.183376244436603
[Li]<-n1nn(-c2ccccc2OC)cc1C,1.58432,6.675984919843224
[Li]<-S=C1NCCN1c1cc(C)cc(C)c1,1.99794,1.8387783689363106
[Li]<-n1ccc(NCc2ccccc2)cc1,2.6937000000000006,7.604689973726825
[Li]<-N1=CN(C(C)C)c2cnc(N)nc2C1,0.8154999999999998,7.389913944766607
[Be]=C1C=CN(c2cccc(C)c2)C(C)N1,2.30311,7.265125695775816
[Li]<-[O-][n+]1cccc(Cc2ccccc2)c1,1.9108000000000005,1.4992140909853016
[Be]=C1SC(Cc2ccccc2)=C(C)N1C,3.1354900000000017,8.187040720737459
[Li]<-S=C1NC(N)(c2ccsc2)NC=C1C,1.2411,1.8387783689363106
[Li]<-n1c(OC)ccn1Cc1ccccc1,1.94,8.219809626509502
[Li]<-S=c1[nH]c(N)cn1Cc1ccccc1,2.17619,1.8387783689363106
[Li]<-N1=NC(c2ccoc2)c2ccccc21,3.466300000000002,7.0155491977942335
[Li]<-S=C1Cc2ccccc2C=C1N(C)C,2.5151000000000003,1.8387783689363106
[Li]<-n1ccc(NCCc2ccsc2)cc1,2.7977000000000007,7.604689973726825
[Li]<-n1cccc(C2OCCN2C(C)=O)c1,0.9589,7.604689973726825
[Be]=C1N(C)C=CN1c1cccc(C#N)c1,1.77757,6.675984919843224
[Be]=C1NC=C(N)N1C(C)c1ccccc1,1.40669,6.800773168834016
[Li]<-n1cncc(SCc2ccccc2)c1,2.7689000000000004,7.265125695775816
[Li]<-p1(C)c2c(c3ccccc31)=CCCC=2,2.7182000000000013,5.890699853781306
[Li]<-n1cc(C(=O)OC)cc2ccccc21,2.0214,9.318680093672345
[Li]<-n1ccc(CN(C)C)c2ccccc21,2.2964,9.318680093672345
[Be]=C1N(CC(C)C)CCN1CC(C)(C)C,2.30239,6.675984919843224
[Li]<-O=C1C=CC=C2C=CC=CC21N(C)C,1.4781,5.641123355799723
[Be]=C1N(CN)C=CN1c1cccc(C)c1,1.50071,6.675984919843224
[Li]<-n1nc(-c2ccccc2)n(N)c1CC,1.2213,6.675984919843224
[Li]<-N1=C2C=CC=CC2C2CC=CC(=O)N21,1.2553,7.0155491977942335
[Li]<-n1cc(C)n(C(=O)c2ccccc2)c1,1.88002,7.265125695775816
[Li]<-S=C(N)N1CC(c2ccccc2)C=N1,1.3152000000000004,1.8387783689363106
[Li]<-S=C(NC)NN=C(C)c1cscc1Cl,2.2194000000000003,1.963566617927102
[Be]=C1Nc2c(C(C)C)cccc2N1CC,3.0580900000000018,6.800773168834016
[Li]<-S=C(NCC)NN=Cc1ccc(C)s1,1.8744200000000004,1.963566617927102
[Li]<-n1nnn(-c2ccccc2C=C)c1C,1.6137199999999998,6.336420641892215
[Li]<-n1cc(-c2ccccc2)n(CCO)c1,1.5424,7.265125695775816
[Li]<-n1c2ccccc2cn1CC(C)(C)C,3.0824000000000016,8.854327566730545
[Li]<-n1cc(C)cc(-c2cccc(C)c2)c1,3.3654400000000013,7.604689973726825
[Li]<-n1ccnc(N=C(N(C)C)N(C)C)c1,0.5872999999999999,7.604689973726825
[Li]<-n1c(NC(C)=O)sc2cccc(Cl)c21,2.908100000000001,12.204161736561089
[Li]<-n1c(C)ccn1C(O)c1ccccc1,1.73072,8.854327566730545
[Li]<-n1ccc(N(C(C)C)C(C)C)c(C)c1,3.0132200000000013,7.604689973726825
[Be]=C1N(CC)C=CN1CCn1cccn1,0.98809,6.675984919843224
[Li]<-N=C(Cc1ccccc1)C(=C)OCC,2.7990700000000013,5.641123355799723
[Li]<-P(Cl)(CC(=O)OCC)c1ccccc1,2.510700000000001,8.37231091149516
[Li]<-N(Cc1cccnc1)=c1[nH]cc(N)[nH]1,0.4208999999999999,8.764339786761118
[Li]<-S=c1[nH]ccn1-c1ccc(C)c(C)c1,3.1517300000000006,1.8387783689363106
[Li]<-N#CNC(C)COc1ccccc1Cl,2.17798,3.337992459921612
[Be]=C=Nc1ccccc1-c1ccccc1,3.439700000000002,3.337992459921612
[Li]<-n1ccn(OC(C)c2ccccc2)c1,2.0729,7.265125695775816
[Li]<-N#CC(c1ccccc1)n1cccn1,1.99608,1.8387783689363106
[Li]<-N1=CC(c2ccccc2)CC1=NOC,2.2046,8.979115815721336
[Li]<-NCC(C)(C)Nc1cccc(C)c1C,2.4526400000000006,2.3379313648994757
[Li]<-n1cc(Br)cc(C=C2NC=C(N)N2)c1,1.0929000000000002,7.604689973726825
[Li]<-P1(OC)OC=C(c2ccccc2)CO1,2.9476000000000013,3.737569535136596
[Li]<-S1c2ccc(F)cc2CC1C(F)(F)F,3.4048000000000007,3.8023449868634125
[Li]<-N1C2C=CC=CC21Cc1ccccc1,2.0657,3.9271332358542037
[Li]<-N1C=CN(Cc2ccccc2Cl)C1C,2.562400000000001,7.389913944766607
[Li]<-n1ccc(C=NCC(=O)NCP)cc1,0.4492999999999998,7.604689973726825
[Be]=C1NC(N)=CN1C(C(=O)OC)C(C)C,-0.1569099999999993,6.800773168834016
[Li]<-PNc1cccc(C(C)C)c1C(C)C,4.135400000000003,1.8735788379576759
[Li]<-P1(c2ccccc2)CC(C)=CC1C#N,2.645880000000001,5.641123355799723
[Li]<-n1coc2cc(C(F)(F)F)c(C)cc21,3.1550200000000013,6.845383784514991
[Li]<-N(=O)c1cc(C(C)C)cc(C(C)C)c1,4.331300000000003,6.7205955355241995
[Li]<-S=C(c1ccccc1)c1ccccc1,3.4529000000000014,1.8387783689363106
[Be]=C(NN=Cc1ccc(Br)cc1)N(C)C,1.93049,8.299987259819318
[Li]<-n1cc(CN(C)C)cc2ccccc21,2.2964,9.318680093672345
[Li]<-n1cccc2c(C(C)(C)C)ccnc21,2.9273000000000016,8.979115815721336
[Li]<-n1ccc(C2COC(C(C)C)=N2)cc1,2.2074,7.604689973726825
[Be]=C(Nc1ccccc1)c1cccnc1,2.58059,9.103904064712127
[Li]<-N(Cc1ccccc1OC)=C(C)OC,2.26,8.808950402442093
[Li]<-n1c[nH]c(N=Nc2ccccc2C)c1,3.1335200000000016,7.265125695775816
[Li]<-n1ccn(CCC)c1-c1ccccc1,2.960100000000001,8.979115815721336
[Li]<-n1cccc(C=C2C=COC(C)=C2)c1,2.912700000000001,7.604689973726825
[Be]=C1N(C)C(C)=C(C(C)(C)C)N1C(C)C,2.9160900000000014,6.675984919843224
[Li]<-NCC(c1ccc(OC)cc1)C(C)C,2.3935000000000004,2.3379313648994757
[Li]<-n1ccc(C#Cc2ccccc2)cc1,2.4814000000000007,7.604689973726825
[Li]<-n1ccn(Cc2ccccc2OC)c1,1.94,7.265125695775816
[Li]<-n1c(-c2cccs2)sc2ccccc21,4.024800000000001,12.204161736561089
[Li]<-n1cn(C(O)O)cc1-c1ccccc1,0.9908,7.140337446785025
[Be]=C1N(c2ccccc2)C=CN1C(C)C,2.684490000000001,6.675984919843224
[Li]<-n1c(NC2CCCCC2)ccnc1O,1.9268,9.719023717494803
[Li]<-p1(-c2ccccc2)cc(C)c(C)c1C,4.587660000000003,7.3551134757452425
[Li]<-n1cc([N+](=O)[O-])n(C2CCCCC2)c1,2.2965,7.265125695775816
[Li]<-S=C1NCCC(=O)N1c1ccccc1,1.2978,1.8387783689363106
[Li]<-n1ccn(CC(N(C)C)C(C)(C)C)c1,1.8594,7.265125695775816
[Li]<-n1c(C(F)(F)F)cccc1C(F)(F)F,3.1192,11.032670213617864
[Li]<-O=C(NC=COCC)c1ccccc1,1.9241,5.301559077848714
[Li]<-n1ccc(C)c2c(C(C)(C)C)c[nH]c21,3.168820000000002,8.979115815721336
[Li]<-N1=CC(=NOC)CC1c1ccccc1,2.2046,9.443468342663136
[Be]=C(Nc1ccncc1)c1cccnc1,1.97559,8.979115815721336
[Li]<-n1cccc(CNC(C)(C)C(C)C)c1,2.6058000000000003,7.604689973726825
[Li]<-N1=CCC(c2c[nH]c(C(C)(C)C)c2)C1,2.870300000000001,7.729478222717616
[Li]<-P1(C(C)(C)C)OC1c1cccc(C)c1,4.219220000000004,4.881817166587889
[Li]<-n1cccc(C(=O)C(=C)C(=O)OC)c1,0.9935,7.604689973726825
[Li]<-n1cnc(-c2ccccc2C)n1CC,2.27342,8.639551537770327
[Be]=C1NC(N)=CN1c1ccccc1C#N,0.72177,6.800773168834016
[Be]=C(NC1CCCCC1)c1[nH]ccc1C,2.6323100000000013,4.961994799897705
[Li]<-n1cccc(CNC2CCCCC2)c1,2.5039000000000007,7.604689973726825
[Be]=C1SC=C(c2ccccc2OC)N1C,2.668490000000001,10.02581908967377
[Li]<-n1cc(CN(C)C)cc(CN(C)C)c1,1.2048,7.604689973726825
[Li]<-n1ccn(Cc2cccc(SC)c2)c1,2.6533000000000007,7.265125695775816
[Li]<-O=Cc1ccncc1-c1ccccc1,2.5611000000000006,3.8023449868634125
[Li]<-n1ccc(CNC2CCCCC2)cc1,2.5039000000000007,7.604689973726825
[Li]<-n1cc(C)cc(-c2cncc(Cl)c2)c1,3.1054200000000014,7.604689973726825
[Li]<-n1ccn(-c2ccccc2C(C)=O)c1,2.0749,7.265125695775816
[Li]<-N(=Cc1ccco1)c1cccc(F)c1,3.1693000000000016,9.318680093672345
[Li]<-NCc1ccc(N2CCOCC2)cc1,0.9818999999999998,2.3379313648994757
[Li]<-N1=CC(C(=O)OCC)CC1NC(C)=O,0.1023999999999996,9.103904064712127
[Li]<-Nc1ccccc1Cc1ccccc1,2.8596000000000013,2.0883548669178933
[Li]<-S=c1[nH]nc(-c2ccccc2Br)n1C,2.907190000000001,1.8387783689363106
[Li]<-n1[nH]c(C(=O)c2ccccc2)cc1O,1.3462999999999998,8.344597875500293
[Li]<-n1cc(-c2ccccc2)cn1C(C)O,2.0609,8.979115815721336
[Li]<-n1cc(N)cc(C(=O)N(CC)CC)c1,1.1458000000000002,7.604689973726825
[Be]=C(c1ccccc1)N1CCCCCC1,2.9494900000000017,10.817894184657646
[Be]=C1CC2(NC1N)Oc1ccccc1O2,0.4709899999999994,9.0139162847427
[Be]=C1N(C)C=CN1C[Se]c1ccccc1,0.6884899999999994,6.675984919843224
[Be]=C1NC(C(F)(F)c2ccccc2)CO1,1.7630899999999996,6.630607755554774
[Li]<-n1cnc(NC2CCCCC2)c(C)c1,2.5296200000000004,7.265125695775816
[Li]<-n1ccn2c1-c1cc(OC)ccc1C2,1.9204,7.140337446785025
[Li]<-n1ccc(C2=NC(C(=O)O)CO2)cc1,0.3115999999999994,7.604689973726825
[Li]<-n1ccc(-c2ccc(OC)cc2)cc1,2.757200000000001,7.604689973726825
[Be]=C1N(C)C=C(Sc2ccccc2)N1C,2.4510900000000007,6.675984919843224
[Be]=C1N(C)C=CN1C(C)OC(=O)C(C)O,-0.0287100000000002,6.675984919843224
[Li]<-N=C(C)c1c(O)ccc2ccccc12,2.9331700000000005,5.890699853781306
[Li]<-n1ccc(N=Cc2ccccc2)cc1,2.832200000000001,7.604689973726825
[Li]<-n1c[nH]c2c3cccc(OC)c3[nH]c21,2.0528,7.140337446785025
[Li]<-N1=CC(N)=CN(Cc2ccccc2)C1,1.3306,7.389913944766607
[Li]<-N1=CC(n2cccn2)c2ccccc21,2.1884,7.479901724736034
[Li]<-n1ccc(-c2ccc(C#N)cc2)cc1,2.62028,7.604689973726825
[Be]=C1C=C(C)N(c2ccccc2)C(=O)N1,2.15879,7.265125695775816
[Li]<-P(O)(C#Cc1ccccc1)C(C)(C)C,3.183300000000002,5.00660541557868
[Li]<-n1cccc(N=Nc2ccccc2)c1,3.4970000000000017,7.604689973726825
[Li]<-n1cnn(-c2cc(C)c(C)c(C)c2)c1,2.1925599999999994,6.925561417824807
[Be]=C1N(CC)C=CN1C(CC)C(=O)OC,1.04299,6.675984919843224
[Li]<-N1=CN(C(C)(C)C)C(c2ccsc2)C1,2.9316000000000013,7.389913944766607
[Li]<-n1ccccc1N=Cc1ccccc1,2.832200000000001,8.979115815721336
[Li]<-N#Cc1cccc(C(C)C)c1C(C)C,3.805080000000003,1.8387783689363106
[Be]=C1NC(N)=CN1Cc1ccc(C)cc1,1.1541100000000002,6.800773168834016
[Li]<-n1ccc(C2CCCN2CC=C)cc1,2.4045000000000005,7.604689973726825
[Li]<-Nc1ccccc1NC1CCCCC1,3.0134000000000016,2.2131431159086845
[Li]<-s1c2ccccc2c2cc(C)ccc21,4.362920000000003,3.6775567378726213
[Li]<-N1=CCc2cc3nccnc3cc2C1,1.7567,7.729478222717616
[Li]<-n1cccc(SCc2cccnc2)c1,2.7689000000000004,7.604689973726825
[Li]<-S=C(Nc1ccccc1)c1cc[nH]c1,2.8023000000000007,1.963566617927102
[Li]<-P(C1=C(Cl)C(=C)C(C)(C)C1)C(C)(C)C,4.899900000000003,3.8023449868634125
[Be]=C1N(C)C=CN1c1ccc(C)cc1C,2.522730000000001,6.675984919843224
[Li]<-N1=C(C)C(=O)NC(O)(c2ccco2)N1,-0.5225000000000002,7.140337446785025
[Li]<-Nc1cccc(C=C(C#N)C(=O)O)c1,1.26038,2.0883548669178933
[Li]<-n1ccc(-c2ccccc2)n1C(C)C,3.131000000000002,8.979115815721336
[Li]<-n1cc(C(C)(C)C)cc(C(C)(C)C)c1,3.6766000000000014,7.604689973726825
[Be]=C1N(C)C=CN1C(C)c1ccccc1,2.4624900000000007,6.675984919843224
[Li]<-N1=CCC(c2ccccc2F)C1(N)N,0.955,10.72790640468822
[Be]=C1N(c2ncccn2)C=CN1C(C)C,1.47449,6.675984919843224
[Li]<-n1oc(-c2ccccc2)cc1N(C)C,2.4076000000000004,8.219809626509502
[Li]<-NCc1c(C#N)cccc1C(F)(F)F,2.03578,2.3379313648994757
[Li]<-O=C1C2CC(C)C1C(C)(NN)C2(C)C,1.0895,5.516335106808932
[Li]<-n1nc(N)n(N=C(C)c2cccs2)n1,0.5890999999999997,6.336420641892215
[Li]<-n1cnn(-c2ccc(C(C)C)nn2)c1,1.1807,6.925561417824807
[Be]=C1N(CC(C)=O)C=CN1CC(=O)OC,-0.1665100000000001,6.675984919843224
[Li]<-n1ccn(-c2ccc(C)c(C)c2C)c1,2.7975600000000007,7.265125695775816
[Li]<-N1=C(N)ON(C2CCNCC2)C1(C)C,0.0364000000000004,11.557802086431114
[Li]<-n1cc2c(cc1N)c(=O)[nH]c(=O)n2C,-0.7960000000000005,8.979115815721336
[Li]<-n1cc(-c2c(C)cccc2C)c(N)o1,2.54064,6.845383784514992
[Li]<-n1cc(N)cc(-c2cccc[n+]2[O-])c1,0.9642,7.604689973726825
[Li]<-n1cn(NC(=O)c2ccccc2)cn1,0.6619999999999999,6.800773168834016
[Li]<-n1ccn(C(C)=Nc2ccccc2)c1,2.4813,7.265125695775816
[Li]<-O=C(O)C1CNCC1c1ccccc1,1.0741999999999996,5.00660541557868
[Li]<-S=c1[nH]c2ccc(C(N)=O)cc2n1C,1.33479,1.8387783689363106
[Be]=C1N(C)C=CN1C(N)c1ccccc1,1.35879,6.675984919843224
[Be]=C1Oc2ccc(C(F)(F)F)cc2N1C,2.530290000000001,6.3810312575731905
[Li]<-O=C1CN(c2c(C)cccc2C)CN1,1.19714,5.176770828857923
[Li]<-n1ccn(-c2cccc([N+](=O)[O-])c2)c1,1.7805,7.265125695775816
[Be]=C1Oc2c(ccc(OC)c2OC)N1C,1.5286899999999997,6.3810312575731905
[Li]<-S(Cc1ccccc1)c1ccccc1,3.978900000000003,3.9271332358542037
[Be]=C1N(CC(=O)C(=C)F)C=CN1C(C)C,1.53219,6.675984919843224
[Li]<-S=c1[nH]cc(C)n1Cc1ccccc1,2.902410000000001,1.8387783689363106
[Li]<-N1=CN(c2ccc(C)cc2C)CCC1,2.5418400000000005,7.389913944766607
[Be]=C1N(CC)C=CN1C(Br)C(=O)OCC,1.37549,6.675984919843224
[Li]<-S=c1ccn(Cc2ccco2)c(C)c1,3.1673100000000014,1.8387783689363106
[Li]<-O=C(Nc1ccccc1)C(C)(N)CO,0.3347999999999995,5.301559077848714
[Li]<-n1ccn(C(C)=Cc2ccccc2)c1,2.9011000000000005,7.265125695775816
[Be]=C(Nc1ccccn1)c1ccccc1,2.580590000000001,8.979115815721336
[Be]=C1N(CC)C=C2C(F)=C(F)C=C(F)N12,2.4366900000000005,6.675984919843224
[Li]<-p1(Cc2ccncc2)cc(C)c(C)c1,3.733340000000002,5.765911604790515
[Li]<-N1=C(C)C(c2ccccc2)=CC1(C)C,3.323100000000002,12.871448582554175
[Li]<-n1cc(C)cc(N2CC(=O)CC2=O)c1,0.6958199999999998,7.604689973726825
[Li]<-O=c1c(C)cn(CC)c2ccccc12,2.32982,5.641123355799723
[Li]<-p1c(C)ccc(C)c1-c1ccccc1,4.5505400000000025,3.6775567378726213
[Li]<-S1CCC(C(N)(F)c2ccccc2)C1,2.5207000000000006,4.176709733835787
[Be]=C1CCC(C#Cc2ccccc2)N1C,2.1710900000000004,7.265125695775816
[Li]<-n1ccc(C(C)=Nn2cccc2)cc1,2.1554,7.604689973726825
[Li]<-n1cccc(N(C(C)Cl)C(C)Cl)c1N,2.639800000000001,8.979115815721336
[Li]<-n1ccn(-c2cccc(C=C)c2)c1N,2.0975,8.639551537770327
[Li]<-n1cc(C)cc(N(C(C)C)C(C)Cl)c1,3.189620000000001,7.604689973726825
[Li]<-N=C(CC)ON=C(C)c1ccccc1,2.814470000000001,5.131393664569472
[Li]<-N=c1[nH]ccn1-c1cccc(C)c1C,1.90171,4.961994799897705
[Li]<-S=C1NC(C)NC=C1c1ccccc1,1.8937,1.963566617927102
[Li]<-n1cccc(-c2ccncc2C)c1C,2.760440000000001,9.318680093672345
[Li]<-S(C)C(C)Oc1c(F)ccc(F)c1F,3.1917000000000018,4.176709733835787
[Li]<-n1ccc2c(c1)C=CC(C)([N+](=O)[O-])C2,1.6863,7.604689973726825
[Li]<-N=C(CC)ON(C)Cc1ccccc1,2.4372700000000007,5.006605415578681
[Li]<-n1c(C(=O)OCC)oc2ccccc21,2.0045,10.398152273396821
[Li]<-P(O)(ON=C(C)C=C)c1ccccc1,2.1946000000000003,4.372087475357638
[Li]<-N(=Cc1ccncc1)c1ccccc1,2.8322000000000003,9.318680093672345
[Li]<-n1c(C)cccc1N=c1cccc[nH]1,1.95052,10.693105935666855
[Li]<-n1cccc(C[Se]c2ccccc2)c1,1.6113,7.604689973726825
[Li]<-n1ccc(C=C(C)N2CCCC2)cc1,2.5382000000000007,7.604689973726825
[Li]<-O=C(c1ccccc1)c1cccn1C,2.2561,5.641123355799723
[Be]=C1NC(c2cncc(F)c2)=C(N)N1C,0.3367899999999998,6.800773168834016
[Li]<-n1cn(C(C)=O)c2c(SC)cccc21,2.4183000000000003,8.979115815721336
[Li]<-Nc1ccccc1-c1cccc(N)c1,2.518,2.2131431159086845
[Li]<-n1cc(C)n(Cc2ccccc2F)c1,2.378920000000001,7.265125695775816
[Li]<-S=C(N1CCCCCC1)n1cccn1,1.8921,1.963566617927102
[Be]=C(NC1CCCCC1)N1CC(C)(C)C1,2.2467900000000007,4.961994799897705
[Li]<-n1cn(CCC)c2nc(N)[nH]c(=O)c21,0.1117999999999998,8.979115815721336
[Li]<-n1cc(-c2cccc(C)c2)n(CC)c1,2.878420000000001,7.265125695775816
[Be]=C(Nc1ccccc1)c1ccccc1,3.1855900000000013,8.979115815721336
[Li]<-N(NC(=O)C(=O)OC)=C(C)C(=O)OC,-1.1755,8.979115815721336
[Li]<-n1cccc(C(=O)c2ccccc2)c1,2.3126,7.604689973726825
[Li]<-n1cc(N)cc(Cc2ccccc2)c1,2.254600000000001,7.604689973726825
[Li]<-P1(c2ccc(C)cc2)C2CCCCC21,3.4270200000000024,5.765911604790515
[Li]<-N1=CC(C)(C)C(Cl)(c2ccccc2)C1,3.231300000000002,7.729478222717616
[Li]<-n1ccc2c(OC(C)C)cccc2c1,3.022000000000002,7.604689973726825
[Li]<-O=C1c2ccccc2C=CC1N(C)C,1.8263,5.641123355799723
[Be]=C1NC=C(N)N1Cc1ccccc1F,0.98479,8.639551537770327
[Be]=C1NC(C(C)(C)C)=C(C(C)(C)O)N1C,1.54629,6.800773168834016
[Li]<-NC(C)n1nncc1-c1ccccc1,1.4223,2.2131431159086845
[Be]=C1OC(c2ccccc2)=C(C)N1CC,2.723490000000001,6.3810312575731905
[Li]<-n1ccc(C2N=COC2C(C)C)cc1,2.2058,7.604689973726825
[Li]<-S=C(Nc1ccccc1C#N)C(Cl)Cl,3.101280000000001,1.8387783689363106
[Li]<-n1ccc(Nc2ccc(F)cc2)cc1,2.9643000000000006,7.604689973726825
[Li]<-S(Cc1ccccn1)c1ccccc1,3.3739000000000017,3.9271332358542037
[Li]<-n1[nH]c(C)c(C(=O)c2ccoc2)c1O,1.24772,8.344597875500293
[Li]<-S=C1CN(C(C)c2ccccc2)CN1,1.9377,1.8387783689363106
[Li]<-N1=CC2(CCCNC(N)C2)NC(=O)N1,-0.9179,7.265125695775816
[Be]=C1NCN(c2ncccc2OC)C1N,-0.21911,8.424775508810109
[Li]<-OCC(C)N1CNc2ccccc2C1,1.2524000000000002,2.2131431159086845
[Li]<-P1(c2ccccc2)CC(C#N)=CC1C,2.645880000000001,5.516335106808932
[Li]<-NCC1(Cc2ccccc2)CCCC1,2.748200000000001,2.587507862881058
[Li]<-S=c1n(C)c2ccccc2n1C(C)C,3.2901900000000017,1.8387783689363106
[Li]<-n1cc(N)c2c(c1)C(OCC)=CC2=O,1.2375,7.604689973726825
[Li]<-N=c1[nH]c(C(C)C)cn1CC(=O)CC,1.39817,4.961994799897705
[Be]=C1NC23C=CC=CC2(C=C(F)C=C3)S1,2.34589,8.31182896972825
[Li]<-S=C(NC(=O)OCC)c1ccccc1,2.1082,1.8387783689363106
[Li]<-P1(c2ccccc2)C2C3CCC(C3)C21,2.974500000000001,5.765911604790515
[Be]=C1NC=C(N)N1C[Se]c1ccccc1,-0.3673099999999991,6.800773168834016
[Li]<-n1ccccc1C1COC(C(C)C)=N1,2.2074,9.318680093672345
[Li]<-N(=C(C)OCC)c1cccc(OC)c1,2.781600000000001,10.398152273396821
[Li]<-n1cccc(C(=O)OC)c1C(=O)OC,0.6547999999999999,9.318680093672345
[Li]<-S1c2ccccc2C2(C)C=CC=CC12,3.5446000000000017,3.8023449868634125
[Li]<-S=c1[nH]c2ccccc2n1CC(C)C,3.354890000000002,1.8387783689363106
[Li]<-P1(c2ccccc2)OCC(C)C(C)O1,2.6952000000000007,6.210865844293949
[Li]<-p1cc(C(C)(C)C)cc([Si](C)(C)C)c1,4.109400000000004,3.9271332358542037
[Li]<-N#CC1(c2cccc(Cl)c2)COCO1,2.06318,1.8387783689363106
[Li]<-N1=CN(C(C)C)CC2(F)C=CC=CC12,1.9416,9.103904064712127
[Li]<-P12OCC(CO1)C(CC(=O)OCC)O2,1.2283,3.612781286145805
[Li]<-O=C(c1ccccc1)c1cc(C)c[nH]1,2.554120000000001,5.516335106808932
[Li]<-N1=CN(c2c(C)ccc(C)c2C)CC1,2.46016,7.389913944766607
[Li]<-s1c2ccccc2c2ccc(C)cc21,4.362920000000003,3.6775567378726213
[Be]=C1N(CC(=O)OC)C=CN1C(C)(C)C,1.0429899999999996,6.675984919843224
[Li]<-n1cccc(C(=C)c2ccoc2)c1C,3.044520000000001,9.443468342663136
[Li]<-n1ccc(N2C=CC=C(C)C2)cc1C,2.670020000000001,9.318680093672345
[Li]<-n1csc(N=Nc2cccc(C)c2)c1,3.866920000000002,10.61495986560636
[Li]<-n1cn(-c2ccc(C)c(C)c2C)cn1,2.1925600000000003,6.800773168834016
[Li]<-N1C=C(N)N(C(=O)c2ccccc2)C1,0.4470999999999996,7.514702193757399
[Be]=C1NC(N)N(C(C)C)c2ccccc21,1.13379,8.979115815721336
[Li]<-n1ccn(Cc2ccc(C(C)=O)s2)c1,2.1955,7.265125695775816
[Li]<-P(N)(c1ccccc1)c1ccccc1,1.993,5.4263473268395055
[Li]<-n1ccc(-c2ccc(C)c(C)c2)cc1,3.3654400000000013,7.604689973726825
[Li]<-S=C(Nc1ccccc1)N(CC)CC,2.725200000000001,2.0883548669178933
[Be]=C1NC(C(C)(C)C)N(C(C)(C)C)C1N,1.38589,8.5495637578009
[Li]<-n1cn(C(C)C)c(-c2ccccc2)n1,2.5260000000000007,6.800773168834016
[Li]<-P1(C2(C)C(C)=C(C)C(C)=C2C)OC1P,4.017300000000003,4.881817166587889
[Li]<-[O-][n+]1cccc(-c2ccccc2C)c1,2.29542,1.4992140909853016
[Li]<-n1oc(-c2ccc(C#N)cc2)cc1N,1.7954799999999995,8.219809626509502
[Li]<-O=c1cc(-c2ccccc2)c(C)co1,2.6152200000000008,4.88181716658789
[Li]<-N(Cc1ccc(OC)cc1)CC(C)C,2.4408000000000003,4.301497982826578
[Li]<-Nc1ccc(C(=O)OC(C)(O)O)cc1,0.0839000000000002,2.0883548669178933
[Li]<-n1ccc(C=C2SC(C)=C(C)S2)cc1,4.1114000000000015,7.604689973726825
[Li]<-n1c(N)[nH]c2c1c(=O)n(C)c(=O)n2C,-1.4575000000000002,8.514763288779536
[Li]<-n1nn(-c2ccccc2C#N)cc1C,1.4473999999999998,8.514763288779536
[Li]<-N1=Cc2cccc(C(F)(F)F)c2C1N,2.0952,9.228692313702918
[Li]<-[Se]1[Se]C(c2ccc(Cl)cc2)CC1(C)C,3.306700000000003,9.077007842807193
[Li]<-n1nn(C)cc1-c1ccc(C=C)cc1,2.1251,6.675984919843224
[Li]<-P1(C)CC12Cc1ccccc1C(O)C2,2.5303000000000004,5.765911604790515
[Li]<-[O-][n+]1cc(C)cc2cc(OC)ccc21,1.7902199999999997,1.624002339976093
[Li]<-N(Cc1ccccc1)Cc1cccs1,3.0379000000000014,4.301497982826578
[Li]<-n1cc(C(C)C)n(-c2ccccc2)c1,2.995700000000001,7.265125695775816
[Be]=C1N(c2ccccn2)C=CN1C(C)C,2.07949,6.675984919843224
[Be]=C1CC(N)(c2ccccc2)CCN1C,1.60499,9.228692313702918
[Li]<-n1ccn(Cc2cccc(Cl)c2)c1C,2.893220000000001,7.140337446785025
[Be]=C1N(C)C=CN1c1ccccc1C#N,1.77757,6.675984919843224
[Li]<-P(c1ccccc1)=c1[nH]c(N)c(N)[nH]1,1.31089,3.6775567378726213
[Be]=C1N(C)C=CN1CCc1ccccn1,1.33899,6.675984919843224
[Be]=C1NC=CN1c1ccc(C(C)C)cc1,2.6870900000000013,6.800773168834016
[Be]=C1CC2C3C=CC(O3)C2CN1CC=C,1.48649,7.265125695775816
[Li]<-n1cccc(C(=O)c2c[nH]cc2N)c1,1.2229,7.604689973726825
[Li]<-N(C)c1cc(C(C)C)cc(C(C)C)c1,3.975100000000003,4.176709733835787
[Li]<-n1ccn(C)c1-c1sccc1C=NO,1.9567,7.140337446785025
[Li]<-S(Cc1cccnc1)c1ccccc1,3.3739000000000017,3.9271332358542037
[Be]=C1Nc2cc(OC)c(OC)cc2N1C,1.5617899999999996,6.800773168834016
[Be]=C1N(CCOC)CCN1CC(C)(C)C,1.2927899999999997,6.675984919843224
[Li]<-n1cc(C)cc2c(C(N)=O)cccc21,1.64212,9.318680093672345
[Li]<-n1ccc(C=C(C)N(C)C(C)=O)cc1,1.9207,7.604689973726825
[Li]<-N1C(N)=C(c2ccccc2)C=NC1N,0.2302000000000001,4.051921484844995
[Be]=C1NC=C(N)N1c1ccc(C#N)cc1,0.72177,6.800773168834016
[Li]<-S=c1ccc(-c2ccc(C)cc2)n[nH]1,3.1146100000000008,1.8387783689363106
[Li]<-O=c1ccn(-c2ccccc2)cc1C,2.1459199999999994,5.516335106808932
[Li]<-O=c1[nH]c2c(C(N)=O)cccc2n1C,-0.0344999999999999,4.837206550906914
[Li]<-P1(C(C)(C)C)OC(C(C)(C)C)P(Cl)O1,5.066500000000004,4.247299226366847
[Li]<-N1=CN(c2ccc(C)c(C)c2C)CC1,2.46016,7.389913944766607
[Li]<-n1ccn(-c2c(C)cccc2OC)c1,2.1893199999999995,7.265125695775816
[Be]=C(NN=C(C)c1ccccc1)N(C)C,1.5580899999999998,8.299987259819318
[Li]<-n1ccc(-c2c[nH]c(C(C)C)n2)cc1,2.5951000000000004,7.604689973726825
[Li]<-n1ncn(-c2ccc(C(=O)O)cc2)n1,0.3605,6.336420641892215
[Li]<-p1c(C)cc(C)cc1-c1ccccc1,4.550540000000003,3.6775567378726213
[Be]=C1N(CC)C=CN1c1ccc(C)nc1,1.99941,6.675984919843224
[Li]<-OCC(N)c1ccccc1C(F)(F)F,1.6975,2.3379313648994757
[Li]<-n1cncc(C(=O)c2ccccc2)c1,1.7076,7.265125695775816
[Li]<-n1n[nH]c(-c2ccccc2C(=O)O)n1,0.5649,6.336420641892215
[Li]<-S=c1[nH]nc(CC)n1-c1ccccc1,2.492290000000001,1.8387783689363106
[Li]<-N=c1[nH]c(C(C)(C)C)c(C(C)C)n1C,2.25357,4.961994799897705
[Li]<-S(Cc1cccnc1)c1ccccc1,3.3739000000000017,3.9271332358542037
[Be]=C1N(CC)C=CN1Cc1ccccc1,2.29159,6.675984919843224
[Li]<-N1=CNC(C)(C(S)S)C1c1ccsc1,2.3651,9.103904064712127
[Li]<-Nc1cnc(-c2cccc(Cl)c2)nc1,2.3792,2.0883548669178933
[Li]<-n1ccn(-c2ccccc2)c1C(=O)O,1.5704999999999998,7.140337446785025
[Li]<-n1cccc(Nc2cccc[n+]2[O-])c1,1.4586,7.604689973726825
[Be]=C1NCN(c2ccccc2C)C1(C)N,1.07581,10.38834212673721
[Li]<-NCC(C)(NC)c1ccnc(OC)c1,0.4835000000000001,2.462719613890267
[Li]<-O=C1Nc2ccccc2CN1CCC,2.4441,4.837206550906914
[Li]<-[O-][N+]1=CC(C)=CC1c1ccc(Br)cc1,3.031200000000002,1.624002339976093
[Li]<-N12CCC(c3ccccc3)(CC1)CC2,2.4239000000000006,6.26506460075368
[Li]<-n1cccc(C2OC=NC2C(C)C)c1,2.2058,7.604689973726825
[Be]=C1NC(c2ccccn2)=C(N)N1CC,0.58779,6.800773168834016
[Be]=C1SC(N)(c2cccc(C)c2)NC1N,0.7240100000000003,9.811043060713551
[Li]<-n1c(C)cccc1C1NC(=O)CC1O,0.3119199999999998,11.032670213617864
[Li]<-N=c1[nH]c(-c2ccccc2C)c(C)s1,2.8395100000000006,3.4627807089124034
[Li]<-n1cn(CC)cc1-c1ccc(F)cc1,2.7091000000000003,7.140337446785025
[Be]=C1N(C)C2CC(N1C)C(C)(C)C2(C)C,2.0531900000000003,8.514763288779536
[Be]=C(Nc1cccnc1)c1ccccc1,2.580590000000001,8.979115815721336
[Li]<-N1=CNC(C(C)C)c2cc(I)ccc21,3.2513000000000014,8.979115815721336
[Li]<-n1cc(C)cc(N(CCBr)CCBr)c1,2.986220000000001,7.604689973726825
[Be]=C1NC(N)=CN1Cc1ccc(F)cc1,0.98479,6.800773168834016
[Be]=C1N(C)C=CN1Cc1ccccc1F,2.04059,6.675984919843224
[Li]<-N1=CN(CC(C)(C)C)C2C=CC=CC21,2.2396000000000003,9.103904064712127
[Li]<-N1Cc2ccccc2C(C(F)(F)F)C1,2.4357000000000006,4.301497982826578
[Be]=C(NC(=O)c1ccc(C)cc1)N(C)C,1.28271,6.800773168834016
[Li]<-N1=CC(c2ccccc2)=C(OCC)C1,2.518600000000001,7.729478222717616
[Li]<-n1cc(C2OCCCO2)ccc1CO,1.0094,9.318680093672345
[Li]<-n1cccc(-c2ccccc2OC)c1,2.757200000000001,7.604689973726825
[Li]<-N#Cc1ccc(C2COCOC2)cc1,1.64618,3.6775567378726213
[Li]<-N1CCN(c2cc(C)c(C)cn2)CC1,1.1080399999999997,4.301497982826578
[Li]<-NCc1ccc([N+](=O)[O-])cn1,0.4485,2.3379313648994757
[Li]<-n1c(C)sc2cc(C)ccc21,2.913140000000001,12.204161736561089
[Li]<-n1cccc(CNC(=O)F)c1,1.2607,7.604689973726825
[Li]<-Nc1cccc(C(=O)O)c1O,0.6726000000000001,2.0883548669178933
[Li]<-S=C(NC(C)(C)C)C(C)(C)C,2.748000000000001,1.8387783689363106
[Li]<-n1csc(-c2ccccc2)c1,2.810100000000001,10.61495986560636
[Li]<-P1(CN(C)C)CC(C)C(C)C1,2.2732,5.641123355799723
[Li]<-N#Cc1ccc(C(C)C)cc1,2.681680000000001,1.8387783689363106
[Be]=C1NC(N)(C(C)(C)C)NC1N,-0.8386099999999985,8.424775508810109
[Li]<-O=C(Cl)C=Nc1ccccc1,2.1543,3.6775567378726213
[Be]=C(N)Nc1c(C)cccc1C,1.67033,3.497581177933768
[Li]<-NCC12CC(CCC1(C)C)C2,2.1615,2.462719613890267
[Be]=C1N(C)C(N)=C2NCC=CN12,-0.5677099999999997,6.675984919843224
[Li]<-N1=CCC2(C1)NCCNC2N,-1.3226999999999989,7.729478222717616
[Li]<-O=C(Cl)Nc1cccc(C)c1,2.765720000000001,3.4627807089124034
[Li]<-N(C)Cc1c(F)cccc1Cl,2.1985,4.42628623181737
[Li]<-n1cc(CO)cc(C(=C)C)c1,1.607,7.604689973726825
[Li]<-P1(NCC)OC(C)CC(C)O1,2.0367,4.032523197406629
[Li]<-S=C1CNC(=O)N(C(C)C)C1,0.7899,1.8387783689363106
[Be]=C(SC(C)=C(F)C=C)N(C)C,2.6644900000000007,10.02581908967377
[Li]<-N(N)c1ccc(C(=O)O)cc1,0.6704000000000001,3.712357206893986
[Li]<-OC(C)N(C)c1ccccc1,1.4610999999999998,2.0883548669178933
[Li]<-N#Cc1ccccc1[N+](=O)[O-],1.46648,1.8387783689363106
[Li]<-N#CCc1ccc(C#N)cc1,1.62436,1.8387783689363106
[Be]=C(N)c1ccc([N+](=O)[O-])cc1,0.94039,7.265125695775816
[Be]=C(NC(=C)C)c1ccccc1,2.1966900000000003,8.979115815721336
[Li]<-n1ccc(N(CC)CC)cc1,1.9278,7.604689973726825
[Li]<-n1ccn(CCC(=O)OC)c1,0.4461999999999998,7.265125695775816
[Li]<-N1=NC(C(C)(C)C)=CC1(C)C,3.160800000000002,10.817894184657646
[Li]<-n1cc(C)n(CC(=O)OC)c1,0.3645199999999999,7.265125695775816
[Li]<-N1=COC(C(F)(F)F)C1(C)N,0.6507000000000002,10.308164493427395
[Li]<-S=c1[nH]c(C(=O)OC)nn1C,0.2642899999999999,1.8387783689363106
[Li]<-S1c2ccccc2C(C)C1C,3.2843000000000018,3.8023449868634125
[Be]=C(C)Nc1ccccc1C=C,2.8001900000000006,5.80071207381188
[Li]<-O=C1C(=O)n2cncc2N1C,-0.5003000000000004,5.176770828857923
[Be]=C1N(CCO)C=CN1C(C)C,0.4721900000000001,6.675984919843224
[Li]<-N(CCO)Cc1ccccn1,0.1634999999999997,4.301497982826578
[Be]=C1Oc2ccc(C)cc2N1C,1.81991,6.3810312575731905
[Li]<-Nc1ccc(C(C)(C)C)cc1,2.5663,2.0883548669178933
[Li]<-P1(NCCO)OCCC(C)O1,0.6205999999999998,4.032523197406629
[Li]<-N(CC)c1cccc(OC)c1,2.127,4.051921484844995
[Li]<-S=c1[nH]cc(NC(C)=O)n1C,1.0410899999999998,1.8387783689363106
[Li]<-NC(CO)c1cccc(I)c1,1.2833,2.2131431159086845
[Li]<-n1cc(C)n(C(C)C(=C)F)c1,2.2357200000000006,7.265125695775816
[Li]<-n1cccc(-c2cc[nH]c2)c1,2.0767,7.604689973726825
[Li]<-PC(F)(C(F)(F)F)C(F)(F)F,2.6519,2.0883548669178933
[Li]<-Nc1ccccc1C(C)(C)N,1.4626,2.0883548669178933
[Li]<-n1cc(C(C)(O)O)sc1C,0.6088199999999999,10.49017161661557
[Li]<-n1cc(C)cc(CN(C)C)c1,1.45162,7.604689973726825
[Li]<-S=C(N)n1nc(C)c(C)c1C,0.9000600000000002,1.8387783689363106
[Li]<-n1cccc(CNC(N)=O)c1,0.2498999999999996,7.604689973726825
[Be]=C1NC(c2ccccc2)=CS1,2.31769,8.31182896972825
[Li]<-n1ccn(C(C)=NN(C)C)c1,0.6262,7.265125695775816
[Li]<-n1csc(N2CCOCC2)c1,0.9797,10.61495986560636
[Li]<-n1cc(-c2cscn2)sc1N,1.8488,11.98938570760087
[Li]<-NC(C)c1ccccc1C=O,1.5188,2.3379313648994757
[Li]<-n1ccc(C(C)=NC)c(C)c1,1.82882,7.604689973726825
[Li]<-n1cc(-c2nccs2)sc1N,1.8488,11.98938570760087
[Li]<-P(c1ccccc1)C(C)(C)C,2.788900000000001,3.8023449868634125
[Li]<-n1ccc(-c2nccs2)cc1,2.2051,7.604689973726825
[Li]<-N#CC(C)c1ccc(C)cc1,2.6221000000000005,1.8387783689363106
[Li]<-n1ncsc1-c1ccccc1,2.2051,10.02581908967377
[Be]=C1NC(NC(C)(C)C)=CN1C,0.7046899999999996,6.800773168834016
[Li]<-O=c1ccc2ccccc2o1,1.793,4.88181716658789
[Li]<-[O-][N+](C)=Cc1cccc(C)c1,1.55402,3.4627807089124034
[Li]<-P(C)(N=CC)c1ccccc1,2.4293000000000005,5.551135575830297
[Li]<-S=C1SCc2cc(C)sc2S1,3.680320000000001,1.8387783689363106
[Li]<-OCc1ccc(C(C)=O)cc1,1.3815000000000002,2.3379313648994757
[Li]<-Nc1cccc(C(=O)OC)c1,1.0554,2.0883548669178933
[Li]<-N(=c1cc[nH]cc1N)C(C)C,0.906,11.282246711599447
[Li]<-n1[nH]ccc1-c1ccccc1,2.0767,7.140337446785025
[Li]<-[O-][N+](C)=Cc1ccc(C)cc1,1.55402,3.5875689579031946
[Li]<-N(C)CCOc1ccccc1,1.2848,4.42628623181737
[Li]<-n1c[nH]c(=O)c2ccccc21,0.9231,8.979115815721336
[Li]<-S=c1[nH]c2cccc(C)c2[nH]1,2.53391,1.8387783689363106
[Li]<-N(O)=C(C)c1cccc(F)c1,2.0239,6.845383784514991
[Be]=C1N(CCl)C=CN1C(C)(C)C,2.06629,6.675984919843224
[Be]=C=Cc1c(C)cc(C)cc1C,2.9350500000000013,3.9271332358542037
[Li]<-S1Cc2ccc(OC)cc2C1,2.442,4.176709733835787
[Li]<-P1(c2ccccc2)OCPO1,2.2216,6.086077595303157
[Be]=C1N(C)C(Cl)=C2C=CC=CN12,1.72149,6.675984919843224
[Li]<-N12CN3CP(CN(C1)C3N)C2,-0.5551000000000001,6.26506460075368
[Li]<-[S+]([O-])(CC)c1ccc(C)cc1,2.12252,5.1313936645694715
[Li]<-n1cnc2[nH]cc(N)c2c1Cl,1.1935,7.140337446785025
[Li]<-n1csc(-c2ccncc2)n1,1.6000999999999996,10.15060733866456
[Li]<-N(CC)C(C)OCC(F)(F)F,1.5208000000000002,4.176709733835787
[Li]<-N1NC12CCC(OCC)CC2,0.7695999999999998,3.5875689579031946
[Be]=C1c2ccccc2CNC1N,0.5039900000000002,10.478329906706637
[Li]<-S=c1[nH]c(N)c2ccccn12,1.5790899999999997,1.8387783689363106
[Li]<-S=C(NC)Nc1cncnc1,0.3928,1.963566617927102
[Li]<-n1ccn(CCC(C)(C)C)c1,2.3193,7.265125695775816
[Li]<-S=c1[nH][nH]c(C(C)(C)C)c1C,2.67821,1.8387783689363106
[Be]=C(N(C)C)N1CCCCCC1,1.4202899999999998,10.603118155697429
[Li]<-n1ccc(C=C(C)C)c(N)c1,2.087,7.604689973726825
[Be]=C1OC2OC(C)(C)OC2N1C,0.3797899999999998,6.3810312575731905
[Li]<-N(=Cc1cccnc1)C(N)=S,0.7441000000000001,7.140337446785025
[Be]=C(Nc1ccccc1)C(=C)C,2.7133900000000004,7.140337446785025
[Li]<-N1=CCc2ccc(Br)cc2C1,2.5760000000000005,7.729478222717616
[Li]<-N1=COC2C3C=CC(O3)C21C,0.5094000000000001,10.522940522387612
[Li]<-NC(C)c1cccc(OC)c1,1.7149,2.2131431159086845
[Li]<-OCC(CO)c1ccccc1,0.7548000000000001,2.2131431159086845
[Be]=C1N(CCC)C=CN1C(C)C,1.88989,6.675984919843224
[Li]<-N(C)=CNc1ccccc1C,2.06502,5.675923824821088
[Li]<-[N-]=[N+](C)c1cc(C)ccc1C,2.598840000000001,5.176770828857923
[Be]=C1CC23C=CC(CC2(C)N1)O3,0.87469,7.389913944766607
[Be]=C(C)Nc1c(C)cccc1C,2.7740300000000007,5.675923824821088
[Li]<-S=C1CNC(N)(C(=O)O)NC1,-1.7537999999999994,1.8387783689363106
[Li]<-O=C1CNC(N)NC1(C)C,-1.230799999999999,5.641123355799723
[Be]=C(C)Nc1cccc(F)c1F,2.435390000000001,5.675923824821088
[Li]<-Nc1c(O)cccc1C(=O)O,0.6726,2.2131431159086845
[Be]=C(NC)c1ccc(C#N)cc1,1.16457,8.979115815721336
[Li]<-O=C(C)Nc1ccc(C)cc1,1.95342,5.4263473268395055
[Li]<-n1nc(-c2ccco2)nn1C,0.4700999999999998,6.336420641892215
[Li]<-N=CC(C)(C)c1ccccc1,2.6137700000000006,3.9271332358542037
[Li]<-NN=C(C)c1ccccc1C,1.67772,1.8735788379576759
[Li]<-S=Cc1ccccc1C(N)=O,1.1333,1.963566617927102
[Li]<-P(=C(C)C(F)(F)F)C(C)(C)C,3.4857000000000022,3.6775567378726213
[Li]<-n1ccn(C(C)=C(C)C)c1C,2.462320000000001,7.140337446785025
[Li]<-NCc1ccc([Si](C)(C)C)s1,1.7519999999999998,2.3379313648994757
[Li]<-N(=Cc1ccccc1)C(C)N,1.4102,9.103904064712127
[Li]<-[O-][n+]1ccccc1CC(C)C,1.5185,3.4627807089124034
[Li]<-n1cncc(C(=O)OCC)c1,0.6533,7.265125695775816
[Be]=C(NC)c1ccc(F)cc1,1.43199,8.979115815721336
[Li]<-n1cnc(C)c(NC(C)=O)c1,0.7434199999999997,7.265125695775816
[Li]<-P(C)=c1n(C)c(C)c(C)n1C,2.08843,3.9271332358542037
[Li]<-N(C)=C(C)c1ccc(C)cc1,2.4338200000000008,7.729478222717616
[Li]<-n1ccc(N)c2ccccc21,1.817,9.318680093672345
[Li]<-Nc1ccc(C(F)(F)F)cc1,2.2876000000000003,2.0883548669178933
[Li]<-S=C(NN)N1CCOCC1,-0.9331999999999998,1.963566617927102
[Li]<-Nc1ccccc1CC(C)=O,1.4003,2.0883548669178933
[Li]<-[nH]1nccc1-c1cccnc1,1.4716999999999998,7.140337446785025
[Be]=C1NCC23C=CC(CC12C)O3,0.7321899999999999,8.979115815721336
[Li]<-NCC(=O)NC1CCCCC1,0.3939999999999994,2.462719613890267
[Li]<-O=C1COCc2ccccc21,1.3995,5.641123355799723
[Li]<-n1cccc2c(C)nccc21,1.93822,9.318680093672345
[Li]<-N(CC)CCN1CCCCC1,1.0817999999999997,4.301497982826578
[Li]<-O=CC=C(N)c1ccccc1,1.1851,3.8023449868634125
[Li]<-S=C1C=CNC(C)(N)N1CC,0.3849999999999999,1.963566617927102
[Li]<-NN1Cc2ccccc2C1=O,0.5161000000000001,1.7487905889668844
[Li]<-Pc1cccc(C(C)(C)N)c1,1.3808,2.0883548669178933
[Li]<-N(Cc1cccnc1)=C(C)C,2.0624,9.443468342663136
[Li]<-S=C(N)N(C)c1ccccc1,1.3664,1.963566617927102
[Li]<-n1cccc(CNC(C)C)c1,1.5796,7.604689973726825
[Li]<-S=C1C=C(C(C)=O)NC(C)N1,0.3255,1.8387783689363106
[Li]<-n1cc(N)cc(C(C)(C)O)c1,0.8912,7.604689973726825
[Li]<-O=C(C)Nc1cccc(F)c1,1.7840999999999998,5.4263473268395055
[Li]<-S=C(NC(C)(C)C)C(C)=O,1.2909000000000002,1.8387783689363106
[Li]<-N1=CSC(n2cc(C)cn2)C1,1.46522,10.739748114597152
[Li]<-Pc1ccc(CN(C)C)cc1,1.2486,2.0883548669178933
[Li]<-N1=CN(C)Cc2ccccc21,1.7917999999999998,8.979115815721336
[Li]<-n1c(CO)c(C)c(N)n1CO,-0.7841800000000001,8.854327566730545
[Li]<-N12CN3CN(C1)C([SeH])P(C3)C2,-0.613,6.26506460075368
[Li]<-N1=C(C)ON(C(C)(C)C)C1N,0.6927999999999999,8.005033597549284
[Li]<-P(F)(c1ccccc1)C(C)C,3.0867000000000013,4.578079611258418
[Li]<-n1cccc2c1C(=O)C(=O)N2,0.2163999999999999,7.479901724736034
[Li]<-n1c[nH]c(C(C)(C)C)c1OC,1.7158,8.344597875500293
[Li]<-N(C)=C(C)c1ccc(F)cc1,2.2645,7.854266471708408
[Li]<-S=C(NC)N(C(C)C)C(C)C,1.6095,1.8387783689363106
[Li]<-n1cccc(CC(C)(C)O)c1,1.395,7.604689973726825
[Li]<-N(=C(C)C)c1ncccc1C,2.502320000000001,10.693105935666855
[Li]<-N1C=CN(OC)C1C(C)(C)C,1.2963999999999998,7.265125695775816
[Be]=C1N(C)C=C(C(F)(F)F)N1C,1.2635900000000002,6.675984919843224
[Li]<-n1cccc(C(=O)N(C)C)c1,0.7834,7.604689973726825
[Li]<-n1ccnc(C=NCC=C)c1,1.0815,7.604689973726825
[Li]<-n1ccc(C)c2ccccc21,2.5432200000000007,9.318680093672345
[Li]<-n1cccc(C(=O)NOC)c1,0.3728000000000002,7.604689973726825
[Li]<-N(=C(C)C)c1ccc(C)cc1,3.1073200000000014,11.032670213617864
[Li]<-N(=CC=C)c1ccc(F)cc1,2.7140000000000013,9.318680093672345
[Li]<-O=Cc1cccc(N(C)C)c1,1.5651,3.8023449868634125
[Li]<-n1cnn(-c2cccnc2)c1,0.6622999999999999,6.925561417824807
[Be]=C(NC)Nc1ccc(C)cc1,1.62261,7.050349666815598
[Li]<-NC(C)c1ccc(I)cc1,2.3109,2.2131431159086845
[Li]<-n1c2ccccc2cn1CC,2.0562,8.854327566730545
[Li]<-N(=Cc1ccccn1)CCN,0.4591999999999996,7.729478222717616
[Li]<-n1csc(-c2ccsc2)c1N,2.4538,11.98938570760087
[Li]<-O=C1C=CC=C2C=CC=CC21,1.7938999999999998,5.516335106808932
[Li]<-n1ccc(-c2cccs2)cc1,2.8101000000000003,7.604689973726825
[Li]<-P(CC(C)C=C)CC(C)(C)C,3.533100000000002,4.301497982826578
[Li]<-n1cnccc1NC(C)=O,0.4349999999999998,8.639551537770327
[Li]<-[As](C)(CC)Cc1ccccc1,2.9128000000000016,6.26506460075368
[Li]<-Pc1cccc(SC(C)C)c1,2.6875000000000018,2.0883548669178933
[Li]<-O=[N+]1C=CC(=[N+]([O-])[O-])C=C1C,0.6455,5.301559077848714
[Be]=C1NC(N)(C(=O)OC)NC1N,-2.711709999999999,8.5495637578009
[Be]=C1N(CC#N)C=CN1C(C)C,1.00347,6.675984919843224
[Li]<-N#Cc1ccc(C(C)=O)cc1,1.7608800000000002,1.8387783689363106
[Li]<-Nc1cnc(C)cc1C(=O)O,0.67042,2.0883548669178933
[Li]<-P1(C(C)C)CC12CCCCC2,3.593200000000002,5.641123355799723
[Li]<-N1CC(CO)c2ccccc21,1.188,7.729478222717616
[Li]<-S=c1[nH]c(N)cn1C(C)(C)C,1.88289,1.8387783689363106
[Be]=C1OC(N)(C(C)(C)C)NC1=C,0.8172900000000001,6.505819506563982
[Li]<-O=C1C2CC(C)(C)C1CC2C,2.2576,5.516335106808932
[Be]=C(C)Nc1cccc(C)c1C,2.7740300000000016,5.675923824821088
[Li]<-S=c1c(C(N)=O)c1C(C)(C)C,1.68809,1.8387783689363106
[Be]=C1CC2OC(C)(C)OC2N1C,0.8382899999999998,7.265125695775816
[Be]=C(CC(=O)OC)N1CCCC1,0.6840899999999999,5.4263473268395055
[Li]<-S=C(NCC)c1ccccc1,1.9716,1.8387783689363106
[Li]<-N#CN1Cc2ccccc2C1,1.48328,3.337992459921612
[Li]<-N(=C)NC(C)c1ccccc1,1.9528,5.551135575830297
[Li]<-n1ccc(N)c(C(=O)OC)c1,0.4504,7.604689973726825
[Li]<-P1(S)C(C)C1c1ccccc1,3.4565000000000023,8.651393247679259
[Li]<-NCc1ccccc1C(C)C,2.2687,2.3379313648994757
[Li]<-NCc1ccc2c(c1)COC2,1.1755,2.462719613890267
[Li]<-S1CC(N)c2ccccc21,1.7921,5.890699853781306
[Li]<-n1cc2ccccc2nc1C,1.93822,8.979115815721336
[Li]<-n1c(N)sc2c(C)cccc21,2.18692,12.204161736561089
[Li]<-n1cccc(CN(C)C)c1C,1.45162,9.318680093672345
[Be]=C1NC(N)=CN1CC(O)C=C,-0.8076100000000002,6.800773168834016
[Be]=C1NC=CN1c1ccccc1,1.56369,6.800773168834016
[Li]<-N1=CCC(c2ccccc2)C1,2.2447,7.729478222717616
[Li]<-n1cn(CC)c2ccccc21,2.0562,7.140337446785025
[Li]<-n1ccn2ccc(=O)n(C)c21,0.0329999999999998,8.639551537770327
[Li]<-n1ccccc1CNCCCl,1.41,9.318680093672345
[Li]<-n1ccn(C(=O)CN(C)C)c1,0.0848999999999995,7.265125695775816
[Li]<-n1ccn(Cc2ccoc2)c1,1.5244,7.265125695775816
[Li]<-PC1(C)C(C)=C(C)C(C)=C1C,3.306600000000003,2.0883548669178933
[Li]<-S(CCOC)c1ccccc1,2.4251000000000005,3.9271332358542037
[Be]=C1NC=C(N)N1C(C)C(=O)O,-0.8814099999999994,6.800773168834016
[Li]<-S=Cc1ccccc1N(C)C,2.1004,1.963566617927102
[Li]<-n1ccc(C(C)(C)O)c(N)c1,0.8912,7.604689973726825
[Li]<-n1c(N)sc2cccc(Cl)c21,2.5319000000000003,13.70337582754639
[Li]<-n1ccn(C)c1-c1cccs1,2.1486,7.140337446785025
[Li]<-S=C1NCC(C(=O)O)=C(O)N1,-0.6817000000000002,1.8387783689363106
[Li]<-Nc1ccc(C=C(C)O)cc1,2.1876000000000007,2.0883548669178933
[Be]=C1C(C)NC2C3CCC(O3)C12,0.6053899999999999,9.228692313702918
[Li]<-n1c(-c2ccco2)ccn1C,1.6801,8.854327566730545
[Li]<-O=C(C)Cn1ncc(C)c1C,1.08894,5.516335106808932
[Li]<-NCC(C)c1ccccc1,1.7488,2.462719613890267
[Be]=C1N(CCCl)CCN1C(C)=O,0.3855900000000001,6.675984919843224
[Be]=C1COC(c2ccccc2)N1,1.34379,6.755396004545564
[Be]=C1NC(N)=CN1CC(=O)OC,-1.181509999999999,6.800773168834016
[Li]<-n1c(C)[nH]c2c1C21CC1(F)F,1.35662,7.0155491977942335
[Li]<-N1=COC(c2ccccc2)C1,1.7862,7.094960282496573
[Li]<-S=C(CN(CC)CC)OCC,1.6921000000000002,1.963566617927102
[Li]<-n1cc(C(=O)OCC)c(C)[nH]1,0.89482,7.265125695775816
[Li]<-N(CCC)C(C)C1OCCO1,0.7473999999999998,4.176709733835787
[Li]<-S1CCCC1c1ccccc1,3.254700000000001,4.051921484844995
[Li]<-Nc1cc(C)cc(C#CN)c1,0.8449200000000001,2.0883548669178933
[Li]<-n1c(C)cccc1N=C(C)O,1.99792,10.693105935666855
[Li]<-P(c1ccccc1)C(Cl)CO,1.5476,3.9271332358542037
[Li]<-P1(c2ccccc2)CC1C=C,2.362,5.516335106808932
[Li]<-N(Cc1ccccc1)=C(C)C,2.6674000000000007,9.443468342663136
[Li]<-N12CN3CN(C1)C(F)P(C3)C2,0.4557,6.26506460075368
[Li]<-n1cccc(CNC(C)C)c1,1.5796,7.604689973726825
[Li]<-NCc1ccccc1N(C)C,1.2113,2.3379313648994757
[Be]=C1Nc2ccccc2N1CC,1.93469,6.800773168834016
[Li]<-NCc1ccc(C(=O)O)cc1,0.8435000000000001,2.3379313648994757
[Li]<-n1ccc(C(F)(F)F)c(C)c1,2.4088200000000004,7.604689973726825
[Li]<-n1cn(CC)c2c1NCC=C2,1.3416999999999997,7.140337446785025
[Li]<-P(O)(C(=C)C)c1ccccc1,2.2347,5.00660541557868
[Li]<-N12CCC(SC=C)(CC1)CC2,2.1014,6.26506460075368
[Be]=C(OC)C1CC1C(=C)C(=O)O,0.94849,6.845383784514991
[Be]=C1N(CC)C=CN1C(C)(S)S,1.62469,6.675984919843224
[Li]<-N1=COC(C)(OCC)C1(C)C,1.5762,10.522940522387612
[Li]<-O=C(O)C(N)c1ccccc1,0.7709999999999999,5.1313936645694715
[Li]<-Nc1c(C)cncc1N=C=O,0.93952,2.2131431159086845
[Be]=C1N(C)C=CN1CCCC=C,1.66749,6.675984919843224
[Li]<-N1CC(C)C2=CC3CCC21O3,1.041,7.729478222717616
[Li]<-O=Bc1ccccc1C(C)C,1.485,2.4827127095377124
[Li]<-P(C)(OCC)c1ccccc1,2.3751000000000007,5.256181913560263
[Li]<-n1cnn(CC(=O)OCC)n1,-0.7638000000000003,6.4612088908830065
[Be]=C1N(CCO)CCN1C(C)C,0.0009900000000001,6.675984919843224
[Li]<-NCC(C)(N)C(O)C(F)(F)F,-0.4142999999999997,2.587507862881058
[Li]<-O=C(OC)c1cc(C)c(C)[nH]1,1.41814,5.00660541557868
[Li]<-S(CC(C)C)c1ccccc1,3.434700000000002,4.051921484844995
[Li]<-S=C(NC)N1N=CC(C)C1C,0.8167,1.8387783689363106
[Li]<-n1ccn(C(C)C(=O)OC)c1,0.6170999999999999,7.265125695775816
[Li]<-N1CCCC1c1ccccc1,2.1110999999999995,7.854266471708408
[Li]<-P1(C(C)=O)NC(N)C(=O)CO1,-0.6815000000000002,4.667041137627672
[Li]<-n1ccc(C(=O)NOC)cc1,0.3728000000000001,7.604689973726825
[Li]<-N#Cc1cccc(C(C)C)c1,2.681680000000001,1.8387783689363106
[Li]<-n1nc2ccccc2n1CN,0.3474999999999997,8.514763288779536
[Li]<-n1cccc(-c2cn[nH]c2)c1,1.4716999999999998,7.604689973726825
[Li]<-P1(C(C)(C)C)OC(P)P(Cl)O1,3.853000000000002,6.210865844293949
[Li]<-P(C)(C(=C)C)C1CCCCC1,3.964400000000002,6.015488102772097
[Li]<-n1cc(C)cc2ccccc21,2.5432200000000007,9.318680093672345
[Li]<-n1csc(-n2nccc2I)c1,1.9334,10.61495986560636
[Li]<-N(O)=CC=Cc1ccccc1,2.1598,5.1313936645694715
[Li]<-n1nccc2c1CC=CC=C2,1.6021,8.979115815721336
[Li]<-N=C(C)C(=O)c1ccccc1,1.90897,5.641123355799723
[Be]=C1Nc2ccccc2N1OC,1.47619,8.005033597549284
[Li]<-N(CC)Cc1cccc(F)c1,1.9352,4.301497982826578
[Li]<-S=C1NCN(C(C)=O)C=C1N,-0.4769000000000001,1.8387783689363106
[Be]=C(C#CC)c1ccccc1,2.13929,7.3551134757452425
[Li]<-N=Cc1ccccc1OCC,2.08297,3.9271332358542037
[Li]<-N1=NC(C)(C)C(C(=O)OC)=C1,1.2877,7.140337446785025
[Li]<-N#Cc1ccc(C)c(C)c1C,2.4835400000000005,3.6775567378726213
[Li]<-n1ccc(-c2ccco2)cc1,2.3416,7.604689973726825
[Li]<-O(CC(F)(F)F)CC(F)(F)F,2.1276,4.176709733835787
[Be]=C1C(N)NC1c1ccccc1,0.6969900000000001,7.050349666815598
[Li]<-P(C)(Cc1ccccc1)OC,2.859700000000001,5.505758411541847
[Li]<-P1(C(C)(C)C)OPC(O)O1,2.0130000000000003,4.247299226366847
[Li]<-N(C)=C(Cl)c1ccccc1F,2.4409,5.890699853781306
[Li]<-S=c1c(N(C)C)c1C(C)(C)C,2.655190000000001,1.8387783689363106
[Li]<-n1cccc(-c2ncc[nH]2)c1,1.4716999999999998,7.604689973726825
[Li]<-P(N)(C(C)C)N1CCCCC1,2.1513,5.211571297879288
[Be]=C1NC(C)(C(C)C)C(C)(C)O1,1.79579,6.630607755554774
[Li]<-[O-][n+]1ccccc1C(C)(C)C,1.6175,1.7487905889668844
[Be]=C1NC(N)N(C(C)O)C1C#N,-1.5968299999999995,8.764339786761118
[Li]<-n1c(C)cnc2ccccc21,1.93822,11.032670213617864
[Li]<-N(CCO)Cc1ccccc1,0.7685,4.301497982826578
[Li]<-NCC1CCC(C(C)C)CC1,2.4075000000000006,2.3379313648994757
[Li]<-n1coc(-c2ccccc2)c1,2.3416,6.970172033505782
[Be]=C1CC(C(=O)OCC)OC1N,-0.2955100000000001,8.594174373481875
[Li]<-n1csc(C2OCCCO2)c1,1.5786,5.765911604790515
[Li]<-n1ccsc1-c1ccccc1,2.810100000000001,5.641123355799723
[Li]<-P(CC(=C)C)c1ccccc1,2.5665000000000004,4.051921484844995
[Li]<-n1cn(C(C)O)cc1C(O)Cl,0.6235999999999999,7.140337446785025
[Li]<-n1c(C)ccn1CC(=O)CO,-0.2470800000000001,8.854327566730545
[Li]<-P1(O)OCC(C)C([N+](=O)[O-])O1,0.4913,3.737569535136596
[Li]<-N=C(CC)ON=CC(C)(C)C,2.4221700000000004,5.006605415578681
[Li]<-P1(CN(C)C)OCCC(C)O1,1.6428,4.372087475357638
[Li]<-NCc1ccc([N+](=O)[O-])cc1,1.0535,2.3379313648994757
[Li]<-n1ccccc1-n1ccnc1,1.2672999999999996,8.979115815721336
[Li]<-S=c1oc(C)c(C)cc1OC,2.6345300000000007,1.8387783689363106
[Be]=C1NC=C(Cc2cnc[nH]2)S1,1.1262899999999998,8.31182896972825
[Li]<-n1cc(N)c2ccccc2c1,1.817,7.604689973726825
[Li]<-N(c1ccc(C)cc1)C(C)C,2.8153200000000007,3.9271332358542037
[Li]<-NCC(C)Nc1ccccn1,0.8407,2.3379313648994757
[Li]<-n1cc(C)n(C(C)(C)C)c1Cl,2.599920000000001,7.140337446785025
[Li]<-n1ccc(CN(C)C)c(C)c1,1.45162,7.604689973726825
[Be]=C1C2OC(C)(C)OC2CN1C,0.4906899999999998,8.344597875500293
[Li]<-O=C1Cc2ccccc2N1C,1.2055,5.176770828857923
[Li]<-P(=C(CC)OCC)C(C)(C)C,3.307500000000002,3.6775567378726213
[Li]<-Nc1ccc(C(=O)O)cc1I,1.5716,2.0883548669178933
[Li]<-n1cc(C(C)C)n(C(C)C)c1,2.5874000000000006,7.265125695775816
[Li]<-N1=CN(C2CCCCC2)CC1,1.663,7.389913944766607
[Li]<-N1=COC(c2ccncc2)C1,1.1812,7.094960282496573
[Li]<-N(=CC=C)c1ccccc1C,2.883320000000001,9.318680093672345
[Li]<-S=C(N)NCc1ccccc1,1.0198000000000005,1.8387783689363106
[Li]<-N(N)c1ccccc1[N+](=O)[O-],0.8804000000000001,3.712357206893986
[Li]<-n1ccc(-c2ncc[nH]2)cc1,1.4716999999999998,7.604689973726825
[Li]<-SCc1cc(C)cc(C)c1C,3.041660000000001,2.3379313648994757
[Li]<-S1C(C)(C)CCC1(C)C(C)C,3.706700000000003,3.6775567378726213
[Be]=C1N(CC)C=C2C=CC=CN12,1.54509,6.675984919843224
[Li]<-N(C)=CNc1ccccc1,1.7566,5.675923824821088
[Li]<-[S+](C)([O-])Cc1ccc(F)cc1,1.7042000000000002,5.505758411541847
[Li]<-n1cc(CC)cc(N(C)C)c1,1.71,7.604689973726825
[Li]<-NCC1C(=O)CCCC1CC,1.3405,2.3379313648994757
[Li]<-n1cc(C)cc(C=C(C)C)c1,2.813220000000001,7.604689973726825
[Li]<-N1=COCC1c1ccccc1,1.7862,8.808950402442093
[Li]<-S=C1NCC(C(C)=O)=C(Cl)N1,0.5035,1.8387783689363106
[Li]<-n1cncc(C(Cl)(Cl)OC)c1,1.7108999999999994,7.265125695775816
[Li]<-Nc1c(C)cccc1C(=O)O,1.27542,2.0883548669178933
[Li]<-N1=C(N)C(=O)c2ccccc21,0.8716000000000002,8.854327566730545
[Li]<-NCc1cccc(C(=O)O)n1,0.2384999999999998,2.462719613890267
[Li]<-P1(c2ccccc2)C23CC21C3,2.0924,5.516335106808932
[Li]<-n1ccc(NS(C)(=O)=O)cc1,0.4530999999999999,7.604689973726825
[Li]<-n1cccc2ccc(C)cc21,2.5432200000000007,9.318680093672345
[Li]<-P(C#CC)(C#CC)C(C)(C)C,3.228400000000001,5.516335106808932
[Li]<-S=Cc1ccc(N(C)C)cc1,2.1004,1.963566617927102
[Li]<-n1cc(C)cc(C(C)=NC)c1,1.82882,7.604689973726825
[Li]<-n1ccn(C(C)(C)N(C)C)c1,1.1373,7.265125695775816
[Li]<-N(C)=C(C(F)(F)F)C(F)(F)F,2.1818,7.729478222717616
[Li]<-OCc1ccc(N(C)C)cc1,1.2449,2.2131431159086845
[Li]<-n1ccc(C)c(C(C)(C)C)c1,2.687520000000001,7.604689973726825
[Li]<-P(C=C)(OC)C1CCCCC1,3.5059000000000022,5.1313936645694715
[Li]<-N1=C2C=C(C)CC2(OC)NC1,0.6808000000000001,7.265125695775816
[Li]<-N(=C(C)C)c1ccccc1C,3.1073200000000014,11.157458462608655
[Be]=C1CNCC(N)(C(=O)OC)C1,-1.0685099999999994,7.514702193757399
[Li]<-n1ccc(-c2ccc[nH]2)cc1,2.0767,7.604689973726825
[Li]<-n1ccn(CC(=O)N(C)C)c1,-0.0287000000000006,7.265125695775816
[Li]<-n1cc(F)c(C(C)=O)c(F)c1,1.5624,7.604689973726825
[Li]<-n1ccc(CO)cc1CO,0.0662,9.318680093672345
[Li]<-S=c1ssc2c(C)cccc12,4.000710000000001,1.8387783689363106
[Li]<-P(NC)(C(F)(F)F)C(F)(F)F,2.6423000000000005,5.301559077848714
[Li]<-O=Cc1ccc(C(C)(C)C)s1,2.858100000000001,3.8023449868634125
[Li]<-NCc1ncccc1C(C)=O,0.7429000000000001,2.3379313648994757
[Li]<-n1cc(Cl)n2c(O)nccc21,1.0882999999999996,7.140337446785025
[Li]<-N=C1C2CC(C)C1C(C)(C)C2,2.7082700000000006,1.963566617927102
[Li]<-N#CN=Cc1ccc(Cl)cc1,2.23998,1.8387783689363106
[Be]=C1OC=CN1c1ccccc1,1.99069,6.3810312575731905
[Li]<-n1cccc([Si](C)(C)C)c1Br,2.3893000000000004,7.479901724736034
[Li]<-NC(C)C(C)c1ccccc1,2.1373,2.3379313648994757
[Li]<-n1c(C)c(Br)cn1C(C)(C)C,2.7090200000000006,8.854327566730545
[Li]<-n1cc(-c2nccs2)sc1C,2.5750200000000003,10.49017161661557
[Li]<-S1Cc2cc(F)c(F)cc2C1,2.7116000000000007,4.176709733835787
[Li]<-N#Cc1cccc(C(C)=O)c1,1.7608800000000002,1.8387783689363106
[Li]<-S=C(C(=O)OC)c1cccs1,1.6390999999999998,1.8387783689363106
[Li]<-N(C(=C)C)=C1CCC(N)C1,1.4722000000000002,9.193891844681554
[Li]<-N1CCCC1c1ccncc1,1.5061,6.015488102772097
[Li]<-O=C(CC(=O)OC)CN(C)C,-0.3198000000000001,5.516335106808932
[Li]<-n1ccccc1N=C(C)OC,1.7779,8.979115815721336
[Li]<-NC(C)COc1ccccc1,1.4126,2.2131431159086845
[Li]<-n1nn(CC)c2ncncc21,0.2411999999999999,6.675984919843224
[Li]<-O=C(COC)c1ccc(C)[nH]1,1.15222,5.516335106808932
[Be]=C(Cc1ccc(C)cc1)NC,1.79571,7.389913944766607
[Li]<-n1cccc(CP(O)OC)c1,1.5322,7.604689973726825
[Li]<-n1cncn1-c1ccccn1,0.6622999999999998,8.639551537770327
[Li]<-O=C(Cc1ccccc1)NC,0.9750999999999996,5.301559077848714
[Li]<-n1c(N)oc2cc(I)ccc21,2.0146,8.219809626509502
[Li]<-n1cccc(C(Br)N(C)C)c1,2.0367,7.604689973726825
[Be]=C(N)C=C(C)c1ccccc1,2.08739,5.551135575830297
[Be]=C1N(CC=C)C=CN1C(C)C,1.66589,6.675984919843224
[Li]<-O=C(C=C)Nc1ccccc1,1.8111,5.4263473268395055
[Li]<-N(C)c1c(F)cc(F)cc1F,2.1456,4.176709733835787
[Li]<-NCC(N)Cc1ccccc1,0.5150999999999997,2.3379313648994757
[Be]=C(NC)Nc1ccccc1C,1.62261,6.925561417824807
[Li]<-n1ccc(-c2ccsc2)cc1,2.810100000000001,7.604689973726825
[Li]<-Nc1cccc(CC(=O)O)c1,0.8959000000000001,2.0883548669178933
[Li]<-n1cc(N)n2c(N)nccc21,-0.1063000000000001,7.140337446785025
[Li]<-N=C(CC)ON(C)C(C)(C)C,2.03557,5.256181913560264
[Li]<-S1CCN(CC(=O)OC)CC1,0.2081999999999999,4.176709733835787
[Li]<-n1c(N)oc2c(I)cccc21,2.0146,8.219809626509502
[Li]<-Nc1ccc([N+](=O)[O-])cc1C,1.4854199999999995,2.0883548669178933
[Be]=C=Cc1ccc(OCC)cc1,2.4084900000000005,3.8023449868634125
[Be]=C1N(C(C)C)C=CN1C(C)C,1.88829,6.675984919843224
[Li]<-N1=C(N)C=C(C)N(C(C)=O)C1,0.067,8.764339786761118
[Be]=C1NC=C(N)N1CC(O)CO,-2.00131,6.800773168834016
[Li]<-O=C(OC)C1CCNC(=C)C1,0.6726999999999999,4.881817166587889
[Li]<-n1c(C)ccc2cc(C)[nH]c21,2.17974,10.693105935666855
[Li]<-S=C(NC)NC1CCCCC1,1.4129999999999996,1.8387783689363106
[Be]=C(C)Nc1cccc(OC)c1,2.1657900000000003,5.675923824821088
[Be]=C(NC(C)(C)C)N1CCCC1,1.46659,6.925561417824807
[Li]<-[O-][n+]1cccc(C(F)(F)F)c1,1.3388000000000002,1.4992140909853016
[Li]<-[As](C)(C)c1ccc(OC)cc1,1.6566,6.140276351762889
[Li]<-O=C(Cl)c1cccc(OC)c1,2.0742,3.8023449868634125
[Li]<-P(O)(c1cnc[nH]1)C(C)(C)C,1.2227,5.00660541557868
[Li]<-O=C([O-])C[n+]1ccc(C)cc1,-0.96758,4.881817166587889
[Li]<-N1CCc2cc(OC)ccc21,1.6631999999999998,5.890699853781306
[Li]<-N(=Cc1ccccc1)CCO,1.0978,7.729478222717616
[Li]<-n1cc(CN(C)C)n(CC)c1,0.9646,7.265125695775816
[Li]<-N(NC)=C(C)c1ccccc1,1.63,8.979115815721336
[Li]<-P(=c1[nH]c(N)c(N)[nH]1)C(C)C,1.39379,3.8023449868634125
[Li]<-S=C(c1ccccc1)N(C)C,1.9237,1.963566617927102
[Li]<-n1cccc(CC(C)(C)N)c1,1.3614000000000002,7.604689973726825
[Be]=C(SC=C(OC)OC)N(C)C,1.36919,8.187040720737459
[Li]<-n1c(C)n(C)c2ccccc21,1.88172,7.0155491977942335
[Li]<-O=C(O)C=Cc1ccccc1,1.7844,4.881817166587889
[Li]<-P1(C(C)C)N=C(C)OC1(C)C,2.9764000000000017,8.344597875500293
[Li]<-p1c[nH]nc1Nc1[nH]ncp1,2.0365999999999995,5.176770828857923
[Li]<-N(=CC(=O)OC)CC(=O)OC,-0.5968000000000002,7.729478222717616
[Be]=C=Nc1c(C)cc(C)cc1C,2.697960000000001,3.337992459921612
[Li]<-[O-][n+]1cccc(C(C)C)c1C,1.75182,3.4627807089124034
[Li]<-N(O)=Cc1ccccc1OC,1.5033,5.1313936645694715
[Li]<-N=c1[nH]c(N)cn1C(C)(C)C,0.6328699999999998,4.961994799897705
[Li]<-n1ccc(C)c2[nH]c(C)cc21,2.17974,7.479901724736034
[Li]<-[O-][n+]1ccc(C(F)(F)F)cc1,1.3388000000000002,1.4992140909853016
[Li]<-NC12CCC(C1C)C(C)(C)C2,2.1599000000000004,2.0883548669178933
[Li]<-N=C(C)C(O)c1ccccc1,1.7596699999999998,5.641123355799723
[Li]<-n1cccc(CNC(C)=O)c1,0.7177,7.604689973726825
[Li]<-O=C(O)C1CCN(C)C1O,-0.6589000000000003,5.00660541557868
[Li]<-N(=C)C1NOc2ccccc21,1.2828000000000002,7.389913944766607
[Li]<-NNCC(=O)c1ccccc1,0.3325999999999993,1.8735788379576759
[Li]<-S=C(NC)Nc1ccccc1,1.6027999999999998,2.0883548669178933
[Li]<-NCc1ccccc1C(C)=O,1.3479,2.3379313648994757
[Li]<-Nc1ccc(C)c(C(C)C)c1,2.7006200000000007,2.0883548669178933
[Li]<-n1c[nH]nc1-c1ccccn1,0.8666999999999998,6.800773168834016
[Li]<-n1ccc(C(=O)OCC)nc1,0.6533,7.265125695775816
[Li]<-N=c1[nH]c2ccccc2n1C,0.98587,4.961994799897705
[Be]=C(N)Nc1ccc(OC)cc1,1.06209,5.336359546870079
[Li]<-N#Cc1c(C)cc(C)cc1C,2.4835400000000005,1.8387783689363106
[Li]<-P1(OC)CC1c1ccccc1,2.784600000000001,5.00660541557868
[Li]<-P1(N(C)C)NCC(C)(N)CO1,0.1120999999999999,4.327476859676663
[Li]<-n1cnc2[nH]c(=O)cc(C)n21,-0.27398,8.639551537770327
[Li]<-O=C1c2ccccc2NC1N,0.5795999999999999,5.516335106808932
[Be]=C(C)Nc1nccc(C)c1C,2.16903,5.675923824821088
[Li]<-O=C(OCC)c1c[nH]c(N)c1,0.7736000000000001,4.881817166587889
[Be]=C(C)NC(=O)c1ccccc1,1.47509,5.675923824821088
[Li]<-Nc1c(C)cc(Cl)cc1C,2.53904,2.0883548669178933
[Li]<-P(Cl)(c1ccoc1)C(C)(C)C,3.339100000000002,8.122734413513578
[Li]<-P1(C(C)(C)C)OC12CCCN2,2.2492,4.881817166587889
[Li]<-N1CCCC(C(C)(C)C)C1C,2.4206000000000003,4.301497982826578
[Li]<-NCC12CCC(C)(C)C(C1)C2,2.1615,2.462719613890267
[Li]<-n1ccc(C(=O)NCO)cc1,-0.2387999999999999,7.604689973726825
[Li]<-n1ccc(CC(C)(C)O)cc1,1.395,7.604689973726825
[Li]<-N(C)=CNc1cccc(C)c1,2.06502,5.675923824821088
[Li]<-N=C1CC(O)CC(C(C)C)C1,1.82317,5.641123355799723
[Li]<-P(O)(C[Si](C)(C)C)C(C)(C)C,3.0515000000000017,5.256181913560263
[Li]<-n1csc(CC(=O)OCC)c1,1.2487,10.61495986560636
[Li]<-PCc1cc(C)c(C)c(C)c1,2.9869600000000025,2.3379313648994757
[Li]<-P(N1CCCCC1)C(C)(C)C,2.864300000000001,3.4627807089124034
[Li]<-N(C)CC(O)c1ccccc1,0.9394000000000002,4.42628623181737
[Li]<-[O-][n+]1ccccc1C(F)(F)F,1.3388000000000002,4.113727084316618
[Li]<-N=C(CC)Sc1ccccc1,3.1659700000000006,3.8023449868634125
[Li]<-S=C(N)c1cccc(OC)c1,1.3294,1.8387783689363106
[Be]=C1N(C=C)C=C2C=CC=CN12,1.66869,6.675984919843224
[Li]<-NCc1cc(C)c(C)c(N)c1,1.34434,2.462719613890267
[Li]<-N(=CN(C)C)c1ccccc1,1.908,8.979115815721336
[Li]<-S=Nc1c(C)cc(C)cc1C,2.973860000000001,1.4992140909853016
[Li]<-S=C1NCCCN1[Si](C)(C)C,1.4014999999999995,1.8387783689363106
[Li]<-S=c1c(N)c1-c1ccccc1,2.540890000000001,1.8387783689363106
[Li]<-S=C(Cc1ccccc1)NC,1.7759,1.8387783689363106
[Be]=C1N(C(C)C)C=CN1C(C)Cl,2.06469,6.675984919843224
[Li]<-Nc1ccc([N+](=O)[O-])c(Cl)c1,1.8304,2.0883548669178933
[Be]=C1N(CC)CCN1CC(C)=O,0.20919,6.675984919843224
[Li]<-N=C(C)SCc1ccccc1,2.916970000000001,3.9271332358542037
[Li]<-n1ccn(CC(C)(O)CO)c1,-0.3736000000000001,7.265125695775816
[Li]<-n1nn(CC)c2ccccc21,1.4512,6.675984919843224
[Be]=C1NC(N)=CN1CC(C)C=C,0.4675900000000001,6.800773168834016
[Li]<-N(c1ccccc1F)C(C)C,2.646000000000001,3.9271332358542037
[Li]<-S=Nc1ccc(C(C)C)cc1,3.172000000000001,1.4992140909853016
[Li]<-N(Cc1ccccc1)C(C)C,2.1846,4.176709733835787
[Li]<-n1c[nH]c2c(F)cc(F)cc21,1.8410999999999995,8.979115815721336
[Li]<-S=c1scc(NC(C)(C)C)s1,3.7494900000000015,1.8387783689363106
[Li]<-NCCC(=O)CCC(=O)OC,-0.1425000000000001,2.3379313648994757
[Li]<-N1=CSC(c2ccccc2)C1,2.5028000000000006,10.739748114597152
[Li]<-n1cnn(-c2ncccn2)c1,0.0572999999999997,6.925561417824807
[Li]<-S=C(C)NCc1ccccc1,2.1235,1.8387783689363106
[Li]<-n1cc2cc(C)cc(C)c2s1,2.913140000000001,8.651393247679259
[Li]<-N(C)=CNc1ccccc1I,2.3612,5.675923824821088
[Li]<-n1csc(-c2ccoc2)c1N,1.9853,11.98938570760087
[Be]=C1NC2(C)C=CC=CC2(N)N1,-0.2848099999999999,6.925561417824807
[Li]<-N1=CSC(n2nccc2Cl)C1,1.8102,10.739748114597152
[Li]<-N(C)CCC(=O)OCCCC,0.9392,4.42628623181737
[Li]<-N(C)=C(C)c1ccccc1Br,2.887900000000002,7.854266471708408
[Li]<-n1ccccc1C(=O)N(C)C,0.7834,9.318680093672345
[Li]<-S(C)C(C)c1ccccc1C,3.4190200000000024,4.176709733835787
[Li]<-N1=C2C=CC=CC2N(C)C1N,0.1096999999999999,8.639551537770327
[Li]<-n1c(C)c(N)cn(CO)c1=O,-0.9162800000000004,10.058587995445812
[Li]<-n1ccccc1C1COCN1,0.7,9.318680093672345
[Li]<-N(N)c1cc(C)c(C)c(C)c1,1.89746,3.712357206893986
[Li]<-N(=Cc1ccccc1)C(C)C,2.5139000000000005,9.693044840644719
[Li]<-n1c(O)ncc2ccccc21,1.3353999999999997,10.058587995445812
[Li]<-P1(C(C)(C)C)OP(Cl)OC1P,3.853000000000003,4.881817166587889
[Li]<-NC(C)c1ccc(Cl)c(Cl)c1,3.013100000000001,2.2131431159086845
[Li]<-N1CC(N)CC(C(C)(C)C)C1,0.9693,4.301497982826578
[Li]<-N#Cc1ccccc1C(C)C,2.681680000000001,1.8387783689363106
[Li]<-O=C1C=C(N(C)C)C=C(C)C1,1.351,5.516335106808932
[Li]<-N(C(C)NCC)C(C)N(C)C,0.4391000000000005,5.551135575830297
[Li]<-N1C(COC)CCC1COC,0.3998,7.729478222717616
[Li]<-n1cn(CC(=O)OC)cn1,-0.5489000000000002,6.800773168834016
[Li]<-O=Cc1ccc(N(C)C)cn1,0.9601,3.9271332358542037
[Li]<-n1cccc(N(CC)CC)c1,1.9278,7.604689973726825
[Li]<-N=c1[nH]cc(C(C)C)c(=O)[nH]1,0.30587,4.961994799897705
[Be]=C1Oc2ccccc2N1CC,1.90159,6.3810312575731905
[Li]<-n1nn(CC(=O)OC)cc1C,-0.24048,6.675984919843224
[Li]<-n1c[nH]c2c(C)ccc(C)c21,2.17974,8.979115815721336
[Li]<-S=C(NC(C)=O)NC(C)(C)C,0.7954999999999997,3.0430387976515787
[Li]<-n1ncoc1-c1ccccc1,1.7366,6.381031257573191
[Li]<-S=C1N(C)CCN1C(C)(C)C,1.3171999999999997,1.8387783689363106
[Li]<-n1ccc2ccc(N)cc2c1,1.817,7.604689973726825
[Li]<-S=c1[nH]ccn1C(C)C(C)C,2.762690000000001,1.8387783689363106
[Be]=C(N)Nc1ccc(C)cc1C,1.67033,5.211571297879288
[Li]<-S=Cc1cccc(N(C)C)c1,2.1004,1.963566617927102
[Li]<-n1ccc(CC(C)(C)N)cc1,1.3614000000000002,7.604689973726825
[Li]<-N(Cc1ccccn1)=C(C)C,2.0624,9.568256591653928
[Be]=C(NC(C)N)c1ccccc1,0.96779,8.979115815721336
[Li]<-NCC(C)NC1CCCCC1,1.2558999999999996,2.3379313648994757
[Li]<-NC1=CN(CC(C)(C)O)CN1,-0.6223999999999996,2.0883548669178933
[Li]<-n1c(Cl)nc2nc[nH]c2c1N,0.5884999999999998,8.514763288779536
[Li]<-S=C1CC2CCC1(C)C2(C)C,3.2025000000000023,1.8387783689363106
[Li]<-N(C)c1ccccc1C(C)C,2.851700000000001,4.176709733835787
[Li]<-n1cccc2cc(C)ccc21,2.5432200000000007,9.318680093672345
[Li]<-S=C(N)C(=C)c1ccccc1,1.9859,1.963566617927102
[Li]<-N(=Cc1ccccc1)CC=C,2.2915,7.729478222717616
[Li]<-n1cccc2ccc(Br)cc21,2.997300000000001,9.318680093672345
[Be]=C1CCN(c2ccccc2)C1,1.97799,7.514702193757399
[Be]=C(C)Nc1cc(C)cc(C)c1,2.7740300000000016,5.80071207381188
[Li]<-N=C(C)OCc1ccccc1,2.2003700000000004,5.006605415578681
[Li]<-n1cccc2nc(C)ccc21,1.93822,9.318680093672345
[Be]=C1N(C)C=CN1CC(=O)OC,-0.12571,6.675984919843224
[Li]<-P(CN(C)C)C(C)C(=O)OC,0.7454999999999998,4.176709733835787
[Li]<-[Se]1CC(c2ccccc2)C[Se]1,1.9438,9.326584340788775
[Be]=C1C2CCC1N(C)C(C)N2C,0.82189,10.603118155697429
[Be]=C1N(C(C)C)C=CN1C(C)O,0.81819,6.675984919843224
[Li]<-S1CCNc2cccc(C)c21,2.51262,3.9271332358542037
[Li]<-n1nc(-c2cccs2)n(C)n1,0.9385999999999998,6.336420641892215
[Li]<-P1(OC)OCC(C=C)C(C)O1,2.0972,5.451559655082115
[Li]<-Nc1ccccc1C(F)(F)F,2.2876000000000003,2.0883548669178933
[Li]<-N1=CNCC1(N)c1ccno1,-0.5824000000000003,10.478329906706637
[Li]<-n1cc(C)cc(NC(C)=O)c1,1.3484199999999995,7.604689973726825
[Li]<-S=c1ccc(CCCC)n[nH]1,2.48179,1.8387783689363106
[Li]<-N1=NC(C)(C)C(C(=O)OC)=C1,1.2877,7.140337446785025
[Li]<-P1(C)CN2CNCN(C2)C1C,0.4948999999999999,5.890699853781306
[Be]=C(COC)Cc1ccccc1,1.95679,7.344536780478157
[Li]<-n1cc(C)cn1C(C)=C(C)C,2.462320000000001,8.979115815721336
[Li]<-n1cc(CN(C)C)[nH]c1CO,-0.0364000000000001,7.140337446785025
[Li]<-O=CC=C(O)c1ccccc1,1.7844,3.8023449868634125
[Be]=C1NCC(C)(C)CN1CCO,-0.0936099999999999,6.800773168834016
[Li]<-n1ccccc1CC(C)(C)C,2.670200000000001,9.318680093672345
[Li]<-n1ccn(N=CC(C)(C)O)c1,0.4878999999999999,7.265125695775816
[Li]<-OCc1c(C)cc(C)cc1C,2.1041600000000003,4.051921484844995
[Be]=C1Nc2c(Cl)cccc2N1C,2.19799,6.800773168834016
[Li]<-NCc1cc(C)c(C)c(C)c1,2.07056,2.462719613890267
[Li]<-n1cccc2cnc(C)cc21,1.93822,9.318680093672345
[Li]<-N=C(CC)ON1CCC(C)C1,1.64707,5.131393664569472
[Li]<-n1ccc(-c2cc[nH]c2)cc1,2.0767,7.604689973726825
[Li]<-NCC(=C)c1ccccc1,1.6585,2.462719613890267
[Li]<-NC(C)c1ccccc1C=C,2.3493,2.3379313648994757
[Li]<-n1ccc(C(=O)N(C)C)cc1,0.7834000000000001,7.604689973726825
[Li]<-n1cccc(C2COCN2)c1,0.7,7.604689973726825
[Li]<-n1ccn(Cc2ccsc2)c1,1.9929,7.265125695775816
[Li]<-n1c[nH]c2cc(I)c(I)cc21,2.7721,7.140337446785025
[Li]<-O=C(OC)c1ccccc1C,1.78162,5.00660541557868
[Li]<-N(=C(C)OC)c1ccccc1,2.3829,10.398152273396821
[Be]=C(C)Nc1ccccc1OC,2.1657900000000003,5.675923824821088
[Li]<-N=C(OC)C(C)=CC(=O)OC,0.7293700000000001,5.00660541557868
[Li]<-n1ccc(-n2cccc2)cc1,1.8723,7.604689973726825
[Be]=C1CCC(C)(C)N1CCCC,2.6996900000000013,7.265125695775816
[Li]<-Nc1cnccc1C(=O)OC,0.4504,2.0883548669178933
[Li]<-S=c1[nH]ccn1CCC(=O)O,1.02039,1.8387783689363106
[Li]<-O=C(SC=C)c1ccccc1,2.703500000000001,3.6775567378726213
[Li]<-S=C1SC(=C)C=C(SCC)S1,3.8595000000000015,1.8387783689363106
[Li]<-NCC(=O)Nc1ccccc1,0.5837999999999995,2.3379313648994757
[Be]=C(C)Nc1ccc(OC)cc1,2.1657900000000003,5.675923824821088
[Li]<-S=C(NN=C(C)OC)C(=C)C,1.4593,1.8387783689363106
[Li]<-n1c(C(O)O)nnn1C(C)C,-0.7628,8.175199010828527
[Li]<-N(C)c1ccc(C(C)C)cc1,2.851700000000001,4.176709733835787
[Li]<-OC(COC)c1ccccc1,1.3663999999999998,3.9271332358542037
[Li]<-S=C(N)NCCC(=C)OCC,0.7599,1.8387783689363106
[Be]=C1N(C)C=CN1CC(C)(C)C,1.74739,6.675984919843224
[Li]<-n1nn(CC)c2ccccc21,1.4512,6.675984919843224
[Li]<-N(Cc1ccccc1)C(C)O,1.1145,5.380970162551055
[Li]<-n1cn(C(C)(O)O)cc1CO,-1.0098000000000005,7.140337446785025
[Li]<-S1CC(N)Nc2ccccc21,1.489,3.9271332358542037
[Li]<-N(Cc1ccncc1)=C(C)C,2.0624,9.568256591653928
[Li]<-NCC(C)NC,-0.447,2.3379313648994757
[Li]<-N(C)=C(C)O,0.5926,7.094960282496574
[Li]<-OC(C)(C)C,0.7771999999999999,2.0883548669178933
[Li]<-[N-]=[N+]=C,-0.0832,3.337992459921612
[Li]<-N(O)CC(C)C,0.6212,3.5421917936147436
[Li]<-N(=O)CN(C)C,0.2718999999999999,4.7918293866184625
[Be]=C=CC,0.87249,3.8023449868634125
[Be]=C=CC(C)(C)N,0.5898900000000001,3.9271332358542037
[Li]<-N#CCC(=O)O,-0.01532,1.8387783689363106
[Li]<-N(C)=CC(C)=O,0.276,6.015488102772097
[Li]<-N1(C)CC1,-0.0682,6.3898528497444715
[Li]<-N#CC(=C)C,1.08608,3.6775567378726213
[Li]<-N#CCN,-0.53132,1.8387783689363106
[Li]<-O=CC(C)=O,-0.2257,3.8023449868634125
[Be]=CNC(=C)C,0.6551899999999999,3.5875689579031946
[Li]<-S=C1CNCS1,0.6076999999999999,1.8387783689363106
[Be]=C=NN(C)C,-0.0824,3.1232164309613943
[Li]<-SCC,0.9361,2.2131431159086845
[Be]=C1CCCO1,0.83559,6.970172033505783
[Be]=C=NCN,-0.6428,3.4627807089124034
[Be]=C1NC(C)=CS1,1.18039,10.15060733866456
[Li]<-NC(C)SCC,1.0442,2.2131431159086845
[Be]=C=NC,0.0708,3.4627807089124034
[Li]<-n1ccn(O)c1,0.1204,7.265125695775816
[Li]<-S=C(C)OC,0.9801,1.8387783689363106
[Li]<-OCC(F)(F)F,0.5410000000000001,2.2131431159086845
[Li]<-NCC(C)(C)O,-0.2839999999999999,2.3379313648994757
[Li]<-o1ccc(C)c1,1.58802,7.604689973726825
[Li]<-S(OC)C(C)C,1.6894,5.00660541557868
[Li]<-N#CC1(C)CC1,1.31008,1.8387783689363106
[Li]<-NCC(C)(C)C,0.9912,2.3379313648994757
[Li]<-S(C)C(C)C,1.7578,4.176709733835787
[Li]<-NCC(=C)CO,-0.5064000000000001,2.3379313648994757
[Li]<-NC(N)([SeH])[SeH],-2.6833,2.0883548669178933
[Be]=C1CNCN1,-0.8245100000000001,7.050349666815598
[Li]<-[O-][N+](C)=CC=C,0.3833,3.337992459921612
[Li]<-N(C)=C(C)CC,1.4871,7.729478222717616
[Li]<-N(C)(C)C(C)O,-0.1137000000000001,7.59411327845974
[Li]<-O=CC(=C)CO,-0.2662,3.9271332358542037
[Be]=C=NC(C)(C)C,1.2395,3.4627807089124034
[Be]=C(N)OCC,-0.0221099999999999,4.7918293866184625
[Li]<-OCCO,-1.029,2.2131431159086845
[Li]<-N#CCl,0.70628,1.8387783689363106
[Li]<-S=CC(N)=O,-0.5286000000000002,1.963566617927102
[Be]=C(F)F,0.92169,1.5514692487900115
[Li]<-NOC,-0.4935,3.292615295633161
[Be]=C=NCC(C)=O,0.03,3.4627807089124034
[Li]<-N=C(F)F,0.8601700000000001,3.5150358667171133
[Li]<-S(CC)C(C)C,2.1479,4.051921484844995
[Li]<-N(CC)C(C)F,0.9114,4.9524443582307915
[Li]<-S1CC(=O)C1,0.3023,6.015488102772097
[Li]<-N=C(C=C)ON,0.0399700000000001,5.006605415578681
[Li]<-N(=O)CC,0.7727,5.256181913560263
[Li]<-NC(C)NCC,-0.0993999999999998,2.2131431159086845
[Li]<-N#CC(C)N,-0.1428199999999998,1.8387783689363106
[Li]<-P(C)(C)N=CN,0.6299,5.80071207381188
[Be]=C(C#N)OCC,0.58527,4.881817166587889
[Li]<-[N-]=[N+]=C(C)C,0.6970000000000001,3.337992459921612
[Li]<-OCC(C)(C)C,1.0248,2.3379313648994757
[Li]<-O=C(O)C(=N)N,-0.99303,4.881817166587889
[Be]=C1OC=CN1C,0.41589,6.3810312575731905
[Li]<-N(C)CC=C,0.3918,4.42628623181737
[Li]<-N=C(CC)CO,0.4084699999999999,5.641123355799723
[Li]<-N(O)=CC(C)=O,0.0354,5.1313936645694715
[Li]<-N#CCO,-0.49772,1.8387783689363106
[Li]<-N(C)=CC(C)C,1.343,6.015488102772097
[Li]<-N(C)=C(C)OC,0.681,7.094960282496574
[Be]=C1CCOC1,0.48799,7.219748531487366
[Li]<-N#CC,0.52988,1.8387783689363106
[Li]<-N=C(CC)SC,1.73667,3.8023449868634125
[Li]<-O=CP(C)C,0.9181,1.963566617927102
[Be]=C1C=CC=CN1,0.6982900000000001,7.265125695775816
[Li]<-N#CCC(C)=O,0.48908,1.8387783689363106
[Li]<-O=C(O)CN,-0.9703,4.881817166587889
[Li]<-OCC(C)(C)O,-0.2503999999999999,2.2131431159086845
[Be]=C(C#N)OC,0.19517,4.881817166587889
[Li]<-O(C)C(C)(O)O,-0.7089,5.380970162551055
[Li]<-NCCC(=C)C,0.9113,2.3379313648994757
[Li]<-P(S)(C=C)SC,2.7346000000000004,11.536874890568003
[Li]<-N=CC,0.65587,3.9271332358542037
[Li]<-N(C)CCCC,1.0059,4.42628623181737
[Li]<-S=C(N)N(C)C,-0.2083999999999995,1.8387783689363106
[Li]<-NC(C)(C)CC,1.1337,2.2131431159086845
[Li]<-NCCC(=O)O,-0.5802,2.3379313648994757
[Li]<-N#CC(C)=NC,0.6006800000000001,1.8387783689363106
[Li]<-OC(C)N,-0.7166,3.5875689579031946
[Li]<-O=CCOC,-0.1682999999999999,3.8023449868634125
[Li]<-[O-][S+](CC)CC,0.7749,4.849048260815846
[Li]<-[Se](C)C(C)(C)C,1.9571,4.051921484844995
[Li]<-S(C)CCC,1.7594,4.301497982826578
[Li]<-O=C(O)N(C)C,0.226,4.667041137627671
[Li]<-N(C)CCC,0.6157999999999999,4.42628623181737
[Li]<-S=C(F)F,1.2103000000000002,1.8387783689363106
[Li]<-S=C(CC)OC,1.3702,1.8387783689363106
[Li]<-n1ncoc1Br,0.8321,6.381031257573191
[Be]=C1OCCC1P,0.6891899999999999,6.845383784514991
[Li]<-N=C(CC)OB,-0.06163,5.131393664569472
[Li]<-S=C(N)NCC,-0.1604999999999999,1.8387783689363106
[Li]<-N(C)=CC=CC,1.2631,6.015488102772097
[Li]<-S1CCC1=O,0.6499,5.890699853781306
[Li]<-N1CCCC1=O,-0.1036,5.890699853781306
[Li]<-O=C(C)F,0.5024,4.453291362267627
[Be]=C=CC(=O)OC,0.02559,3.8023449868634125
[Li]<-NCC(F)F,0.2101999999999999,2.3379313648994757
[Be]=C(Br)NC,0.5969899999999999,10.701010182783286
[Li]<-S=C(NN)SC,0.0976,1.8387783689363106
[Li]<-[O-][S+](C)CC,0.3848,4.849048260815846
[Be]=C(NC)N(C)C,-0.2363100000000002,8.639551537770327
[Li]<-O=C(C)NC=N,-0.2704300000000001,5.176770828857923
[Li]<-N(C)=CCOC,0.3334,6.015488102772097
[Li]<-S=C1NCS1,0.5651999999999999,1.8387783689363106
[Be]=C1CCOC1I,1.24909,7.094960282496574
[Li]<-N1CC1C(C)C,0.6142000000000001,4.176709733835787
[Be]=C1NC(N)=CO1,-0.6399100000000002,6.505819506563983
[Li]<-S=CC=CC,1.5622,1.963566617927102
[Li]<-S(CC)CS,1.6268,4.176709733835787
[Li]<-S=C(C)CC,1.7862,1.8387783689363106
[Li]<-[N-]=[N+]=CCOC,-0.0665999999999999,3.337992459921612
[Be]=C(C)NC(C)O,-0.02701,5.80071207381188
[Li]<-N(C)CC#C,-0.161,4.42628623181737
[Li]<-S(C)(=O)C(C)N,-0.3303999999999998,5.380970162551054
[Li]<-OCC,-0.0014,2.2131431159086845
[Be]=C=NOC(=C)C,0.9062,2.7034745197005696
[Li]<-N(CC)CCI,1.0309,4.301497982826578
[Li]<-n1ncn(C)n1,-0.7899000000000003,6.336420641892215
[Li]<-N=C(C)SC,1.34657,3.8023449868634125
[Li]<-S=CNCC,0.5531000000000001,1.963566617927102
[Li]<-NCCOCC,-0.0183999999999998,2.3379313648994757
[Li]<-S=C(C)NCC,0.9432,1.8387783689363106
[Li]<-N=CCO,-0.37173,3.9271332358542037
[Li]<-O=C1CNCN1,-1.3367,5.176770828857923
[Li]<-n1csc(N)c1,0.7253000000000002,5.765911604790515
[Li]<-NC(=C)C,0.4787,2.0883548669178933
[Li]<-O(C)CC,0.6527000000000001,4.301497982826578
[Li]<-S=C(C)OCC,1.3702,1.8387783689363106
[Li]<-OC(C)O,-0.6829999999999999,2.0883548669178933
[Be]=C(I)I,1.85269,22.49898912197644
[Li]<-N=C(C)C#N,0.54965,5.641123355799723
[Be]=C(C)NCCO,-0.37301,5.675923824821088
[Li]<-N#COC,0.1138799999999999,3.0430387976515787
[Li]<-S=NC(C)(C)C,1.5154,1.624002339976093
[Li]<-O=CC(C)NC,-0.2068000000000003,3.9271332358542037
[Li]<-N(CC)C(C)C,1.0043,4.176709733835787
[Li]<-NCC(C)O,-0.6741000000000001,2.3379313648994757
[Li]<-N#CC#C,0.14318,3.6775567378726213
[Li]<-S(C)CC(=C)C,1.9255,4.301497982826578
[Li]<-S1CCC(C)C1,1.7594,4.176709733835787
[Be]=C=NCC=C,0.627,3.337992459921612
[Li]<-S=C(C)NC,0.5531000000000001,1.8387783689363106
[Be]=C1SC=CN1C,1.13249,10.02581908967377
[Be]=C(F)NC,0.1715899999999999,4.238515333307409
[Li]<-N=C(CC)ON,0.2639700000000001,5.006605415578681
[Li]<-NC(C)(O)O,-1.3966,3.4174035446239523
[Li]<-S=C(CC)CC,2.1763000000000003,1.8387783689363106
[Li]<-O=CC,0.2052,3.8023449868634125
[Li]<-S=C(N)OCC,0.2665000000000002,1.8387783689363106
[Li]<-N(=C)N(C)C,0.1635999999999999,5.4263473268395055
[Li]<-N#CC(C)NC,0.1178799999999999,1.8387783689363106
[Li]<-P1(C)C(C)C1C,1.8887,5.890699853781306
[Li]<-S(O)OC,0.754,4.372087475357638
[Li]<-N=CC(C)(C)C,1.68207,3.9271332358542037
[Be]=C(C=CC)OC,1.24769,6.845383784514992
[Li]<-O=C(C)OC,0.1793,5.006605415578681
[Li]<-S(C)CCC=C,1.9255,4.301497982826578
[Be]=C1NC=C(N)N1,-1.0669100000000002,6.925561417824807
[Li]<-N(C)=C(F)F,0.9112,5.603390733635006
[Li]<-n1[nH]cnc1N,-0.6131000000000002,8.299987259819318
[Li]<-S=C(N)C=C,0.4585000000000001,1.8387783689363106
[Li]<-S=C1CSCS1,1.7513,1.8387783689363106
[Li]<-S=C(NC)SC,0.8536999999999999,1.8387783689363106
[Li]<-N=CC(C)CO,0.26437,3.9271332358542037
[Li]<-[nH]1nccc1N,-0.0081000000000001,7.140337446785025
[Li]<-S(C)CP,1.182,4.301497982826578
[Li]<-N#CC(=O)OC,-0.3170200000000001,1.8387783689363106
[Li]<-OCC(=O)OC,-0.8483000000000003,2.2131431159086845
[Li]<-N#CC(C)(C)N,0.24728,1.8387783689363106
[Li]<-S=C(N)C(=C)C,0.8486,1.8387783689363106
[Li]<-N=C(C)CO,0.0183699999999999,5.641123355799723
[Li]<-N(=C)C,0.3168,4.301497982826578
[Li]<-N=C(C)CC,1.43607,5.765911604790515
[Li]<-NC(C)C(C)=O,-0.0774,2.3379313648994757
[Li]<-O=CCC,0.5952999999999999,3.8023449868634125
[Li]<-N#CCOCC,0.5464800000000001,1.8387783689363106
[Li]<-NCC1CC1,0.3551000000000002,2.3379313648994757
[Li]<-O=CC(C)N,-0.4675,3.8023449868634125
[Li]<-N(C)=CC=C,0.873,6.015488102772097
[Li]<-[O-][N+](C)=N,0.1574699999999999,2.998428181970603
[Li]<-S(C)CC(C)=O,0.9384,4.301497982826578
[Li]<-n1cc[nH]c1N,-0.0081000000000001,8.639551537770327
[Li]<-[O-][S+](C)CC=C,0.5509,4.849048260815846
[Li]<-N(CC)C(C)O,-0.0657999999999999,5.380970162551055
[Li]<-NC(C)CCl,0.5724000000000001,2.2131431159086845
[Li]<-OCC(C)CC,1.0248,2.3379313648994757
[Li]<-N(CC)CCCl,0.8347,4.42628623181737
[Li]<-SC(C)C,1.3246,2.0883548669178933
[Li]<-N=CC(C)C,1.29197,3.9271332358542037
[Be]=C=NCC,0.4609,3.337992459921612
[Li]<-NCC(F)(F)F,0.5074,2.3379313648994757
[Li]<-NCC(C)C#N,0.1047800000000002,2.3379313648994757
[Li]<-NC(C)C(=C)C,0.9097,2.2131431159086845
[Li]<-OCC(C)OC,0.0136,2.3379313648994757
[Li]<-O=CCN(C)C,-0.2531000000000001,3.8023449868634125
[Li]<-N#CC=C(C)O,0.97178,1.8387783689363106
[Li]<-S=C(N)C#C,-0.0942999999999998,1.8387783689363106
[Li]<-n1occc1C,0.98302,6.7205955355241995
[Li]<-S=C(N)C(C)O,-0.3466999999999999,1.963566617927102
[Li]<-O=CC(C)(C)N,-0.0774,3.8023449868634125
[Li]<-P1(C)C(C)C1P,1.7013999999999998,5.641123355799723
[Li]<-N(N)C(C)(C)C,0.2482000000000001,3.712357206893986
[Be]=C1NC=C(N)S1,0.0766900000000002,8.31182896972825
[Li]<-s1ccc(C)c1,2.05652,3.6775567378726213
[Li]<-O=C(C)C=C,0.7614,5.765911604790515
[Li]<-NC(N)C(=O)O,-1.6855000000000002,2.2131431159086845
[Li]<-S1CCC1(C)C,1.9019,5.765911604790515
[Li]<-N#CCN(C)C,0.0715799999999999,1.8387783689363106
[Li]<-S=C(F)N(C)C,0.8024,1.8387783689363106
[Be]=C(Cl)Cl,1.46029,8.890355351281913
[Be]=C(C)OC,0.69149,5.256181913560263
[Li]<-SCC(C)C,1.5722,2.462719613890267
[Li]<-O=CC(C)C,0.8412999999999999,3.9271332358542037
[Li]<-N(C)CCO,-0.8019000000000001,4.42628623181737
[Li]<-N(C)=C(C)C,1.097,7.729478222717616
[Li]<-N#CSCC,1.22058,1.8387783689363106
[Li]<-N=C(C=C)OC,0.79607,5.006605415578681
[Li]<-OC(C)(C)N,-0.3265,3.5875689579031946
[Be]=C(C)NC(=C)C,1.16829,5.675923824821088
[Li]<-P1(C)C2CC21,1.2526,5.890699853781306
[Li]<-n1c[nH]cc1N,-0.0080999999999998,8.639551537770327
[Li]<-NC(C)C=C,0.5196000000000001,2.2131431159086845
[Li]<-N=C(C)C#C,0.65927,5.765911604790515
[Li]<-S=NN(C)C,0.1935,1.4992140909853016
[Li]<-NOCCC,0.2867,3.292615295633161
[Li]<-N(CC)CCO,-0.4118000000000001,4.301497982826578
[Li]<-NCC(C)=O,-0.4658999999999999,2.3379313648994757
[Li]<-NCC(=O)NC,-1.3089,2.3379313648994757
[Li]<-OC(C)(C)N,-0.3265,3.712357206893986
[Be]=C=NCCC,0.851,3.337992459921612
[Li]<-N#CC(S)S,0.6956799999999999,1.8387783689363106
[Li]<-S=C(NC)OC,0.1370999999999999,1.8387783689363106
[Li]<-n1c[nH]c(C)n1,0.1131199999999999,6.800773168834016
[Li]<-S=c1ccss1,2.53909,1.8387783689363106
[Li]<-O=C(O)C=NC,-0.2284000000000002,4.881817166587889
[Li]<-N(C)=O,0.3826,3.4174035446239523
[Li]<-N=CC(=O)OC,-0.1910300000000001,3.9271332358542037
[Li]<-PCC(C)CC,1.9076000000000004,2.3379313648994757
[Li]<-NCCC(C)=O,-0.0757999999999997,2.3379313648994757
[Li]<-N#CCC=C,1.08608,1.8387783689363106
[Li]<-N1CCC(C)C1,0.6157999999999999,6.140276351762889
[Li]<-N#CC(C)C#N,0.66966,3.6775567378726213
[Li]<-N(=O)C(C)C,1.1612,6.845383784514991
[Li]<-S1CC1C(C)C,1.7578,4.051921484844995
[Li]<-S=C(C)N(C)C,0.8953,1.8387783689363106
[Li]<-S=NC,0.3467,1.4992140909853016
[Li]<-OC(C)CC,0.7771999999999999,2.0883548669178933
[Li]<-N(N)C(C)C,-0.1419,3.837145455884777
[Li]<-OCCOCC,0.0152,2.2131431159086845
[Be]=C1NC=CN1C,-0.0111100000000001,6.800773168834016
[Li]<-SCS,0.8034999999999999,2.2131431159086845
[Li]<-N(O)=CC=C,0.6324000000000001,5.1313936645694715
[Li]<-N(C)N,-0.9205,4.086721953866361
[Li]<-O=COC,-0.2108000000000001,3.16782704664237
[Li]<-S=CC(C)(C)N,0.7234,1.963566617927102
[Li]<-[nH]1nnnc1N,-1.2181000000000004,6.4612088908830065
[Li]<-PC(C)P,1.0826000000000002,2.2131431159086845
[Li]<-O=C(CC)OC,0.5694,5.006605415578681
[Li]<-P1(C(C)C)CC1,1.8903,5.516335106808932
[Li]<-N(C)CC,0.2256999999999999,4.42628623181737
[Li]<-N(C)=CCC,1.097,6.015488102772097
[Li]<-n1cocc1C,0.98302,6.845383784514991
[Li]<-n1c[nH]nc1C,0.1131199999999999,6.800773168834016
[Li]<-N(C)(C)CO,-0.5022000000000002,6.514641098735263
[Li]<-N=C(C)SCC,1.73667,3.8023449868634125
[Li]<-O=C(C)CO,-0.4322999999999999,5.516335106808932
[Li]<-N=CC(C)=O,0.22497,3.9271332358542037
[Be]=C(C)C=C(C)C,2.05379,6.015488102772097
[Li]<-NCCCOC,-0.0183999999999998,2.3379313648994757
[Li]<-N#CC(C)CC,1.55608,1.8387783689363106
[Li]<-S1CCCC1C,1.9019,6.015488102772097
[Li]<-P(C)=CN(C)C,0.8836999999999999,4.176709733835787
[Li]<-PC(C)N,0.1662000000000001,2.2131431159086845
[Li]<-n1ccsc1C,1.45152,10.49017161661557
[Li]<-N1=C(C)C1,0.4609,3.9271332358542037
[Li]<-NCP,-0.2222999999999999,2.3379313648994757
[Li]<-N1=CCCC1N,0.1357999999999999,9.228692313702918
[Li]<-N#CNC,-0.31312,3.337992459921612
[Li]<-N1=CSC(N)C1,0.0463,5.890699853781306
[Li]<-NC(C)C(=O)O,-0.5817999999999999,2.3379313648994757
[Li]<-N=CC(C)OC,0.6708700000000001,4.051921484844995
[Be]=C1CCOCC1,0.87809,7.854266471708408
[Li]<-n1cc(N)co1,0.2568000000000001,6.845383784514992
[Li]<-SC=C(C)C,1.8399,2.0883548669178933
[Li]<-SCCO,-0.0915,2.2131431159086845
[Li]<-N(C)C(C)C,0.6141999999999999,4.301497982826578
[Li]<-OCC(C)NC,-0.4133999999999999,2.462719613890267
[Be]=C(I)OC,1.0640900000000002,14.292533358639798
[Li]<-P1(C)CCOC1,1.0858,6.26506460075368
[Li]<-O=C(C)NC,-0.2477,5.301559077848714
[Li]<-PC(C)C,1.2698999999999998,2.2131431159086845
[Li]<-N=CC(C)(C)O,0.40687,3.9271332358542037
[Li]<-O(C)CC(=C)C,1.2089,4.301497982826578
[Li]<-NC(C)CCO,-0.2839999999999997,2.2131431159086845
[Be]=C1CCCN1C,0.75079,7.265125695775816
[Li]<-N(N)C(C)C,-0.1419,3.837145455884777
[Be]=C(NN)N(C)C,-0.9924099999999992,4.622430521946696
[Li]<-N(O)=CC(C)C,1.1024,5.1313936645694715
[Li]<-NC(O)C(C)N,-1.389299999999999,3.4174035446239523
[Li]<-S(C)CCO,0.3416999999999999,4.301497982826578
[Li]<-O=C(C)NCC,0.1424000000000001,5.176770828857923
[Be]=C(F)Br,1.34709,8.013964098265888
[Li]<-N=CC(C)C#N,0.79565,3.9271332358542037
[Li]<-N#CCC(C)C,1.55608,1.8387783689363106
[Li]<-N=CCN(C)C,0.19757,3.9271332358542037
[Li]<-NOCC=C,0.0627,3.292615295633161
[Be]=C(C)OCC,1.08159,5.256181913560263
[Li]<-N(C)C(C)(C)C,1.0043,4.176709733835787
[Li]<-n1cc(C)co1,0.98302,6.845383784514992
[Li]<-S=C(O)C(=C)C,1.4479,1.8387783689363106
[Li]<-N1=CCCC1C,1.2395,9.443468342663136
[Li]<-S=CNC(C)C,0.9416,1.963566617927102
[Li]<-S=CP,0.8187,1.963566617927102
[Li]<-OC(C)(C)CC,1.1673,1.963566617927102
[Li]<-NC(C)(C)Cl,0.92,2.0883548669178933
[Li]<-NC(C)=C(C)C,1.2589,2.0883548669178933
[Li]<-N(C)=c1cc1C,0.40112,4.051921484844995
[Be]=C1CCCN1,0.4085899999999999,7.389913944766607
[Li]<-NOCC,-0.1033999999999998,3.4174035446239523
[Li]<-S(C)C(C)(C)C,2.1479,4.051921484844995
[Li]<-O=C(F)C(=C)C,1.0586,4.578079611258418
[Li]<-S(C)C(C)O,0.6877,4.176709733835787
[Li]<-N(C)=C(C)N,-0.0066999999999998,7.389913944766607
[Be]=C(C)OB,-0.39021,5.900116254161665
[Li]<-S=c1c(C)c1C,1.90853,1.8387783689363106
[Li]<-S=C(N)CC,0.6825000000000001,1.8387783689363106
[Li]<-O=BC(C)(C)C,1.2545,2.4827127095377124
[Li]<-N(CC)CCl,0.7922,4.301497982826578
[Li]<-O=C=C(C)C,0.7842,1.8387783689363106
[Li]<-[As](C)(I)I,1.9744,24.462555739903543
[Li]<-O=CP,0.0516999999999999,1.963566617927102
[Li]<-P1(Cl)CC1,1.6357,8.122734413513578
[Li]<-NNCC(=O)O,-1.4657,4.916617635609255
[Li]<-N#CC(C)=O,0.0989799999999999,1.8387783689363106
[Be]=C(O)C1CC1,0.80769,3.292615295633161
[Li]<-N=PC(C)(C)C,2.4934700000000003,5.256236367832926
[Li]<-O=C(N)C=C,-0.3423,5.301559077848714
[Li]<-O=C(N)CN,-1.5696000000000006,5.301559077848714
[Li]<-O=C(C)NCO,-0.9277,5.4263473268395055
[Li]<-N1(CC)CC1,0.3218999999999999,6.26506460075368
[Li]<-N1(O)CC1,-0.3087999999999999,5.505758411541847
[Li]<-OCC(N)=S,-0.7352000000000001,4.051921484844995
[Li]<-N(O)O,-0.6456000000000002,2.78288560440291
[Li]<-N(CC)CC=C,0.7819,4.301497982826578
[Li]<-N=CC(=O)O,-0.2794299999999999,3.9271332358542037
[Li]<-N=C(C)OB,-0.4517300000000001,5.006605415578681
[Li]<-SC#N,0.39728,1.963566617927102
[Li]<-N(N)=C(C)C,0.3409000000000001,7.265125695775816
[Li]<-S=C=C(C)N,0.4475000000000001,1.8387783689363106
[Li]<-S=C(C)NN,-0.2029999999999999,1.8387783689363106
[Li]<-O=CC(F)(F)F,0.7476,3.8023449868634125
[Be]=C(N)I,0.3763900000000001,12.998285149955104
[Li]<-NC(C)(C)CO,-0.2840000000000001,2.0883548669178933
[Li]<-n1[nH]ccc1I,1.0142999999999998,7.140337446785025
[Be]=C1NC(C)=CO1,0.46379,6.505819506563983
[Li]<-O(CC)CC=C,1.2089,4.176709733835787
[Li]<-P1(Cl)C(C)C1C,2.412700000000001,8.122734413513578
[Li]<-O=C(C)OB,-0.9024,4.88181716658789
[Li]<-P(Cl)C(C)(C)C,2.6172000000000017,6.408744293568058
[Li]<-S=CN,-0.0976999999999999,1.963566617927102
[Be]=C1NC=C(N)O1,-0.63991,6.505819506563983
[Li]<-N1CCC(=O)C1,-0.4512,6.140276351762889
[Li]<-S=C(P)P,1.0214999999999996,1.8387783689363106
[Li]<-O=C(C)NN,-1.0037999999999998,5.301559077848714
[Li]<-N#CC(N)=O,-1.00472,1.8387783689363106
[Li]<-n1ccc(C)c(N)c1,0.97222,7.604689973726825
[Li]<-N=C(CC)C(=O)OC,0.58917,5.641123355799723
[Li]<-S=c1ncc(N)c[nH]1,0.72139,1.8387783689363106
[Li]<-n1cn(CC)cc1N,0.4852000000000001,8.639551537770327
[Li]<-n1ccn(C=C)c1C,1.29202,7.140337446785025
[Li]<-O=C(O)C1CCNC1,-0.3194999999999999,4.881817166587889
[Li]<-S=C1CN(C)CN1,-0.1936999999999999,1.8387783689363106
[Li]<-n1cncc(N)c1C,0.36722,8.979115815721336
[Li]<-n1cccn1C(C)O,0.3939,8.979115815721336
[Li]<-N(C)=C1CCCC1,1.6312,7.729478222717616
[Li]<-S=C(Cl)N(CC)CC,1.8519,1.963566617927102
[Be]=C1NCC(N)(CO)N1,-2.17721,6.925561417824807
[Li]<-O=Cc1ccco1,1.0920999999999998,3.8023449868634125
[Li]<-n1cccnc1OC,0.4851999999999998,8.344597875500293
[Li]<-n1cncc(C)c1N,0.36722,8.639551537770327
[Li]<-N1=C(COC)CCC1,0.8676,9.443468342663136
[Li]<-n1c(C)ccnc1N,0.36722,10.353541657715846
[Li]<-S=c1ccc(O)co1,1.7146899999999998,1.8387783689363106
[Li]<-n1cnc(O)c(N)c1,-0.2355999999999998,7.265125695775816
[Be]=C(NC)n1ccnc1,-0.0531100000000001,6.800773168834016
[Li]<-NCC(O)(CC)CO,-0.9215000000000002,2.462719613890267
[Li]<-n1cc(C)c(N)n1C,0.31072,8.979115815721336
[Li]<-S=C(NC)C(C)C,1.1892,1.8387783689363106
[Li]<-P(O)(C(N)=O)C(C)C,0.8627,5.1313936645694715
[Li]<-N1=C(C)C=CN(C)C1,0.8639000000000001,9.103904064712127
[Li]<-P1(C)OC1OC(C)C,1.7519,5.1313936645694715
[Be]=C1NC=CN1C(C)C,0.76749,6.800773168834016
[Li]<-n1c(O)ccnc1N,-0.2356000000000001,9.719023717494803
[Li]<-N(=CC(C)(C)C)CC,2.1232,7.729478222717616
[Li]<-S=C1SC=C[SH]1CS,2.3778,1.8387783689363106
[Li]<-O=C(C)N(CC)CC,0.8747,5.4263473268395055
[Li]<-N(C)=C1CCCC1=O,0.8102,7.729478222717616
[Li]<-S=c1[nH]cnn1CC,0.9605899999999998,1.8387783689363106
[Li]<-S1CSC(C)SC1N,1.7453999999999996,4.051921484844995
[Li]<-P(C)(O)c1cccs1,1.3924,5.256181913560263
[Be]=C1SCCN1CC=C,1.21749,10.02581908967377
[Li]<-O1POCCC1C,1.3203,7.095014736769237
[Li]<-n1cn(N)c(C)n1,-0.6996800000000001,6.800773168834016
[Li]<-P1(C)CC(C)=CC1C,2.4465000000000003,5.765911604790515
[Li]<-n1c(N)csc1CCl,1.4641,11.86459745861008
[Li]<-S(CC(=O)O)C(C)C,1.2126,4.051921484844995
[Li]<-N1=CSC(SC)C1,1.4506,10.739748114597152
[Li]<-N(CCN)CCCl,-0.2265000000000003,4.301497982826578
[Li]<-NC(C)C(C)C(=C)C,1.5458,2.3379313648994757
[Li]<-n1cnc(Cl)c(N)c1,0.7122000000000002,7.265125695775816
[Li]<-N1CCCC1(O)O,-0.9918000000000002,7.729478222717616
[Li]<-N(=O)C1C=CNC=C1,0.752,6.845383784514991
[Li]<-[O-][n+]1cccc(P)c1,-0.1795999999999999,1.4992140909853016
[Li]<-O=C(C)OCC(=O)O,-0.3659000000000001,4.88181716658789
[Li]<-n1ccccc1I,1.6861999999999997,7.479901724736034
[Li]<-N1CCC(C)(OC)C1,0.3847999999999998,6.140276351762889
[Be]=C1C=C(C)N(C)N1C,0.72119,6.800773168834016
[Li]<-n1cc(C)ccc1C,1.69844,9.318680093672345
[Li]<-OCC(OC)OC,-0.4024000000000001,2.2131431159086845
[Li]<-O=C(C)N1CCCC1,0.6287,5.301559077848714
[Li]<-Nc1ccc(N)cc1,0.8510000000000002,2.0883548669178933
[Li]<-n1cnc(O)c(C)c1,0.4906199999999999,7.265125695775816
[Li]<-n1[nH]cc(C=O)c1N,-0.1956000000000003,8.639551537770327
[Li]<-n1ccn(N)c1C=O,-0.5906000000000005,8.979115815721336
[Li]<-P1(C)NC(N)C(N)N1,-1.3094999999999992,7.17513791580639
[Li]<-N1=C(C)N(CC)CC1,0.7403,9.103904064712127
[Li]<-S1C(=O)C(C)(C)C1N,0.5708000000000001,5.765911604790515
[Li]<-n1cc(CO)c(C)[nH]1,0.2104199999999999,7.265125695775816
[Li]<-S=C(C)n1ccnc1,1.0785,1.8387783689363106
[Li]<-N1=COC(C(C)C)C1,1.0695,7.094960282496573
[Li]<-n1cc(N)cc(I)c1,1.2684000000000002,7.604689973726825
[Li]<-N=c1ccc(N)c[nH]1,0.07637,5.301559077848714
[Li]<-N1=COC(C)C1C,0.8219000000000001,8.933738651432886
[Li]<-n1ccc(CN)cc1,0.5403000000000001,7.604689973726825
[Li]<-P1(O)OCC(C)CO1,0.8885000000000001,3.737569535136596
[Li]<-n1nc(C)n(N)n1,-1.30468,6.336420641892215
[Li]<-n1c(N)csc1N,0.3075000000000001,13.36381154959538
[Li]<-N=c1n(C)ccn1C,-0.1569299999999999,4.961994799897705
[Li]<-n1ccc(C#C)[nH]1,0.3909999999999999,7.265125695775816
[Li]<-N(C)=C(NC)C(C)=O,-0.1769,7.389913944766607
[Li]<-N(=CNCC)C(C)C,1.0326,9.228692313702918
[Li]<-N(C(=C)C)C(C)O,0.4479,5.131393664569472
[Li]<-NC(C)OC(=C)C,0.8412999999999999,3.4174035446239523
[Li]<-n1cnc(C)cc1O,0.4906199999999999,8.344597875500293
[Li]<-N1=CC=C(C)C1(O)O,-0.3445,9.888422582166571
[Li]<-S=C1NCC(C)(N)N1,-0.8609999999999995,1.8387783689363106
[Li]<-N(C)=c1[nH]cc(N)[nH]1,-0.5445000000000004,7.050349666815598
[Li]<-S=C1CNC(O)SC1,-0.0313999999999998,1.8387783689363106
[Li]<-N(C)=C(N)C(F)(F)F,0.5357,7.389913944766607
[Li]<-O=CC(C)N(C)CC,0.5255000000000001,3.8023449868634125
[Li]<-O=CC(C)(C=C)CO,0.3698999999999999,3.8023449868634125
[Li]<-S=C1CNCNC1,-0.4934000000000003,1.8387783689363106
[Li]<-n1cccc(SC)c1,1.8035,7.604689973726825
[Li]<-[Se]1[Se]CCC1(C)OC,0.4943999999999999,9.077007842807193
[Li]<-O1CC(C)(C)COP1,1.5678999999999998,7.219802985760028
[Li]<-N1CCNCCC1N,-1.1458999999999993,4.176709733835787
[Li]<-n1ccn(COC)c1,0.487,7.265125695775816
[Li]<-N#CC(=O)NC(C)C,0.0345799999999998,1.8387783689363106
[Li]<-O=C(C)C=NN(C)C,0.1228,5.641123355799723
[Li]<-N(C)C1CCCCC1,1.5385,4.301497982826578
[Li]<-N(N)c1ccccc1,0.9722000000000002,3.712357206893986
[Li]<-O=c1[nH]cccc1S,0.6636,5.301559077848714
[Li]<-n1cnc(N)c(O)c1,-0.2355999999999999,7.265125695775816
[Li]<-n1ccc(N)c(N)c1,0.2460000000000001,7.604689973726825
[Li]<-n1ccc(Cl)c(Cl)c1,2.3884000000000007,7.604689973726825
[Li]<-P1(C(C)C)C(C)C1C,2.667300000000001,5.641123355799723
[Be]=C1NC=C(C)N1CC,0.76909,6.800773168834016
[Li]<-O=C1CCCNCC1,0.3289999999999998,5.765911604790515
[Li]<-n1cnc(Cl)c(N)c1,0.7122000000000002,7.265125695775816
[Li]<-n1ccnc(C)c1C,1.09344,9.318680093672345
[Li]<-n1cccc(CBr)c1,1.9765,7.604689973726825
[Li]<-N=c1[nH]ccn1C,-0.1673299999999998,4.961994799897705
[Be]=C1C=C(N)C(C)=CN1,0.3747900000000001,7.265125695775816
[Li]<-S(CC)CCOCC,1.776,4.176709733835787
[Li]<-n1cc(O)ccc1C,1.0956199999999998,9.318680093672345
[Be]=C(C)N1CCOCC1,0.37729,3.712357206893986
[Li]<-S=C(OCC)C1CC1,1.7603,1.8387783689363106
[Li]<-Pc1ccccc1C,1.4954200000000002,2.2131431159086845
[Li]<-S=C(C)n1ccnc1,1.0785,1.8387783689363106
[Li]<-n1ccc(CO)[nH]1,-0.098,7.265125695775816
[Li]<-O=C(N)c1ccoc1,0.3785,5.176770828857923
[Li]<-N#CC(C)C(=C)C,1.72218,3.6775567378726213
[Li]<-S=c1ccc(N)c[nH]1,1.32639,1.8387783689363106
[Be]=C=Nc1ccccc1,1.7727,3.337992459921612
[Li]<-NCCOCCOC,-0.3919000000000001,2.3379313648994757
[Li]<-n1c[nH]c2c1CNC2,0.0128999999999997,7.140337446785025
[Li]<-p1(O)ccc(C)c1C,2.04544,6.845383784514991
[Li]<-O=C(C)NCOCC,0.1164999999999998,5.176770828857923
[Li]<-Nc1nc(C)c(C)s1,1.34214,2.0883548669178933
[Li]<-n1ccc(I)cc1C,1.99462,9.318680093672345
[Li]<-n1cncc(C)c1N,0.36722,8.639551537770327
[Li]<-S=C(NC)NC(C)=O,-0.3732000000000002,1.963566617927102
[Li]<-n1cnc(C)n1C,0.1235199999999999,8.639551537770327
[Li]<-N1=NNC(=O)C1(C)C,0.262,10.478329906706637
[Li]<-O=C1CCCOCC1,0.756,5.765911604790515
[Li]<-P(N(C)C)[Si](C)(C)C,1.9764,7.35272167653831
[Li]<-O=c1cccco1,0.6397999999999999,4.88181716658789
[Li]<-O=c1occcc1O,0.3453999999999999,4.881817166587889
[Li]<-n1ccn(CO)c1C,0.1413199999999999,8.979115815721336
[Li]<-S=C1NC=CC(O)N1,-0.7038,1.8387783689363106
[Li]<-N(C)=C1CCCCC1,2.0213,7.729478222717616
[Li]<-Sc1cccc(C)c1,2.28372,1.963566617927102
[Li]<-n1cncc(C=O)c1,0.2890999999999999,7.265125695775816
[Li]<-N1=C(C(=O)O)CCC1,0.3058,9.443468342663136
[Li]<-n1cc(C)cc(N)c1,0.97222,7.604689973726825
[Li]<-n1ccn(CCO)n1,-0.7296000000000002,6.800773168834016
[Li]<-n1cnn(C(C)=O)c1,-0.0618,6.925561417824807
[Li]<-NC(C)c1ccoc1,1.2993,2.2131431159086845
[Li]<-Nc1ccnc(Cl)n1,0.7121999999999999,2.0883548669178933
[Li]<-O=Cc1cccs1,1.5606,3.8023449868634125
[Li]<-N=C1C(C)CNC1N,-0.4697299999999997,3.8023449868634125
[Li]<-n1c[nH]c([N+](=O)[O-])c1,0.3178999999999998,7.265125695775816
[Li]<-P1(F)N(C)CCN1C,1.06,3.7741628063656085
[Li]<-n1ccc(C)n1C=C,1.29202,8.979115815721336
[Li]<-N(C)Cc1ccco1,0.999,4.42628623181737
[Li]<-[O-][n+]1cccc(Cl)c1,0.9734000000000002,1.4992140909853016
[Li]<-n1cccn1C(C)C,1.464,8.979115815721336
[Be]=C1NC=CN1CC=C,0.5450900000000001,6.800773168834016
[Li]<-n1cn(C)cc1N,0.0022999999999998,8.639551537770327
[Li]<-S=C(N)n1ccnc1,-0.0251999999999998,1.8387783689363106
[Li]<-n1ccc(C#C)cc1,1.0629,7.604689973726825
[Li]<-n1c(N)ccn1CO,-0.5849000000000002,10.353541657715846
[Li]<-N(C)=CC(F)(F)F,1.2493,6.015488102772097
[Li]<-n1cn(C(C)Cl)cn1,1.0354,6.800773168834016
[Li]<-S=c1[nH]ccc(=S)[nH]1,1.80178,1.8387783689363106
[Li]<-N=C(CC)ON(C)C,0.86687,5.006605415578681
[Li]<-n1cccnc1Br,1.2391,7.140337446785025
[Li]<-n1cncc(I)c1N,0.6634000000000001,8.639551537770327
[Li]<-O=c1cc[nH]cc1C,0.6833199999999999,5.641123355799723
[Li]<-n1c(C)cpn1CC,1.7915199999999998,12.14699731663637
[Be]=C1C=CC(C)=CN1,1.08839,7.265125695775816
[Li]<-n1[nH]c(N)c(C)c1C,0.6087400000000001,7.140337446785025
[Li]<-n1nc(CO)nn1C,-1.2976000000000003,8.175199010828527
[Li]<-n1cccc(I)c1N,1.2684,8.979115815721336
[Li]<-n1cc(C)c(C)n1C,1.03694,7.140337446785025
[Li]<-n1c(N)[nH]c(Cl)c1Cl,1.2986999999999995,8.514763288779536
[Li]<-S=c1[nH]cccc1N,1.32639,1.8387783689363106
[Li]<-N1=C(CC)C=C=C=C1,1.6749,9.318680093672345
[Li]<-S=c1scc(N)s1,2.12129,1.8387783689363106
[Be]=C1OCNC1(C)OC,-0.0349099999999999,9.673646553206353
[Li]<-N1CCNCC(N)C1,-1.493499999999999,4.301497982826578
[Li]<-S=C(NCC)C(=C)C,1.4994,1.963566617927102
[Li]<-P(N(C)C)C(C)(C)C,1.94,3.4627807089124034
[Li]<-Nc1ncccc1N,0.2460000000000001,2.0883548669178933
[Be]=C1NC=CN1CCl,0.5553899999999999,6.800773168834016
[Be]=C(C=C(C)C)N(C)C,1.55299,7.140337446785025
[Li]<-Pc1ccc(N)cc1,0.7691999999999999,2.0883548669178933
[Be]=C1C=C(N(C)C)NS1,0.6795899999999999,10.15060733866456
[Li]<-N1=CN(C(C)C)CC1,0.7386999999999999,7.389913944766607
[Be]=C(O)c1ccccc1,1.44599,6.845383784514991
[Li]<-O=C(O)C=NNC,-0.7238000000000002,5.00660541557868
[Li]<-n1cncc(OC)c1,0.4851999999999998,7.265125695775816
[Li]<-N(CC)=C(C)C(C)C,2.1232,9.443468342663136
[Be]=C1NC(N)=C(N)N1C,-1.4383099999999995,6.800773168834016
[Li]<-n1cc(N)ccc1C,0.97222,9.318680093672345
[Li]<-S=C1NC(N)NC1=O,-1.7245,1.8387783689363106
[Li]<-S=Cn1cnc(C)c1,0.9968199999999998,1.963566617927102
[Li]<-N(CC(=O)O)C(C)C,0.0689999999999997,6.015488102772097
[Li]<-n1c(N)cccc1N,0.2459999999999998,10.353541657715846
[Li]<-N1CCCCC1(C)C,1.5385,4.176709733835787
[Li]<-S=C(N)C(=O)OCC,-0.1643999999999997,1.8387783689363106
[Li]<-Oc1ccccc1,1.3922,1.963566617927102
[Li]<-NC(C)C(C)=C(C)C,1.6899000000000002,2.2131431159086845
[Be]=C=NCc1ccoc1,1.2342,3.337992459921612
[Li]<-S=C(OC)C(C)(C)C,2.0063,1.963566617927102
[Li]<-O=C(N)CC(C)(C)N,-0.4009000000000006,5.301559077848714
[Li]<-Nc1cccc(C)c1,1.5772199999999998,2.0883548669178933
[Li]<-n1ccc(C)nc1O,0.4906199999999999,8.344597875500293
[Li]<-S=C(C)N(CC)CC,1.6755,1.963566617927102
[Li]<-N1=C(NN)SCC1,-0.4474999999999998,12.114173956591662
[Li]<-n1ccn(CC#N)c1,0.4066799999999999,7.265125695775816
[Li]<-P1(C)C(P)=CCP1C,2.854900000000001,8.933793105705547
[Li]<-n1cn(CC)cc1Cl,1.5564,7.140337446785025
[Li]<-S=C(NCC)N(C)C,0.4424000000000002,1.8387783689363106
[Li]<-NCCc1cccs1,1.2493,2.3379313648994757
[Li]<-S=c1[nH]nc(C#C)s1,1.18199,1.8387783689363106
[Li]<-n1nc(O)sc1CC,0.8060999999999998,10.02581908967377
[Li]<-S1CCN(C)CC1,0.6649999999999999,4.176709733835787
[Li]<-N(N=C(C)C)C(C)C,1.3802,7.265125695775816
[Li]<-O=C1CCCCOC1,0.756,5.765911604790515
[Li]<-N=c1[nH]c(C)c(C)s1,1.17251,3.4627807089124034
[Li]<-N=C(CC)OCC=C,1.57627,5.131393664569472
[Li]<-N(CCOC)C(C)C,0.6307999999999998,4.176709733835787
[Li]<-n1nc(CCl)[nH]c1N,0.1256999999999996,8.175199010828527
[Li]<-S=P(CC)(CC)OCC,2.4572000000000003,5.256236367832926
[Li]<-O=[PH](Cl)Oc1ccccc1,2.693900000000001,5.256236367832926
[Li]<-S=P(c1ccccc1)(C(C)C)C(C)C,3.6082000000000014,5.256236367832926
[Li]<-S=P(CCC)(CCC)OCC,3.237400000000002,5.256236367832926
[Li]<-O=P(C)(O)C(C)C,1.295,5.131448118842135
[Li]<-N1N=C(N)C(c2ccccc2)=[PH]1C(C)(C)C,2.0102,8.594228827754538
[Li]<-S=P(C)(C(=O)OC)C(=O)OC,1.6285,5.131448118842135
[Li]<-O=[PH](CC(C)C)c1ccccc1,2.5276000000000005,5.3810246168237175
[Li]<-S=[PH](CC)CC,1.7023,5.256236367832926
[Li]<-S=P1(C)CC(c2ccccc2)C(C)=C1C,4.187000000000003,5.131448118842135
[Li]<-P1=P(C(C)C)(C(C)C)CC=C1,4.209300000000003,6.9702264877784454
[Li]<-O=P(C(C)C)(C(C)C)C(C)C,3.5747000000000027,5.256236367832926
[Li]<-S=P(C)(C)C(C)(C)C,2.524000000000001,5.131448118842135
[Li]<-O=[PH](C1=CC1C(C)C)c1ccccc1,3.041300000000001,5.256236367832926
[Li]<-S=P(C)(C)C(C)C,2.1339,5.131448118842135
[Li]<-S=P(C)(C(N)=O)c1ccco1,1.0929000000000002,5.131448118842135
[Li]<-O=P(Cl)(Cl)C(C)(C)C,3.4556000000000022,5.131448118842135
[Li]<-N=P(C)(C)c1ccc(C)c(C)c1C,3.276730000000001,5.3810246168237175
[Li]<-S=P(C)(C)OC(C)C,2.0655,5.131448118842135
[Li]<-S=P(C)(C)c1ccc(-c2ccccc2)cc1,3.7180000000000017,5.131448118842135
[Li]<-S=P1(C)NCCN1C,0.4606999999999999,5.256236367832926
[Li]<-S=P(C)(c1ccc(F)cc1)C(C)N,1.865,5.131448118842135
[Li]<-S=P(O)(CC)OC,0.9545,5.131448118842135
[Li]<-N=P(CC)(CC)c1ccccc1,3.131670000000001,5.256236367832926
[Li]<-S=[PH](OC(C)C)OC(C)C,2.3425,5.256236367832926
[Li]<-S=P(CC)(c1ccccc1)c1ccccc1,3.136800000000002,5.256236367832926
[Li]<-S=P(C)(C)Cc1ccsc1,2.9872000000000014,5.131448118842135
[Li]<-O=P(C)(O)c1ccc(C(C)C)c(C(C)C)c1,3.4589000000000025,5.131448118842135
[Li]<-S=P(CC)(OCC)OCC,2.3888000000000007,5.256236367832926
[Li]<-O=P(C)(OCC)OCC,1.8823,5.131448118842135
[Li]<-S=P(C)(C)CP(C)(C)=O,2.3057,5.131448118842135
[Li]<-O=P(C)(C)OCC,1.5606,5.131448118842135
[Li]<-O=P(Cl)(C(C)(C)C)C(C)(C)C,4.100300000000003,5.256236367832926
[Li]<-N=P(C)(CC)CC,2.43597,5.256236367832926
[Li]<-N=P(C)(C)c1ccccc1,2.35147,5.256236367832926
[Li]<-P1PP1#P(C(C)C)C(C)(C)C,5.187700000000004,5.256236367832926
[Li]<-N=P(C)(C(C)C)C(C)(C)C,3.6030700000000015,5.256236367832926
[Li]<-O=[PH](C(C)(C)C)C(C)(C)C,3.1431000000000022,5.3810246168237175
[Li]<-O=P(OCC)(C(C)C)C(C)C,3.1178000000000017,5.3810246168237175
[Li]<-O=P1(C)NC(N)C(N)N1,-1.4282999999999992,5.131448118842135
[Li]<-S=[PH](OCCC)OC(C)C,2.3441,5.256236367832926
[Li]<-S=P(C)(C)c1ccc(OC)cc1,2.0596,5.131448118842135
[Li]<-S=P(C)(C)c1ccccc1,2.051,5.131448118842135
[Li]<-O=[PH](OCC)OCC,1.4490999999999998,5.256236367832926
[Li]<-O=P(C)(C)c1cccc(C)c1,2.2430200000000005,5.131448118842135
[Li]<-S=[PH](c1ccccc1)c1cccs1,2.375000000000001,5.131448118842135
[Li]<-O=P(C)(C)c1ccccc1C,2.2430200000000005,5.131448118842135
[Li]<-S=P(C)(OCC)OCC,1.9987,5.131448118842135
[Li]<-O=[PH](O)C(C)C,0.8617999999999999,5.256236367832926
[Li]<-O=[PH](Oc1ccccc1)Oc1ccccc1,3.5341000000000014,5.3810246168237175
[Li]<-S=P(C)(C)c1cccc(-c2ccccc2)c1,3.7180000000000017,5.131448118842135
[Li]<-S=P(C)(c1ccccc1)c1cccs1,2.808200000000001,5.131448118842135
[Li]<-N=P(C)(C)C(C)C,2.4343699999999995,5.3810246168237175
[Li]<-S=P(C=C)(c1ccccc1)c1ccccc1,3.260400000000001,5.131448118842135
[Li]<-O=P(CC)(CC)OC,1.9507,5.131448118842135
[Li]<-O=P(C)(c1ccccc1)C(C)(C)C,3.1033000000000017,5.256236367832926
[Li]<-O=P(Cl)(OCC)C(C)C,2.8632000000000017,5.3810246168237175
[Li]<-O=P(Cl)(c1ccccc1)c1ccccc1C,3.462720000000002,5.131448118842135
[Li]<-O=P(C)(C(C)C)C(C)C,2.796100000000001,5.131448118842135
[Li]<-O=P(C)(C)OB(CC)CC,2.572000000000001,5.131448118842135
[Li]<-O=P(Cl)(OC=C)C1CCCCC1,3.911100000000002,5.131448118842135
[Li]<-N=P(C)(C)C1CCCCC1,3.358670000000002,5.256236367832926
[Li]<-S=P(C)(O)C(C)C,1.4113999999999998,5.131448118842135
[Li]<-O=P(Cl)(C(C)C)C(C)C,3.320100000000002,5.256236367832926
[Li]<-O=P1(C)NC(N)CN1C,-0.3708999999999995,5.131448118842135
[Li]<-n1cnc2nc[nH]c2c1N,-0.0648999999999999,8.639551537770327
[Li]<-Nc1cccc(SC=C)c1,2.5043999999999995,2.0883548669178933
[Li]<-n1cccc(C(=O)NN)c1,-0.3149000000000006,7.604689973726825
[Li]<-S=c1[nH]ccn1CC(=O)O,0.6302900000000001,1.8387783689363106
[Li]<-n1nn(C)nc1CC(=O)OC,-1.0744000000000002,6.336420641892215
[Li]<-n1c[nH]c2ncnc(N)c21,-0.0648999999999999,7.140337446785025
[Li]<-[O-][n+]1ccccc1OCC,0.7186999999999999,3.337992459921612
[Li]<-N=Cc1cccc(OC)c1,1.69287,3.9271332358542037
[Li]<-P(=CC=C)c1ccccc1,2.2463000000000006,3.8023449868634125
[Li]<-n1c(C)cc(C=O)cc1O,0.9081199999999998,10.398152273396821
[Li]<-S=c1n(C)ccn1C(C)C,2.13699,1.8387783689363106
[Li]<-N(C)c1ccc(OC)cc1,1.7369,4.176709733835787
[Li]<-S=c1cc(C)n(C)c(=O)[nH]1,0.7513099999999998,1.8387783689363106
[Li]<-n1csc(-c2cnc[nH]2)c1,1.5332,10.61495986560636
[Li]<-[O-][n+]1cccc(OCC)c1,0.7186999999999999,1.4992140909853016
[Li]<-n1cccc(N2CCCC2)c1,1.6818,7.604689973726825
[Li]<-P1(CC)C(C)CC(C)C1C,3.305000000000001,5.890699853781306
[Li]<-S=c1n(C(C)C)cc(C)n1C,2.4454100000000007,1.8387783689363106
[Li]<-n1c(N)[nH]c2c(C)cccc21,1.45352,8.514763288779536
[Li]<-n1cccc(CO)c1CO,0.0661999999999999,9.443468342663136
[Li]<-N(=CC(N)=O)CC(=O)OC,-1.2845000000000002,7.729478222717616
[Li]<-n1cc(C)cc(C=[N+](C)[O-])c1,0.94902,7.604689973726825
[Li]<-n1ccn(C2CCCCC2)n1,1.7833,6.800773168834016
[Li]<-n1ccc(NC(C)C)cc1,1.9019,7.604689973726825
[Li]<-NC(C)(C)N1CCOCC1,0.0133999999999996,2.0883548669178933
[Li]<-N1CCOCC1C(=O)OC,-0.8521999999999998,6.015488102772097
[Li]<-n1cc(C)n(CO)c1CO,-0.36638,7.140337446785025
[Li]<-n1ccn(CC(=O)OC)c1,0.0560999999999999,7.265125695775816
[Li]<-n1ccc([N+](=O)[O-])cc1C,1.29822,9.318680093672345
[Li]<-n1ccccc1CN=C=O,0.9174,9.318680093672345
[Li]<-O=c1occc(OC)c1C,0.95682,4.881817166587889
[Be]=C(F)NCCOC(F)(F)F,1.07819,4.238515333307409
[Li]<-n1csc(-c2ccsc2)c1,2.871600000000001,10.61495986560636
[Li]<-N#CSc1ccccc1F,2.39888,1.8387783689363106
[Li]<-S=C(C(C)(C)C)C(C)(C)C,3.448500000000003,2.0883548669178933
[Li]<-Nc1ccccc1C#CN,0.5365000000000004,2.0883548669178933
[Li]<-n1cc(C)c2cc[nH]c2c1,1.87132,7.604689973726825
[Li]<-N(C)c1c(F)cccc1F,2.0065,4.176709733835787
[Be]=C1N(CCC)CCN1CCC,1.42029,6.675984919843224
[Li]<-P(CC)(CC)n1cccn1,2.1679000000000004,5.551135575830297
[Li]<-P(C)(OC(=C)C)C(C)(C)C,3.3618000000000023,5.256181913560263
[Li]<-OCc1ccc(C#N)cc1,1.05058,2.2131431159086845
[Li]<-S=CC(C)(C)C,2.0322,2.0883548669178933
[Li]<-N=C(CC)CC,1.82617,5.641123355799723
[Li]<-N1CCC(=O)C1,-0.4512,7.9790547206991995
[Li]<-N(CC)=C(C)C,1.4871,9.443468342663136
[Li]<-NOCC(=O)O,-1.0387,3.292615295633161
[Be]=C(I)NC,0.6370899999999999,14.712275269900623
[Li]<-N(C)(CC)P=N,1.56167,9.432946101668712
[Li]<-S=C(N)CCO,-0.3450999999999999,1.8387783689363106
[Be]=C(C=CC)NC,0.8206899999999999,7.265125695775816
[Li]<-S=CNC(C)=O,0.0797,1.963566617927102
[Li]<-S1CCNCC1,0.3228,4.176709733835787
[Li]<-NCC(C)CI,1.0162000000000002,2.3379313648994757
[Li]<-N1C(C)C1(C)C,0.7566999999999999,3.9271332358542037
[Be]=C(N=CN)OC,-0.3839099999999999,6.381031257573191
[Li]<-P(C)(NC)NC,0.3668999999999998,5.461147795860871
[Li]<-N=C(C)C(C)=O,0.61507,5.641123355799723
[Be]=C1NC=C(C)S1,1.18039,8.31182896972825
[Li]<-N#CC(=C)OC,0.6700799999999999,1.8387783689363106
[Li]<-N(C)=CNCC,0.254,5.675923824821088
[Li]<-NC(C)CI,0.7686000000000002,2.2131431159086845
[Li]<-N=C(C)C=CC,1.60217,5.765911604790515
[Li]<-O=C(O)C(=C)N,-0.4565999999999999,5.1313936645694715
[Li]<-S=C1CCCO1,1.1242,1.8387783689363106
[Li]<-n1csc(C)c1,1.45152,5.765911604790515
[Li]<-O=C(C=C)SC,1.0619999999999998,3.6775567378726213
[Li]<-N(C)CC(C)=O,-0.2052,4.42628623181737
[Be]=C=CC(C)(C)C,1.89869,3.9271332358542037
[Li]<-O=BC(C)(C)N,-0.2691,2.4827127095377124
[Li]<-N#COC(C)C,0.8924799999999999,3.0430387976515787
[Li]<-N(C)CC(=O)O,-0.7096000000000002,4.42628623181737
[Be]=C(F)N(C)C,0.51379,4.113727084316618
[Li]<-N#CC(C)(C)O,0.2808800000000001,1.8387783689363106
[Li]<-N=C(O)C1CC1,0.93167,5.00660541557868
[Be]=C(NC)C(C)C,0.90059,9.103904064712127
[Li]<-S=C(C)SCC,2.0868,1.8387783689363106
[Li]<-N=C(C)C=C,1.21207,5.641123355799723
[Li]<-N(CC)C(=C)C,1.1295,4.051921484844995
[Li]<-n1cc(N(C)C)ccc1N,0.7298,8.979115815721336
[Li]<-n1cc2scc(C)c2cn1,1.99972,7.140337446785025
[Li]<-N=Cc1ccccc1OC,1.69287,3.9271332358542037
[Li]<-p1(C(C)C)c(C)ccc1C,3.8709400000000014,9.318680093672345
[Li]<-N#CC=Cc1ccccc1,2.22338,1.8387783689363106
[Li]<-n1ccc(C=CCO)cc1,1.0871,7.604689973726825
[Be]=C1NC(N)(CO)NC1(C)N,-2.502309999999999,10.26355387774642
[Li]<-[As](C)(CC)c1ccccc1,2.0381,6.140276351762889
[Be]=C1N(C)C=C(C#CC)N1C,0.7245900000000001,6.675984919843224
[Li]<-n1cc([N+](=O)[O-])n(C)c1C,0.63672,7.140337446785025
[Li]<-n1c(C)cccc1C(C)=O,1.59262,11.032670213617864
[Li]<-n1c(C(=C)C)cc(C)n1C,1.76162,8.854327566730545
[Li]<-S=c1sc(NC)c(SC)s1,3.302690000000001,1.8387783689363106
[Li]<-P1(c2ccccc2)CC1P,2.0085999999999995,5.516335106808932
[Be]=C1N(C)C=CN1CC(=O)O,-0.21411,6.675984919843224
[Li]<-N(=O)c1c(F)cccc1F,2.3627,6.7205955355241995
[Be]=C(C)Nc1ccc(Br)cc1,2.919690000000001,5.675923824821088
[Be]=C1N(C)C=C2C=CC=CN12,1.15499,6.675984919843224
[Li]<-O=c1cc1-c1ccccc1,1.5894,1.8387783689363106
[Li]<-N(CCO)c1ccccc1,1.0908,4.051921484844995
[Li]<-S=c1[nH]c(C(C)C)nn1C,1.60109,1.8387783689363106
[Be]=C(C)Nc1ccc(C)cc1,2.4656100000000007,5.675923824821088
[Li]<-N1=CN(C)CC(C)(C)C1=O,0.5128999999999999,6.505819506563983
[Li]<-N1=C(N)N(C(C)(C)C)CC1,0.4152000000000001,8.764339786761118
[Li]<-P1(OC)OC=CC(C)(C)O1,2.1988000000000003,3.8623577841273873
[Li]<-O1C(C)CCOP1OCC,2.0752,7.219802985760028
[Li]<-N(CCNC(C)=O)C(C)C,0.1204999999999998,4.176709733835787
[Li]<-S=c1[nH]cc(C)n1CC=C,2.04011,1.8387783689363106
[Li]<-N(CC1COCO1)C(C)C,0.3572999999999997,4.176709733835787
[Be]=C=NC1C=CC(SC)=CC1,2.0164,3.337992459921612
[Be]=C(C)Nc1ccccc1O,1.86279,5.80071207381188
[Li]<-n1ccn(CC(C)(C)O)c1,0.6540000000000001,7.265125695775816
[Be]=C1NC=C(N)N1C=C(C)C,0.5691900000000001,6.800773168834016
[Li]<-n1cc2cncc(C)c2s1,1.99972,8.651393247679259
[Li]<-O=C(C)Oc1ccccc1,1.6119,4.88181716658789
[Li]<-n1c[nH]c2c(C)cccc21,1.87132,8.979115815721336
[Be]=C1NC=C(C(C)SCC)S1,2.30209,8.31182896972825
[Li]<-O=CC(=C)c1ccccc1,1.8987,3.9271332358542037
[Li]<-n1ccccc1C(F)(F)F,2.1004,9.318680093672345
[Li]<-S=c1[nH]c(C)c(C)n1CC,2.18243,1.8387783689363106
[Li]<-[O-][n+]1ccccc1C(C)=O,0.5226000000000001,1.4992140909853016
[Li]<-O=Cc1c(F)cccc1F,1.7773,3.8023449868634125
[Be]=C(SC=C(C)OC)N(C)C,1.78519,10.02581908967377
[Li]<-N1C(N)=C(C)C=NC1(N)Cl,-0.3405999999999999,3.8023449868634125
[Li]<-Nc1cc(C(C)=O)ccn1,0.8664000000000001,2.0883548669178933
[Be]=C(C=C(C)C)c1ccoc1,2.6751900000000006,5.641123355799723
[Li]<-n1cc(C)nc(C(=O)O)c1,0.4832199999999998,7.604689973726825
[Li]<-n1cc2c(Cl)cncn2c1,1.3827,7.265125695775816
[Li]<-S=C(N)NC1CCCCC1,1.1523,1.8387783689363106
[Li]<-N#CSc1ccccc1C,2.568200000000001,1.8387783689363106
[Be]=C1CC(C)(N(C)C)OC1C,1.15429,8.933738651432886
[Li]<-n1cnc(C(N)=O)c(O)c1,-0.7189000000000005,7.265125695775816
[Be]=C1NC=C(N)N1CN(C)C,-0.8354099999999989,6.800773168834016
[Li]<-n1cc(N=NC)n(CC)c1,1.6165,7.265125695775816
[Li]<-n1c(C)cn(CO)c1CO,-0.36638,7.0155491977942335
[Li]<-P(Cl)(OC)c1ccccc1,2.5090000000000003,7.613004722283327
[Li]<-n1ccc(C)c(C(=O)O)c1,1.08822,7.604689973726825
[Li]<-NC(C(=O)OCC)C(C)C,0.5327999999999997,2.2131431159086845
[Li]<-n1cnn(CC(C)(C)C)c1,1.3241999999999998,6.925561417824807
[Li]<-n1c(C)ccc2c1CNC2,0.99322,9.193891844681554
[Li]<-n1[nH]c(C(F)(F)F)cc1N,1.0107000000000002,8.639551537770327
[Li]<-S=C(C)NCc1ccoc1,1.7165,1.8387783689363106
[Be]=C1NC(C#N)=C(C#N)N1C,-0.22355,6.800773168834016
[Be]=C=Cc1ccccc1OC,2.01839,3.8023449868634125
[Li]<-N1CCCC1CC(=O)OC,0.3014999999999999,6.015488102772097
[Li]<-P(c1ccccc1)C(C)C,2.3988000000000005,3.9271332358542037
[Li]<-S1Cc2ccccc2C1N,1.8907,4.051921484844995
[Li]<-O=C(Cl)c1ccc(Cl)cc1,2.719000000000001,3.6775567378726213
[Li]<-S=c1ssc(C)c1OCC,3.2462100000000014,1.8387783689363106
[Li]<-S=C1NC(OCC)CCS1,1.3604,1.8387783689363106
[Li]<-N1=CCCC1(Cl)C(F)(F)F,2.3484,9.318680093672345
[Li]<-N(Cc1ccsc1)C(C)C,2.2461,4.301497982826578
[Li]<-n1cc2[nH]cnc2nc1Cl,1.0063,7.140337446785025
[Li]<-n1csc(-c2cscn2)c1,2.2666000000000004,10.61495986560636
[Li]<-n1cccc(C(=O)NO)c1,0.2006000000000004,7.604689973726825
[Li]<-NCc1cccc(NC)c1,1.1869999999999998,2.462719613890267
[Li]<-n1cnc(C)c(N(C)C)c1,0.8510199999999999,7.265125695775816
[Be]=C1N(CC)C=CN1CCBr,1.48629,6.675984919843224
[Be]=CNc1cc(C)cc(C)c1,2.26093,3.712357206893986
[Li]<-O=C(C)c1ccc(F)cc1,2.0283,5.641123355799723
[Li]<-O=C(CO)CN1CCCC1,-0.3564000000000002,5.641123355799723
[Be]=C(C#N)Nc1ccccc1,1.6608699999999998,5.301559077848714
[Li]<-n1ncn(C(C)(C)C)c1N,0.6153000000000001,8.175199010828527
[Li]<-n1ccc(C(C)=NC)cc1,1.5204,7.604689973726825
[Li]<-S1c2ccccc2CC1N,1.6196000000000002,5.641123355799723
[Li]<-P(N1CCCC1)C(C)(C)C,2.4742000000000006,3.4627807089124034
[Li]<-S(C)C(C)c1ccccc1,3.1106000000000016,4.176709733835787
[Be]=C1N(CC)C=CN1C(C)Br,1.83229,6.675984919843224
[Li]<-N1=C(CCC)CC1CC=C,2.5759000000000007,7.479901724736034
[Li]<-S=C(C)NC1CCCCC1,2.256,1.8387783689363106
[Li]<-Nc1cc(C)c(C)c(C)c1,2.1940600000000003,2.0883548669178933
[Be]=C1NC(N)(C(O)O)NC1N,-3.5740099999999995,8.5495637578009
[Li]<-N=C(C)c1ccc(Br)cc1,2.836870000000001,5.765911604790515
[Li]<-O=C(CO)Cn1cccn1,-0.5555000000000001,5.516335106808932
[Li]<-NN1Cc2ccccc2C1,0.8759000000000001,3.5875689579031946
[Be]=C1NC=C(N)N1C(C)(O)O,-1.6962099999999989,6.800773168834016
[Be]=C1N(C=C)CC1(C)N(C)C,0.8045899999999999,8.514763288779536
[Li]<-O=C1CNc2ccccc21,1.2948,5.516335106808932
[Be]=C1N(CC)C=CN1C(F)F,1.31399,6.675984919843224
[Li]<-N(N)=C(C)c1ccccc1,1.3693000000000002,7.265125695775816
[Li]<-NC1(C)CC12CCCCC2,2.0580000000000003,2.2131431159086845
[Li]<-n1ccc(N(C)C)c(C)c1,1.45602,7.604689973726825
[Be]=C1C=CC2=C(OCO2)N1C,0.70019,8.979115815721336
[Li]<-P1(C)C2C=CC=CCCC21,2.7551000000000005,5.890699853781306
[Li]<-P(F)(F)c1nn(C)pc1C,2.18482,3.390247617726322
[Li]<-S=C(C(=O)C=CC)N(C)C,1.0206,1.963566617927102
[Li]<-N#Cc1ccccc1SC,2.2801800000000005,3.6775567378726213
[Be]=C(N)NC1CCCC(O)C1,-0.1655100000000006,3.3727929289429768
[Be]=C(Cl)Oc1ccc(Cl)cc1,2.953890000000001,7.488216473292535
[Li]<-NCc1ccccc1C=O,0.9578,2.462719613890267
[Li]<-N(C)=C(O)c1ccccc1,1.621,7.219748531487366
[Li]<-[O-][S+]1CCC(C(C)(C)C)C1,1.8011,4.849048260815846
[Li]<-S(C)Cc1ccccc1Cl,3.203000000000002,4.301497982826578
[Li]<-n1cnn(C(C)=C(C)C)c1,1.5489,6.925561417824807
[Li]<-O1Cc2ccccc2OP1,2.1041000000000003,7.219802985760028
[Li]<-Nc1cccc(C(C)=O)c1,1.4714,2.0883548669178933
[Li]<-n1cccc(CCOC)c1,1.2705,7.604689973726825
[Li]<-PC(C)(C)c1ccccc1,2.796800000000001,2.0883548669178933
[Li]<-N=C(C(=C)OCC)C1CC1,1.96637,5.641123355799723
[Li]<-Nc1c(C)ccc(C)c1C,2.1940600000000003,2.0883548669178933
[Li]<-n1cccc(C(C)(C)C)c1,2.3791,7.604689973726825
[Be]=C1Nc2ccccc2N1C,1.54459,6.800773168834016
[Li]<-S=C(SNC(C)=O)N(C)C,0.6172,1.8387783689363106
[Li]<-N12CCC(C=C)(CC1)CC2,1.6583,6.26506460075368
[Li]<-Nc1ccc(C=O)cc1I,1.6859000000000002,2.0883548669178933
[Li]<-n1cc(C)c(C=O)c(N)c1,0.78472,7.604689973726825
[Li]<-N1=CCC(c2cc[nH]c2)C1,1.5728,7.729478222717616
[Li]<-N(N)=C(C)c1c[nH]cc1C,1.0058200000000002,7.389913944766607
[Li]<-n1cncc(C(=O)OC)c1,0.2632,7.265125695775816
[Li]<-NCCc1ccc(C)cc1,1.49622,2.3379313648994757
[Li]<-Nc1cccc(C(C)C)c1,2.3922,2.0883548669178933
[Li]<-S=c1cc1-c1ccccc1,2.9586900000000007,1.8387783689363106
[Li]<-P(=CC(C)(C)C)C(C)(C)C,3.5794000000000024,3.8023449868634125
[Li]<-N1=CCC(n2cccc2)C1,1.5037,7.729478222717616
[Li]<-n1c(C)cccc1[N+](=O)[O-],1.29822,10.693105935666855
[Li]<-N#CC=C(C#N)C(C)(C)C,2.00606,1.8387783689363106
[Li]<-S=c1[nH]c(C)cc(=O)n1C,0.7513099999999999,1.963566617927102
[Be]=C(C)Nc1cccc(C)c1,2.4656100000000007,5.675923824821088
[Li]<-N#Cc1ccc(C)c(C)c1,2.17512,1.8387783689363106
[Li]<-P1(c2ccccc2)CC1C,2.1959,5.516335106808932
[Li]<-Nc1ncccc1C(C)=O,0.8664000000000001,2.0883548669178933
[Li]<-n1cc(N)cc(C(C)C)c1,1.7872,7.604689973726825
[Be]=C(C)Nc1cccc(I)c1,2.7617900000000004,5.675923824821088
[Li]<-n1cccc(CC(C)O)c1,1.0049,7.604689973726825
[Li]<-n1c(C)[nH]c(CN)c1CO,-0.3308800000000002,7.0155491977942335
[Li]<-O=CC(C)(OCC)C(O)O,-0.7088,3.9271332358542037
[Li]<-n1ccccc1OC(C)=O,1.0069,8.684162153451302
[Li]<-P(C)(C=C)c1ccccc1,2.567100000000001,5.890699853781306
[Li]<-NCc1ccnc(C=C)c1,1.1833,2.3379313648994757
[Li]<-n1cn(CCCl)cc1CC,1.6843,7.140337446785025
[Li]<-N#Cc1cc(C)cc(C)c1,2.17512,1.8387783689363106
[Li]<-O1C(C)CCOP1OCC,2.0752,7.219802985760028
[Li]<-S=C(N=C(C)NC)N(C)C,0.4707000000000001,1.8387783689363106
[Li]<-P(c1ccccc1)N(C)C,1.467,3.4627807089124034
[Li]<-S=C1NCC(=O)N1C(C)C,0.1114999999999997,1.8387783689363106
[Li]<-S=Cc1cccc(Cl)c1Cl,3.3412000000000006,1.963566617927102
[Li]<-N(=C(C)C(F)(F)F)C(C)C,2.418000000000001,11.157458462608655
[Be]=C(C)Nc1ccc(I)cc1,2.7617900000000004,5.80071207381188
[Li]<-n1ccc(C(C)=NO)cc1,1.2798,7.604689973726825
[Be]=C1NC=C(C(C)SCC)S1,2.30209,8.31182896972825
[Li]<-n1cc(O)cc(C(N)=O)c1,-0.1139,7.604689973726825
[Li]<-n1cc(C(C)OC)c(N)[nH]1,0.6993,7.265125695775816
[Li]<-S=c1[nH]c(=O)[nH]c(N)c1C,0.3231100000000001,1.963566617927102
[Li]<-OCc1cccc(OC)c1,1.1874999999999998,2.3379313648994757
[Li]<-NCc1cccc(C#N)c1,1.01698,2.462719613890267
[Li]<-NC(C)c1cncc(F)c1,1.2404000000000002,2.3379313648994757
[Li]<-n1ccc(SC(C)C)nc1,1.9771,7.265125695775816
[Be]=C(C)Nc1ccccc1I,2.7617900000000004,5.675923824821088
[Li]<-O=C(C)N(C(C)C)C(C)C,1.6517,5.4263473268395055
[Li]<-P(C)(OC)C1CCCCC1,2.9922000000000013,5.505758411541847
[Li]<-N1CC1(C)c1ccccc1,1.505,4.051921484844995
[Be]=C(C)NCc1ccccc1,1.83489,5.675923824821088
[Li]<-S(C(=C)C)C1CCCCC1,3.5859000000000023,3.8023449868634125
[Li]<-S1CCNc2ccccc21,2.2042,3.9271332358542037
[Li]<-S=C(NC(C)=O)NC(C)O,-0.6647000000000001,1.8387783689363106
[Li]<-Sc1c(C)cc(C)cc1C,2.9005600000000014,2.0883548669178933
[Li]<-S=CC(=O)c1ccccc1,1.869,1.963566617927102
[Li]<-S=C(NCC)NN=CCC,0.8662000000000001,1.8387783689363106
[Li]<-O=C([O-])Cn1c[nH+]c(N)c1,-2.3656999999999995,4.881817166587889
[Li]<-N=c1[nH]c(OC)cc(=O)[nH]1,-0.8089300000000001,5.086783048888496
[Li]<-S(C)Cc1ccc(C)cc1,2.8580200000000007,4.301497982826578
[Li]<-Nc1cncc(C(C)=O)c1,0.8664000000000001,2.0883548669178933
[Be]=C1NCCCN1[Si](C)(C)C,1.11289,6.800773168834016
[Be]=C1NC=C(N)N1C(C)(C)O,-0.6261100000000002,6.800773168834016
[Li]<-N1=CNC(C)(C)CC1(C)C,1.5652,10.942682433648438
[Li]<-S=c1[nH]cc(C)n1CC=C,2.04011,1.8387783689363106
[Be]=C(c1ccccc1)N(C)C,1.63509,8.854327566730545
[Li]<-n1ccc(N(C)C)cc1C,1.45602,9.318680093672345
[Be]=C1N(C)C=CN1C(C)(C)C,1.49979,6.675984919843224
[Li]<-n1ccn(C(O)(O)CC)c1,-0.1120000000000001,7.265125695775816
[Li]<-n1cccc(CC(C)C)c1,2.2801,7.604689973726825
[Li]<-NCc1ccc(C)cc1C,1.76214,2.3379313648994757
[Li]<-N=c1n(C)ccn1C(C)C,0.88697,4.961994799897705
[Li]<-N=c1[nH]c(N)c(C)c(=O)[nH]1,-0.9269100000000006,4.961994799897705
[Li]<-N=C(CC)OCCC(C)C,2.43637,5.006605415578681
[Li]<-P1(N(C)C)N(C)CCN1C,0.6520999999999999,4.497642272955905
[Li]<-n1cccc(CC=C)c1N,1.3923,8.979115815721336
[Li]<-O=C(N)c1ccccc1C,1.09392,5.4263473268395055
[Li]<-N1=C2SCC(=O)N2CCC1,0.3215000000000001,7.265125695775816
[Li]<-n1ccc(N=C(C)N)cc1,1.0901999999999998,7.604689973726825
[Li]<-n1ccc(C=C(C)C)cc1,2.5048000000000004,7.604689973726825
[Li]<-N1=C(N)C=CN(C(=O)O)C1,-0.1915999999999998,8.764339786761118
[Be]=C(C)Nc1ccccc1C,2.4656100000000007,5.675923824821088
[Li]<-Nc1cc(C(=O)O)ccn1,0.3620000000000001,2.0883548669178933
[Li]<-n1cc2cccc(Br)c2[nH]1,2.3253999999999992,7.265125695775816
[Li]<-P1(F)C2CCC(OC)CC21,2.3025,4.702867860249209
[Li]<-NCCc1ccccc1C,1.49622,2.3379313648994757
[Li]<-S=C(NC(C)=O)NC(C)C,0.4053999999999998,3.0430387976515787
[Li]<-P(O)(CCO)CC(F)(F)F,0.9302,5.505758411541847
[Li]<-N#Cc1ccc(C)cc1C,2.17512,1.8387783689363106
[Li]<-NCc1ccccc1OC,1.1539,2.462719613890267
[Li]<-n1cc(C(C)=O)ccc1N,0.8664000000000001,8.979115815721336
[Li]<-S=c1[nH]ccn1CCCC,2.34579,1.8387783689363106
[Li]<-n1c(C)nnn1CC(C)=O,-0.4294800000000003,6.336420641892215
[Be]=C1C(N(C)C)=C1C(C)(C)C,1.94309,3.6775567378726213
[Li]<-O=C1CNC(N)(C(C)=O)C1,-1.2071999999999994,5.516335106808932
[Li]<-P1(C)C2CCCC1CCC2,3.203100000000002,6.140276351762889
[Li]<-n1ccc(C(C)=O)cc1O,0.9898,8.684162153451302
[Li]<-P(C)(OC)c1ccccc1,1.985,5.256181913560263
[Li]<-n1ccn(CC(C)(C)C)c1,1.9292,7.265125695775816
[Li]<-N(C)Cc1cccc(I)c1,2.0106,4.551074480808161
[Li]<-n1ccc(CC=C)cc1C,2.11852,9.318680093672345
[Li]<-[S+]([O-])(CC)c1ccccc1,1.8141,5.1313936645694715
[Li]<-n1nc2ccccc2n1C,0.9683,6.675984919843224
[Li]<-n1cc2[nH]cnc2nc1N,-0.0649000000000001,8.639551537770327
[Li]<-NCC(C)N1CCOCC1,-0.3341999999999998,2.3379313648994757
[Be]=C1N(C)C(Cl)=C(Cl)N1CC,1.85419,6.675984919843224
[Be]=C=NC1(C)NOCC1(C)C,0.7182,3.337992459921612
[Li]<-P1(C(C)C)N(C)CCN1C,1.5839,6.675984919843224
[Be]=C1N(C)C=CN1CCCN,0.0500900000000003,6.675984919843224
[Li]<-N(=Cc1ccoc1)C(C)=O,1.245,6.845383784514992
[Li]<-S=C1SCNC1(N)C(C)C,0.9187,1.8387783689363106
[Be]=C=NC1C=CC(SC)=CC1,2.0164,3.4627807089124034
[Li]<-Nc1cccc(C(=O)O)c1,0.967,2.0883548669178933
[Li]<-n1occc1N=C(C)OC,1.3709,8.219809626509502
[Li]<-S=C1NC(C)NC=C1OC,0.3403999999999999,1.8387783689363106
[Li]<-O=CC1CC1c1cccs1,2.0505,3.8023449868634125
[Li]<-n1cc(O)cc(C#N)c1C,0.9673,9.318680093672345
[Li]<-n1[nH]c(C)cc1C(C)(C)C,2.01562,7.140337446785025
[Li]<-n1[nH]c(C(C)(C)O)cc1O,0.3426999999999999,8.344597875500293
[Li]<-n1cccc(C(=O)Nc2ccccc2F)c1,2.473,7.604689973726825
[Li]<-n1c(C)cc(C(=O)c2ccccc2)cc1N,2.20322,8.854327566730545
[Li]<-P(c1ccccc1)(C(C)C)N1CCCCC1,3.603100000000003,5.301559077848714
[Li]<-[Se](Cc1cc(C)cc(C)c1C)c1ccccc1,3.141560000000002,3.9271332358542037
[Li]<-P1(C(C)C)C2C=CC1C(c1ccccc1)C2,4.371200000000004,7.3551134757452425
[Li]<-P1(c2ccccc2)CC(C)=C(C(=O)N(C)C)C1,2.2121000000000004,5.765911604790515
[Li]<-n1cccn1CC1(COCCCC)COCO1,1.4429,8.979115815721336
[Li]<-n1ccc(-c2cn[nH]c2C)c(C(F)(F)F)c1,2.7989200000000007,7.604689973726825
[Li]<-P(C)(C1=CC=CC(F)(F)C1)c1ccccc1,3.902700000000002,5.890699853781306
[Be]=C1N(CC(=O)c2ccccc2)C=CN1C(C)C,2.3627900000000004,6.675984919843224
[Li]<-[As](C)(c1ccccc1)c1ccccc1[N+](=O)[O-],1.8336,5.641123355799723
[Li]<-n1ccc(-c2cnnn2-c2ccccc2)cc1,2.3293,7.604689973726825
[Li]<-P1(C2(C)C(C)=C(C)C(C)=C2C)OC1C(C)C,4.840700000000004,4.881817166587889
[Li]<-n1cc(-c2ccccc2)c2ccccc2c1,3.9018000000000015,7.604689973726825
[Li]<-n1cn(CCc2ccccc2)c2c1CNCN2,1.5983999999999998,7.140337446785025
[Li]<-P1(Cc2ccccc2)C(C)C1c1ccccc1,4.811900000000004,5.641123355799723
[Li]<-S=c1n(C)ccn1-c1c(C)cc(C)cc1C,3.470550000000002,1.8387783689363106
[Be]=C1NCN(c2ccc(C)c(C)c2C)C1(N)CO,0.6650499999999999,10.26355387774642
[Li]<-n1ccc(-c2ccccc2OC)c(C(C)=O)c1,2.9598000000000013,7.604689973726825
[Be]=C1N(CC)C=CN1CC(=O)c1ccc(F)cc1,2.11339,6.675984919843224
[Be]=C1N(C)C=CN1C(C)c1ccccc1C(C)=O,2.665090000000001,6.675984919843224
[Li]<-N#Cc1cccc(N([Si](C)(C)C)[Si](C)(C)C)c1,4.034480000000003,1.8387783689363106
[Be]=C1N(C)c2ccc3c(c2N1C)n(C)c(=O)n3C,0.7592899999999999,8.514763288779536
[Be]=C(C=C(c1ccccc1)n1cccn1)OCC,2.847590000000001,6.845383784514992
[Li]<-n1cn(Nc2ccc([N+](=O)[O-])cc2)c(C)n1,1.3699199999999998,6.800773168834016
[Li]<-n1cncn1-c1cc(C(C)C)cc(C(C)C)c1,3.5141000000000018,8.639551537770327
[Li]<-n1ccc(C=Nc2ccc(C)c(C)c2)cc1,3.449040000000002,7.604689973726825
[Be]=C1N(c2ccc(C(C)C)cc2)C=CN1C(C)C,3.807890000000003,6.675984919843224
[Be]=C(Nc1ccc(C(C)C)cc1C(C)C)OC,3.987990000000004,6.505819506563983
[Be]=C1CNCN(c2c(C)cccc2C)C1(N)CO,0.39913,10.38834212673721
[Li]<-n1cc(-c2ccc(OC)cc2)cn1CC(N)=O,1.044,8.979115815721336
[Be]=C1N(c2ccc(C)c(C)c2C)C=CN1C(C)C,3.609750000000002,6.675984919843224
[Li]<-O=C(C)N(Cc1ccccc1)c1ccccc1,3.239700000000002,5.4263473268395055
[Li]<-n1cn(C(C)C)c2c(NC(C)(C)C)ncnc21,2.6176000000000004,8.639551537770327
[Li]<-N#Cc1cc(-n2cccc2)cc(OC)c1OC,2.36618,3.6775567378726213
[Li]<-n1cccc(-c2c(C#N)ccn2C(C)(C)C)c1,3.176780000000001,7.604689973726825
[Li]<-Nc1ccccc1C1COC(C(F)(F)F)=N1,2.3009000000000004,2.0883548669178933
[Be]=C1N(CC(C)=O)c2ccccc2N1CC(C)C,2.554290000000001,6.675984919843224
[Li]<-n1c(C)cc(C)n1Cc1ccccc1C(C)=O,2.750840000000001,7.0155491977942335
[Li]<-P1(Nc2cccc(C#N)c2)OCCC(C)(C)O1,3.412580000000002,4.032523197406629
[Be]=C1N(C(C)C#N)C=CN1C(C)c1cccnc1,2.1397700000000004,6.675984919843224
[Li]<-P1(c2ccccc2)C=C(c2ccccc2)C1=O,3.375100000000001,7.3551134757452425
[Li]<-N(C)=c1ccn(-c2ccccc2OC)c(C)c1,2.32482,7.729478222717616
[Li]<-Nc1ccncc1C(=O)Nc1ccccc1I,2.5207000000000006,2.0883548669178933
[Li]<-n1c(N)n(Cc2ccccc2)c2ccccc21,2.666800000000001,8.514763288779536
[Li]<-n1ccn(-c2ccc(C=CC(=O)O)cc2)c1,1.9701,7.265125695775816
[Li]<-N(c1c(C)cccc1C)=c1n(C)ccn1C,2.21284,10.603118155697429
[Be]=C1NC=C(C(=C)C)N1c1cc(C)c(C)c(C)c1,3.4352500000000026,8.639551537770327
[Li]<-P1(c2ccccc2)C(=C)C=CC1C(=O)N(C)C,2.3341000000000003,5.641123355799723
[Be]=C1N(c2cccc(C)c2C)C=CN1C(C)(O)O,1.55123,6.675984919843224
[Be]=C1N2CC(C)(C)OC2=CN1c1cccc(C)c1,2.7210100000000006,6.675984919843224
[Li]<-P1(c2ccccc2)OC(C)CC(C)(CO)O1,2.2002,4.247299226366847
[Li]<-N1=C(CN(C)C)N(Cc2ccc(C)cc2)CC1,1.77072,9.103904064712127
[Be]=C1NC(N)=CN1C(C)c1cccc(C(C)=O)c1,1.60929,6.800773168834016
[Be]=C1N(CCCC)c2ccccc2N1C(C)C,3.5177900000000024,6.675984919843224
[Li]<-n1cc(NC)cc(-c2cccc(OC)c2)n1,2.1939,7.140337446785025
[Be]=C1N(C)c2ccccc2N1c1cncc(C)c1,2.974210000000001,6.675984919843224
[Be]=C(Nc1cc(OCC)cc(OCC)c1)C(=C)C,3.5107900000000027,7.140337446785025
[Li]<-n1ccc(C=Nc2ccc(N(C)C)cc2)cc1,2.898200000000001,7.604689973726825
[Li]<-n1cccc(C2NCC(=O)c3ccccc32)c1,1.9569,7.604689973726825
[Li]<-P1(c2ccccc2)NC2CCNCC2(N)N1,-0.1664999999999987,6.925561417824807
[Be]=C1N(CC=C)C=CN1c1cc(OC)ccn1,1.86569,6.675984919843224
[Li]<-n1cn(Cc2cccc(OC)c2)c([N+](=O)[O-])n1,1.2431999999999996,6.800773168834016
[Li]<-P(N=CCC)(c1ccccc1)c1ccccc1,3.515100000000002,5.176770828857923
[Li]<-S=c1n(-c2ccc(C)c(C)c2)ccn1C(C)C,4.206030000000004,1.8387783689363106
[Li]<-P1(c2cccc(C)c2)CC(C)(C)CC(C)(C)C1,4.558320000000004,6.015488102772097
[Li]<-n1oc(C(C)(C)C)nc1-c1ccc(OC)cc1,3.0427000000000017,6.3810312575731905
[Li]<-P1(c2ccccc2)C2C=CC1(C=O)C(O)(O)C2,0.7545000000000001,5.516335106808932
[Li]<-N1=CON(C2CCCCN2)C1c1ccccc1,2.0603,8.594174373481877
[Li]<-N1=CN(C2CCCCCCCCCCC2)CC1,4.003600000000003,7.389913944766607
[Li]<-P(OC(C)=O)(c1ccccc1)c1ccccc1,2.5974000000000004,4.881817166587889
[Be]=C1N(CCSC)C=CN1c1ccc(Br)cc1C,3.710010000000002,6.675984919843224
[Li]<-n1c(-c2cccc(Cl)n2)n(C)c2ccccc21,3.2887000000000013,7.0155491977942335
[Li]<-N1=C(c2cccc(C)c2)ON(C)C1CC(=O)O,1.41942,10.183376244436603
[Li]<-N1=CC=CCC12NC(=O)CC1(CCNC1)N2,-0.4874999999999989,10.603118155697429
[Li]<-P1(CC(C)C)OCCCN1Cc1ccccn1,3.2718000000000016,4.667041137627671
[Be]=C(C)NCC1=C(OCC)c2ccccc2CC1,3.028690000000002,5.675923824821088
[Li]<-N12CN3CN(C1)C[PH](c1cccc(F)c1)(C3)C2,0.8927,7.764278691738982
[Li]<-N1=C2CCN(Cc3ccncc3)CN2CCC1,1.3490000000000002,9.103904064712127
[Li]<-n1cn(-c2nc(C)ccc2C)c2ccccc21,3.0373400000000013,7.140337446785025
[Li]<-Nc1ccccc1-c1nc(NC(C)(C)C)no1,2.5291999999999994,2.0883548669178933
[Li]<-N(=Cc1cccnc1)C(C)c1ccccc1,3.261700000000002,9.568256591653928
[Li]<-n1ccc(-c2ccccc2)n1Cc1cccs1,3.659900000000002,8.979115815721336
[Li]<-N(C#CN1CCCCC1)c1cccc(C)c1,2.8112200000000014,3.8023449868634125
[Li]<-P(=C(C#C)c1ccccc1)c1ccccc1C,3.420420000000002,3.6775567378726213
[Li]<-[As](c1ccccc1)(c1ccccc1O)C(C)C,2.4112000000000005,5.641123355799723
[Be]=C1C=C(c2ccccc2)C(C)=C(N(C)C)O1,2.9320900000000014,6.845383784514992
[Li]<-P1(N(C)C)OC(=O)c2ccccc2N1CC,2.471800000000001,4.202688610685871
[Be]=C1N(CC)C=CN1Cc1ccc(C(C)=O)cc1,2.494190000000001,6.675984919843224
[Li]<-NC(C)(C)C1CCC(=C(C)C)C(OCC)C1,3.2653000000000025,2.2131431159086845
[Li]<-n1cccc(C=CC(=O)C2COC(C)(C)O2)c1,1.8154,7.604689973726825
[Li]<-n1cn(-c2c(F)cccc2F)c2ccccc21,3.303700000000001,7.140337446785025
[Li]<-n1cccc(-c2cccc(-n3cccc3)c2)c1,3.5393000000000017,7.604689973726825
[Li]<-N1C=CN(Cc2ccc(P)c(C=C)c2)C1N,0.9487,7.389913944766607
[Li]<-S=C(Nc1ccccc1)NN(C(C)C)C(C)C,3.006800000000001,1.963566617927102
[Li]<-S=C(NC)Nc1ccc(C(N)=O)cc1C(C)=O,0.9043000000000004,2.0883548669178933
[Be]=C1N(Cc2ccc(C)c(C)c2)C=CN1C(C)O,2.22683,6.675984919843224
[Be]=C1N(CC=C)C=CN1Cc1ccccc1C=C,3.100690000000002,6.675984919843224
[Li]<-n1cccc2cc(C(=O)OCCCC)ccc21,3.1917000000000018,9.318680093672345
[Li]<-n1cc(-c2ccccc2)n(-c2ccccc2)c1,3.5393000000000017,7.265125695775816
[Li]<-n1ccc(-c2nnc(-c3ccccc3)o2)cc1,2.7986000000000004,7.604689973726825
[Be]=C1NCN(c2cc(C)cc(C(C)(C)C)c2)C1N,1.98321,8.424775508810109
[Be]=C1NC([S+]([O-])c2ccccc2C)=C(C)N1C,1.82291,6.800773168834016
[Be]=C1N(c2ccccc2N(C)C)C=CN1C(C)C,2.750490000000001,6.675984919843224
[Li]<-n1cn(Cc2ncccc2C)c2ccccc21,2.7880200000000013,7.140337446785025
[Li]<-P1(CN(C)C)C(OC)CCC1c1ccccc1,3.4950000000000028,5.765911604790515
[Li]<-N1CC(=Nc2ccccc2)C1c1ccncc1,2.4986000000000006,6.015488102772097
[Li]<-N1=CN(C(C)(C)C)C2C=NC=NC21C(C)=O,0.8953999999999998,10.478329906706637
[Li]<-P1(c2ccccc2)C=C(N)C(C)C1=CC(C)=O,2.716500000000001,5.516335106808932
[Li]<-n1cn(-c2cccc(C)n2)c2ccccc21,2.7289200000000005,7.140337446785025
[Be]=C1N(C)c2c(c(=O)n(C)c(=O)n2C)N1CC#N,-1.1399299999999994,6.675984919843224
[Li]<-S=C(N)n1cnc(C(=O)O)c1-c1ccccc1,1.3400000000000003,1.8387783689363106
[Be]=C1N2C=CC=CC2=C(c2ccccc2)N1CC,3.072490000000001,6.675984919843224
[Li]<-Nc1ccc(C(=O)OCC)cc1C(=O)OCC,1.6222,2.0883548669178933
[Li]<-S=C1NCC(=O)N1c1ccc(C(=O)OC)cc1,0.6942999999999999,1.8387783689363106
[Li]<-n1cn(Cc2ccc(I)cc2)c2ccccc21,3.689200000000002,7.140337446785025
[Li]<-N(=C1C2CC(C)(C)C1CC2C)c1ccccc1,4.461200000000004,9.193891844681554
[Li]<-P1(c2ccccc2)CC1=C(C)c1ccccc1,4.238600000000003,5.516335106808932
[Be]=C1N(CCCC)c2cccnc2N1CC(N)=O,0.9896899999999998,6.675984919843224
[Li]<-O=C(C)CP(c1ccccc1)c1ccccc1,2.7083000000000013,5.516335106808932
[Li]<-S=c1[nH]c(C)c(C)n1-c1c(C)cc(C)cc1C,4.076990000000003,1.8387783689363106
[Li]<-n1c(C(=O)c2ccccc2)[nH]c2ccccc21,2.7939000000000007,8.854327566730545
[Li]<-n1ccn(-c2ccc(C)cc2)c1-c1ncc[nH]1,2.5708200000000003,7.140337446785025
[Li]<-S1CCN(c2cccc(C)c2)c2ccccc21,4.238820000000003,3.9271332358542037
[Be]=C1CNCN(C(C)(C)C)C1(N)c1ccccc1,1.54059,10.38834212673721
[Li]<-S(C)C(C)(c1ccccc1)c1ccccc1,4.313100000000003,4.301497982826578
[Be]=C1N(CCC=C)C=CN1Cc1sc(C)cc1C,3.526130000000003,6.675984919843224
[Li]<-N(Cc1ccccc1)=C(N)NC1CCCCC1,2.4236000000000004,8.764339786761118
[Be]=C1c2ccccc2CN1c1ccc(CC)cc1,3.6560900000000025,7.0155491977942335
[Li]<-n1ccc(OC)c(C=Nc2ccccc2C)c1,3.149220000000001,7.604689973726825
[Be]=C(C)Nc1ccc(C(C)(O)C(F)(F)F)cc1C,3.235410000000001,3.837145455884777
[Li]<-n1ccc(-c2cccc(OC)c2)c(C(O)O)c1,1.7404,7.604689973726825
[Li]<-n1cn(CC=Cc2ccc([N+](=O)[O-])cc2)cn1,1.8997,6.800773168834016
[Li]<-n1cccc(C(=O)Nc2cccc(F)c2F)c1,2.6121000000000008,7.604689973726825
[Li]<-n1ccn(-c2cn(-c3ccccc3)nn2)c1,1.4529999999999998,7.265125695775816
[Li]<-n1ccc(-c2nnc(-c3ccccc3)s2)cc1,3.267100000000002,7.604689973726825
[Li]<-S=c1[nH]ncn1-c1cc(F)cc2ccccc12,3.222190000000001,1.8387783689363106
[Li]<-P(c1ccccc1)(c1ccccc1)C(C)C=C,3.693800000000002,5.641123355799723
[Be]=C1NC=C(C(F)(F)F)N1c1cccc(C)c1C,3.113030000000001,6.800773168834016
[Li]<-N(=Cc1cccnc1)c1cccc(N(C)C)c1,2.898200000000001,9.318680093672345
[Be]=C1Oc2c(C)cccc2N1c1ccccc1,3.521810000000002,6.3810312575731905
[Be]=C1N(CC=C(C)C)C=CN1C(C)COC(C)C,2.8511900000000017,6.675984919843224
[Li]<-n1ccccc1Oc1ccccc1C(F)(F)F,3.8927000000000014,8.684162153451302
[Be]=C1CN(c2c(C=C)cccc2OC)C(N)N1,1.02889,7.050349666815598
[Li]<-n1cc(C)cc2c(N3CCOCC3)cccc21,2.3798200000000005,9.318680093672345
[Li]<-n1cccc(-c2cc3ccccc3cc2N)c1,3.4840000000000018,7.604689973726825
[Be]=C1NC(N(C)c2ccccc2[N+](=O)[O-])=NN1C,0.8332899999999994,6.4612088908830065
[Li]<-n1ccc(-c2ccc(OC(C)=O)cc2)cc1,2.6739000000000006,7.604689973726825
[Li]<-n1ccc(CNC(=O)c2ccc(C)cc2)cc1,2.3200200000000004,7.604689973726825
[Li]<-n1c(-c2cccc(OC)c2)[nH]c2ccccc21,3.238500000000001,7.0155491977942335
[Be]=C1N(CC)C=CN1c1ccc(CN(C)C)cc1,2.35759,6.675984919843224
[Li]<-n1cc2ccccc2cc1Cc1ccccc1,3.8256000000000014,9.318680093672345
[Li]<-N1=CSC(n2cc(-c3ccccc3)cn2)C1,2.823800000000001,10.739748114597152
[Be]=C1N(C)c2ccccc2N1Cc1ccccn1,2.5342900000000004,6.675984919843224
[Li]<-NP(OC(=O)c1ccccc1)c1ccccc1,2.4395000000000007,5.3810246168237175
[Li]<-n1c(Cc2ccccc2)ccc2ccccc21,3.8256000000000014,11.032670213617864
[Li]<-n1cccc(C(C)=Nc2ccccc2C)c1C,3.839140000000002,9.318680093672345
[Li]<-S=c1c(Cl)cn(C(C)(C)Cl)n1-c1ccccc1,4.593090000000003,1.8387783689363106
[Be]=C1N(C)c2ccccc2N1c1ccccc1F,3.4098900000000016,6.675984919843224
[Li]<-n1ccc(C=Nc2ccc(OC)cc2)cc1,2.8408000000000007,7.604689973726825
[Be]=C1c2ccccc2CN1Cc1ccccc1,3.089290000000002,7.0155491977942335
[Li]<-S=c1n(CC)ccn1-c1c(C)cccc1C,3.645030000000003,1.8387783689363106
[Li]<-n1ccc(N2CC(=O)C(N)(C(C)=O)C2=O)cc1,-0.7162000000000004,7.604689973726825
[Li]<-N=Cc1ccccc1C(=O)c1ccccc1,2.9152700000000014,3.9271332358542037
[Li]<-NCc1cccc(N=NCc2ccccc2)c1,3.4292000000000025,2.3379313648994757
[Li]<-n1cc(NC23C=CC=CC2N=NN3)sc1C,2.02472,10.49017161661557
[Li]<-Nc1cccc(-c2nc3ccccc3o2)c1,3.0770000000000017,2.0883548669178933
[Li]<-P1(C(C)C)C(C)C=CC(=O)C1c1ccccc1,4.145400000000003,5.765911604790515
[Li]<-n1ccc(C=Nc2ccc([N+](=O)[O-])cc2)cc1,2.740400000000001,7.604689973726825
[Li]<-Nc1cccc(C(=O)Nc2ccc(Br)cc2)n1,2.6786000000000003,2.0883548669178933
[Be]=C1CN(c2ccccc2)C2CC3C=CC2(C1)O3,2.44409,7.514702193757399
[Li]<-n1ccc(C2=NC(=O)C(C)(C)N2C(C)C)cc1,1.8574,7.604689973726825
[Li]<-n1cccc(-c2ccc3ccccc3c2)c1,3.9018000000000015,7.604689973726825
[Be]=C1N2C=CC=CC2=C(C)N1Cc1ccccc1,3.115490000000002,6.675984919843224
[Li]<-n1cccc(CNC(C)(C)c2ccccc2)c1,3.1065000000000014,7.604689973726825
[Li]<-p1c(-c2cccc(OC)c2)oc2ccccc21,4.688500000000002,6.7205955355241995
[Li]<-n1ccn(CCC(=O)OCCC(F)(F)F)c1,1.7688,7.265125695775816
[Li]<-P1(C([Si](C)(C)C)[Si](C)(C)C)C2C3C=CC(C3)C21,4.548400000000004,5.765911604790515
[Li]<-n1cc(C)n(C(C)S(=O)(=O)c2ccccc2)c1,2.18392,7.265125695775816
[Li]<-S=C(NCC)NN=C(C)c1ccc(O)cc1,1.6001999999999998,1.8387783689363106
[Li]<-n1cccn1CC(CC(=O)OC)C(=O)OC,0.2353999999999998,8.979115815721336
[Be]=C1Nc2ccc(Sc3ccccc3)cc2N1C,3.6957900000000015,6.800773168834016
[Li]<-S=c1[nH]c2cc(C(C)=O)c(C(C)=O)cc2n1C,2.641090000000001,1.8387783689363106
[Li]<-n1c(-c2ccc(N)c(Cl)c2)[nH]c2ccccc21,3.4655000000000014,7.0155491977942335
[Be]=C(NN=Cc1ccccc1)Nc1ccccc1,2.718490000000001,6.710785388864589
[Li]<-n1ccccc1-c1nccc(-n2ccnc2)n1,1.7242999999999993,9.318680093672345
[Be]=C1N(C(C)C)c2cc(F)c(F)cc2N1C(C)C,3.4042900000000023,10.353541657715846
[Be]=C1N(C(C)C)C=C(Cl)N1C(C)c1ccccc1,3.807590000000003,6.675984919843224
[Li]<-S1CCCC1C1(F)CCCc2ccccc21,4.083300000000003,4.051921484844995
[Li]<-n1ccn(-c2ccc([N+](=O)[O-])cc2[N+](=O)[O-])c1,1.6887,7.265125695775816
[Li]<-n1ncc(C(C)(C)C)n1-c1cccc(C)c1,2.8732200000000017,8.514763288779536
[Li]<-P(Cl)(C(=Cc1ccccc1)OC(C)=O)C(C)C,4.592200000000004,8.24752266250437
[Be]=C1N(CC)C=CN1Cc1ccc(C#N)cc1,2.16327,6.675984919843224
[Be]=C1N(Cc2cccc(Br)c2)C=NN1C(C)(C)C,3.3047900000000023,6.336420641892215
[Be]=C1NC(C(C)(C)C)N(C(C)(C)C)C1(N)C(O)O,0.066790000000001,10.38834212673721
[Li]<-n1nn(-c2cccc(C)n2)c2ccccc21,2.12392,8.514763288779536
[Li]<-n1cccc(C(C)Cl)c1-c1cccc[n+]1[O-],2.681800000000001,9.318680093672345
[Li]<-n1c2ccccc2nc2cc(C)c(C)cc21,3.399840000000002,11.032670213617864
[Li]<-n1cc(C)n(Cn2nnc3ccccc32)c1,1.44202,7.265125695775816
[Be]=C1N(Cc2ccccn2)C=CN1C(C)(C)C,2.4651900000000007,6.675984919843224
[Li]<-n1cccc(C(C)=Nc2ccc(F)cc2)c1,3.3614000000000024,7.604689973726825
[Be]=C1N(CCCC)C=CN1c1cccc(N)c1,2.6583900000000007,6.675984919843224
[Li]<-n1cc2c(c(C)c1NC)c(=O)[nH]c(=O)n2C,-0.0280800000000002,8.979115815721336
[Li]<-P(C)(CC)c1ccc(-c2ccccc2)cc1,4.110500000000003,6.140276351762889
[Li]<-n1ccn(-c2cc(O)cc(O)c2C(C)=O)c1,1.4860999999999993,7.265125695775816
[Li]<-n1ccc(N=Cc2cccc(C)c2)cc1C,3.449040000000002,9.318680093672345
[Li]<-P(C=C)(c1ccccc1)c1ccc(C)cc1,3.571220000000002,5.641123355799723
[Be]=C1N(C)C=CN1C(c1ccccc1)C(C)C,3.098590000000001,6.675984919843224
[Li]<-S=c1n(CC)ccn1-c1ccc(C)cc1C,3.645030000000003,1.8387783689363106
[Li]<-N(=C(C)C)c1cccc(-c2ccccc2)c1,4.465900000000003,11.032670213617864
[Li]<-n1cn(CCC)c2ccc(C(F)(F)F)cc21,3.4651000000000023,8.979115815721336
[Be]=C(Nc1ccc(C)c(C)c1C)n1cccn1,2.764850000000001,8.424775508810109
[Li]<-p1cc(Br)cc(-c2cc(C)c(C)c(C)c2)c1,5.621460000000004,3.9271332358542037
[Li]<-P1(c2ccccc2)CN2CNCN(C2)C1N,0.0869000000000013,5.516335106808932
[Li]<-P(c1ccccc1)c1ccc(N(C)C)cc1,2.381900000000001,3.8023449868634125
[Be]=C1C=C(c2ccccc2)C(C(C)=O)=C(O)O1,2.4975900000000006,6.845383784514992
[Li]<-n1cc(-c2cccc(SC(C)(C)C)c2)co1,4.232200000000003,6.845383784514992
[Li]<-N(=Cc1ccoc1)c1ccc(C(C)C)cc1,4.153600000000004,9.318680093672345
[Be]=C1N(c2cccc(N)c2)C=CN1C(C)(C)C,2.65679,6.675984919843224
[Li]<-N1=C(C)C=C(C)N(c2c(C)cccc2C)C1,3.4456400000000027,9.103904064712127
[Li]<-n1c(C#N)c2ccccc2c2ccccc21,3.259680000000001,11.032670213617864
[Be]=C1NC23C=CC=CC2(C=C(OC)C=C3)N1C,1.22139,6.800773168834016
[Be]=C1N2C=CC=CC2=C(C)N1c1ccccc1,3.1198900000000016,6.675984919843224
[Li]<-n1ccn(CC(C)=Nc2ccc(O)cc2)c1,2.3813000000000004,7.265125695775816
[Li]<-S=C1C(OCC)SCNC1c1ccccc1,2.754100000000001,1.8387783689363106
[Be]=C1NC23C=CC=CC2(C=CC=C3)N1C(C)C,2.02589,6.800773168834016
[Li]<-n1cc(CNc2ccccc2)ccc1OC,2.702300000000001,8.684162153451302
[Be]=C(C)NC1CCC(c2ccc(C)cc2)CC1,3.6695100000000025,3.837145455884777
[Be]=C1NC(CC)=C(Cc2ccccc2)N1CC,2.7720900000000004,6.800773168834016
[Li]<-n1c(C(=O)O)n(CC(=O)O)c2ccccc21,0.8190999999999997,10.693105935666855
[Li]<-P1(c2ccccc2)NC(=O)C(=O)C(C)(N)O1,0.0141999999999998,4.542252888636881
[Li]<-n1cc(-c2ccccc2)cc2ccccc21,3.9018000000000015,9.318680093672345
[Li]<-n1c(C)c(=O)n(-c2ccccc2)c(=O)n1C,0.2396199999999997,10.693105935666855
[Be]=C1N(C(=C)C)C=CN1C(C)C1CCCCC1,3.5738900000000022,6.675984919843224
[Li]<-P1(NC(C)C(=O)OC)Oc2ccccc2O1,1.8358,4.032523197406629
[Li]<-N#Cc1cccc(C(=C)c2ccccc2)c1,3.619780000000002,1.8387783689363106
[Be]=C1N(C(C)C)C=CN1C(C)c1ccccc1,3.2410900000000025,6.675984919843224
[Li]<-[O-]c1ccc(-c2[nH]c3ccccc3[s+]2)cc1,3.251100000000001,1.8387783689363106
[Be]=C1NC2CNCCC2N1Cc1ccccc1,0.8185900000000002,6.800773168834016
[Be]=C1N(CC=C)C=CN1c1cccc(OC)n1,1.86569,6.675984919843224
[Li]<-P(C=C)(c1ccccc1)c1cccc(F)c1,3.4019000000000013,5.516335106808932
[Li]<-S=c1[nH]c(N)cn1Cc1cccc(C=O)c1,1.98869,1.8387783689363106
[Li]<-N(=CNCc1ccccn1)c1ccccc1,2.5312,8.979115815721336
[Be]=C1N(Cc2ccccc2)C=NN1C(C)(C)C,2.5422900000000004,6.336420641892215
[Be]=C1N(CCCC)C=CN1c1ccc(N)cc1,2.6583900000000007,6.675984919843224
[Li]<-O=c1oc2cc(O)ccc2c2ccccc12,2.6518000000000006,5.00660541557868
[Li]<-n1cn(-c2ccncc2C)c2ccccc21,2.7289200000000005,8.979115815721336
[Li]<-n1cc(C(F)(F)F)c(C)n1C(F)C(F)(F)F,3.2407200000000005,7.140337446785025
[Li]<-n1ccc(C(=O)Nc2ccc(I)cc2)cc1,2.938500000000001,7.604689973726825
[Li]<-n1cccc(CNc2c(Cl)cccc2Cl)c1,4.000500000000002,7.604689973726825
[Li]<-S=c1n(C)c(C)c(-c2ccccc2)n1CC,3.5514100000000024,1.8387783689363106
[Li]<-n1cccc(-c2nc3cccc(I)c3o2)c1,3.494400000000001,7.604689973726825
[Li]<-n1ccc(-c2c(N)c[nH]c2C(F)(F)F)cc1,2.6777000000000006,7.604689973726825
[Li]<-n1nn(-c2ccccc2)c(C(C)(C)C)c1C,2.8732200000000017,8.514763288779536
[Li]<-N(C)=C(Nc1ccccc1)c1ccccc1,3.1751000000000014,7.389913944766607
[Li]<-n1cccc(C=Nc2cccc(C)c2C)c1,3.449040000000002,7.604689973726825
[Li]<-S=C(NC(=O)c1ccsc1)c1ccccc1,2.853600000000001,1.8387783689363106
[Li]<-n1c(-c2ccccc2)c2c(n1C)CCCC2,2.9659000000000013,10.693105935666855
[Li]<-NCc1cc(C(=O)OC)cc(C(=O)OC)c1,0.7185,2.462719613890267
[Li]<-n1ccn(Cc2ccc(C(F)(F)F)cc2)c1,2.9502000000000006,7.265125695775816
[Li]<-P(c1ccccc1)=c1[nH]c(N)c(SCC)[nH]1,2.8406899999999995,3.6775567378726213
[Li]<-n1ccc(C=Cc2ccc(Br)cc2)cc1C,4.3229200000000025,9.318680093672345
[Li]<-P1(c2ccccc2)C2CCC1(N)C(F)=C2F,2.775400000000001,5.516335106808932
[Li]<-N1=CN(c2cc(C)cc(C(C)C)c2)CCC1,3.3568200000000026,7.389913944766607
[Li]<-P(c1ccccc1)c1cc(C)c(C)c(C)c1,3.2411600000000016,3.8023449868634125
[Li]<-n1cccc(CN(C)Cc2ccccc2)c1,2.7136000000000013,7.604689973726825
[Li]<-P1(c2ccccc2)CC(C)(C)CC(C)(C)C1,4.249900000000004,5.765911604790515
[Li]<-n1cn(C)c2cc(OCC(=O)OC)ccc21,1.1251,7.140337446785025
[Be]=C1N(CC)C=CN1c1nc2ccccc2s1,2.9056900000000017,6.675984919843224
[Be]=C1N(CC)C=C(C(O)C(O)C(C)C)N1CC,0.8592899999999998,6.675984919843224
[Li]<-NCc1cccc(N=C2CN(C)CN2C)c1,1.0100000000000002,2.3379313648994757
[Li]<-n1ccc(P)c2cc3ncc(C)cc3cc21,2.591820000000001,9.318680093672345
[Be]=C(NC(=C)C)c1cccc(C(=C)C(N)N)c1,1.45339,8.979115815721336
[Li]<-n1cn(CC2CCCCC2)c2ccccc21,3.616600000000002,7.140337446785025
[Li]<-n1cc(C)c(-c2cccc3ccccc23)[nH]1,3.538320000000001,7.265125695775816
[Li]<-N1=CN(Cc2c(C)cc(C)cc2C)CCC1,2.845860000000001,7.389913944766607
[Be]=C1N(CC)C=CN1Cc1c(F)cccc1F,2.569790000000001,6.675984919843224
[Li]<-P(Cl)(c1ccccc1)c1ccc(C#N)cc1,3.144780000000001,8.122734413513578
[Be]=C1N(CC)C=CN1c1cc(C)cc(C)c1C,3.221250000000002,6.675984919843224
[Li]<-NCc1cccc(-c2ccc(OC)cc2)n1,2.2158999999999995,2.462719613890267
[Be]=C1N(CCCC)C=CN1Cc1ccccc1,3.071790000000002,6.675984919843224
[Li]<-N1CCC(N)(C(=C)c2ccc(N)cc2)CC1,1.3629,4.301497982826578
[Li]<-n1ccc(C)c(-c2c(C)ccc(C)c2C)c1,3.982280000000003,7.604689973726825
[Li]<-n1ccc(C(C)=NNc2ccccc2)cc1,2.917700000000001,7.604689973726825
[Be]=C1N(C)C=CN1Cc1cc(C(C)=O)ccn1,1.4990900000000005,6.675984919843224
[Li]<-N1CCc2ccccc2C1c1ccccc1,2.9217000000000013,4.176709733835787
[Li]<-n1cccc(-c2ccncc2C(C)OC)c1,2.851000000000001,7.604689973726825
[Li]<-n1ccc(C(=O)Nc2ccccc2C)cc1,2.6423200000000007,7.604689973726825
[Be]=C1N(C)C(C(C)C)=C(C(=O)OC)N1C(C)C,1.67909,6.675984919843224
[Be]=C(Nc1c(C)cccc1C)C1=CC=CCC1,4.030530000000002,7.140337446785025
[Li]<-n1cccc(C=Nc2cc(C)ccc2C)c1,3.449040000000002,7.604689973726825
[Li]<-n1ccc(CNC(=O)c2ccccc2)cc1,2.0116,7.604689973726825
[Li]<-P(=C(Cl)c1ccccc1)c1ccc(C)cc1,3.983520000000002,3.6775567378726213
[Li]<-P1(C(F)=C(F)C(F)(F)F)CC12CCCCC2,4.855200000000002,5.516335106808932
[Li]<-n1ccn(-c2ccccc2-c2cn[nH]c2)c1,2.2623999999999995,7.265125695775816
[Be]=C1N(CCC)C=CN1Cc1ccc(Br)cc1,3.4441900000000025,6.675984919843224
[Li]<-n1cncc(C(=O)Nc2cccc(Cl)c2)c1,2.3823,7.265125695775816
[Li]<-NC(C)P(c1ccccc1)c1ccccc1,2.4240000000000004,2.2131431159086845
[Be]=C1NC(C(C)C)=C(c2cccc(OC)c2)S1,3.3524900000000013,8.31182896972825
[Li]<-n1cn(C(C)C)c(-c2ccccc2OC)n1,2.5346,6.800773168834016
[Li]<-p1cc(-c2ccccc2)cc2ccccc21,5.086900000000004,3.8023449868634125
[Be]=C1N(C(C)C)CN(C(C)C)C12CCCCC2,3.1199900000000023,10.603118155697429
[Li]<-n1ccc(-c2ccncc2)c2ccccc21,3.296800000000001,9.318680093672345
[Li]<-n1cn(-c2ccccc2C)c2ccccc21,3.3339200000000018,8.979115815721336
[Li]<-S=C1CCNC(N)(c2c(C)cccc2C)N1,1.2827400000000004,1.8387783689363106
[Li]<-S1Cc2c(F)cccc2C1c1ccccc1,4.161900000000003,4.051921484844995
[Be]=C1OC(N)(c2ccccc2C(=O)OC)NC1N,-0.5144099999999998,8.005033597549284
[Li]<-n1cn(Cc2ccc(Cl)cc2)c2ccccc21,3.738000000000001,8.979115815721336
[Li]<-n1cn(CC(=O)O)c2c1c(=O)n(C)c(=O)n2C,-1.481699999999999,8.979115815721336
[Li]<-S=c1n(C(C)C)ccn1C(C)c1ccccc1,4.209290000000004,1.8387783689363106
[Be]=C1N2C(=O)C(=O)C=CC2=NN1c1ccccc1,0.78389,6.336420641892215
[Be]=C1N(CC)C=CN1c1c(F)c(F)cc(F)c1F,2.852390000000001,6.675984919843224
[Be]=C1OC(c2ccccc2)C2CCCC(OC)C12,3.227990000000002,8.808950402442093
[Li]<-N1=CN(C2CCCCC2)CC1c1ccccc1,3.404300000000002,9.103904064712127
[Li]<-Nc1cc2ccccc2cc1-c1ccccc1,4.089000000000002,2.2131431159086845
[Li]<-N(=Cc1ccccc1)c1ccccc1N(C)C,3.5032000000000023,9.318680093672345
[Be]=C1N(CC(=C)C)c2ccccc2N1C(C)(C)C,3.6838900000000026,8.514763288779536
[Li]<-n1cc(C)cc(N=Cc2cccc(OC)c2)c1,3.149220000000001,7.604689973726825
[Be]=C1N(Cc2ccc(C)cc2)C=CN1CC(C)C,3.236110000000002,6.675984919843224
[Li]<-p1(-c2ccccc2)cc(C)c(C=C(C)OC)n1,4.373020000000003,7.140337446785025
[Li]<-N#Cc1cccc(N2CC(=O)C(=O)C2(F)F)c1,1.10928,1.8387783689363106
[Li]<-n1ccc(C(C)=Nc2cccc(OC)c2)cc1,3.230900000000002,7.604689973726825
[Li]<-n1ccn(-c2cc3c(C)cccc3nc2C)c1,3.0373400000000013,7.265125695775816
[Li]<-n1cc(C(C)=O)cc(-c2cccc(OC)c2)c1,2.9598000000000013,7.604689973726825
[Be]=C1N(C)C(C(=O)OCC)=C(C(=O)OCC)N1C,0.1976899999999999,6.675984919843224
[Li]<-S=C(OCC)C(C)=C(OCC)c1ccccc1,3.8180000000000014,1.8387783689363106
[Li]<-P1(c2ccccc2)CC(=O)c2ccccc2C1,3.190300000000001,5.765911604790515
[Li]<-n1coc(-c2ccccc2)c1-c1ccccc1,4.008600000000003,6.845383784514991
[Li]<-N(Cc1cccs1)=C1C(=O)C2CCC1C2(C)C,3.324200000000002,7.604689973726825
[Li]<-N(c1ccccc1)C12CC3CC(CC(C3)C1)C2,4.067300000000003,7.479901724736034
[Li]<-n1ccccc1CC(C)C=Nc1ccccc1,3.662700000000002,9.318680093672345
[Li]<-N#Cc1cccc(N=Cc2ccc(O)cc2)c1,3.0144800000000007,1.8387783689363106
[Li]<-N1=CN2CN(Cc3ccccc3)CCC2CC1,1.9524,7.389913944766607
[Be]=C1CN(c2cc(C)ccc2C)C(C)(C)C1(C)C,4.009530000000003,11.067470682639229
[Be]=C(C)N1CC(c2ccccc2)C(C(C)(C)C)C1,3.806790000000003,3.712357206893986
[Li]<-n1ccc(C(C)=Nc2ccc(OC)cc2)cc1,3.230900000000001,7.604689973726825
[Li]<-P(C(=O)CO)(c1ccccc1)c1ccccc1,1.6382,5.516335106808932
[Be]=C1CN(C)CN(c2cccc(C)c2C)C1(C)C,2.872630000000002,12.691473022615321
[Li]<-n1ccn(-c2cccc(C(C)C)c2C(C)C)c1,4.119100000000003,7.265125695775816
[Li]<-N=c1[nH]c(C(=O)OC)c(-c2ccccc2)n1C,1.28627,4.961994799897705
[Li]<-N(c1ccccc1-c1ccccc1)C(C)(C)C,4.564000000000004,5.641123355799723
[Li]<-n1cccn1C(C)c1cc(C)n(C(C)(C)C)n1,2.752320000000001,7.140337446785025
[Be]=C1N(Cc2ccc(C=C)cc2)C=CN1C(=C)C,3.448290000000002,6.675984919843224
[Be]=C1C(N)=C(C)N(C(C)(C)C)N1c1ccccc1,2.7510900000000014,8.514763288779536
[Li]<-n1cn(Cc2cccc(F)c2)c2ccccc21,3.223700000000002,7.140337446785025
[Li]<-n1ccn(C(C)c2ccc3ccccc3c2)c1,3.6456000000000017,7.265125695775816
[Li]<-n1cccc(C(=O)Nc2ccc(OC)cc2)c1,2.3425,7.604689973726825
[Li]<-n1nc2ccccc2n1-c1ccc(C)c(C)c1,3.0373400000000013,8.514763288779536
[Li]<-P(CN(C)C)(c1ccccc1)c1ccccc1,2.6384000000000007,5.765911604790515
[Li]<-P(OC)(c1ccccc1)c1cccc(OC)c1,2.689300000000001,4.881817166587889
[Be]=C1CN(c2cc(C)c(C)c(C)c2)CN1C(C)C,3.138550000000002,6.925561417824807
[Li]<-N(=Cc1ccccn1)c1ccc(N(C)C)cc1,2.898200000000001,9.318680093672345
[Be]=C1N(CC2OCCO2)C=CN1c1ccccc1,1.64899,6.675984919843224
[Be]=C1NC(N)=C(Cl)N1Cc1cccc([N+](=O)[O-])c1,1.32039,6.800773168834016
[Be]=C1N(c2cccc(OC)c2)C=CN1C(C)(C)C,3.083190000000002,6.675984919843224
[Li]<-S=c1[nH]c2ccc(C(C)=O)cc2n1C(C)(C)C,3.6564900000000025,1.8387783689363106
[Li]<-n1csc(Cc2nc3cc(C)c(C)cc3[nH]2)c1,3.227040000000001,10.61495986560636
[Li]<-n1ccc(C2CC(=O)Nc3ccccc32)cc1,2.5557,7.604689973726825
[Li]<-n1ccn(CCCS(=O)(=O)c2ccccc2)c1,1.7471,7.265125695775816
[Be]=C1CNC(N)(CO)N(c2cc(C)cc(C)c2)C1,0.3991299999999998,7.299926164797181
[Li]<-n1cc(N)cn(C2C(O)C(O)OC2(C)O)c1=O,-2.2154000000000007,8.344597875500293
[Be]=C1N(C)C=CN1Cc1cnc2ccccc2c1,2.4496900000000004,6.675984919843224
[Be]=C(NCc1ccccc1)Nc1ccc(C)cc1,3.193010000000002,5.211571297879288
[Be]=C1N(C)C=CN1Cc1ccc(C(=O)OC)cc1,1.68809,6.675984919843224
[Be]=C1NC=C(N)N1C(c1ccccc1)C(C)(C)C,2.43289,6.925561417824807
[Be]=C1N(C)C(C#N)=C(c2ccc(OC)cc2)N1C,1.7608700000000002,6.675984919843224
[Li]<-n1cn(CC(c2ccccc2C)N(C)C)cn1,1.88942,6.800773168834016
[Li]<-n1cccc(C(C)=Nc2cccc(OC)c2)c1,3.230900000000002,7.604689973726825
[Li]<-P1(c2ccccc2)CC(C)C2(CC2(Cl)Cl)C1C,4.396000000000004,5.516335106808932
[Be]=C1N(CCO)C=CN1c1c(C)cc(C)cc1C,2.19365,6.675984919843224
[Li]<-N1=CN(C)C2C=CC=CC23C=CC(F)(F)C=C13,2.530100000000001,7.140337446785025
[Li]<-N#Cc1csc2c3sccc3c3ccsc3c12,5.202380000000002,1.8387783689363106
[Li]<-S=c1sc2ccccc2n1Cc1ccccc1,4.480590000000003,1.8387783689363106
[Li]<-n1cn(Cc2ccc(F)cc2)c2ccccc21,3.223700000000002,7.140337446785025
[Li]<-S=c1[nH]c2ccc(C(C)(C)C)cc2n1CCC,4.406390000000004,1.8387783689363106
[Li]<-Nc1ccc(N=CC(=O)c2ccccc2)cc1,2.854000000000001,2.0883548669178933
[Be]=C1N(C(C)(C)C)CN(C(C)C)C12CCCCC2,3.5100900000000026,10.478329906706637
[Li]<-P(Cc1ccccc1)(c1ccccc1)C(C)N,3.298700000000002,5.890699853781306
[Li]<-p1(C(C)CO)cc(C)c(-c2ccc(Cl)cn2)c1,4.250320000000002,7.479901724736034
[Li]<-P1(c2ccc(C)c(C)c2C)OC12CCCCC2,4.324660000000004,5.00660541557868
[Li]<-P(C(=O)OC)(c1ccccc1)c1ccccc1,2.8857000000000017,5.516335106808932
[Be]=C1N(CCN2CCOCC2)C=CN1C(C)(C)C,1.20219,6.675984919843224
[Li]<-n1c(C(=O)c2ccco2)c(C(=O)OC)cn1C,1.0307,8.854327566730545
[Be]=C1Nc2ccccc2N1C(C)(C)OC(F)(F)F,3.187290000000001,6.800773168834016
[Li]<-n1cccc(C2NC(N)(COC)C(=O)C2=O)c1,-0.8344999999999996,7.604689973726825
[Be]=C1C=C(c2ccccc2)N(C(C)C)N1C(C)C,3.4156900000000023,8.764339786761118
[Li]<-n1cccc(N=Nc2cccc(C(C)=O)c2)c1,3.699600000000003,7.604689973726825
[Li]<-P(=CNC(C)(C)C)C1(C)C(C)=C(C)C(C)=C1C,4.525500000000004,3.8023449868634125
[Li]<-P(O)(Sc1ccc(C)cc1C)c1ccccc1,4.025240000000003,8.016875307458216
[Li]<-n1ccn(Cc2ccc(C=NC(C)=O)cc2)c1,1.8968,7.265125695775816
[Li]<-n1ccn(C(C)(C)Oc2ccc(OC)cc2)c1,2.6633000000000004,7.265125695775816
[Li]<-n1ncn(-c2ccccc2)c1-c1ccccc1,2.934300000000001,6.675984919843224
[Be]=C1Nc2ccc(C(=O)OC)cc2N1CCOC,1.3477900000000005,6.800773168834016
[Li]<-n1cn(-c2cccc(C#N)c2)c2ccccc21,2.8971800000000014,7.140337446785025
[Li]<-S=C(NC(=O)c1ccccc1C)N(CC)CC,2.3515200000000007,3.16782704664237
[Li]<-P(C)(Cc1ccccc1)C(=O)c1ccccc1,4.138700000000003,6.140276351762889
[Li]<-S=c1[nH]c(N)cn1Cc1ccc2ccsc2c1,3.390890000000001,1.8387783689363106
[Li]<-P(C(C)c1ccccc1)C(C)c1ccccc1,5.187300000000004,4.051921484844995
[Be]=C1CN(c2ccc(OC)c(C(C)C)c2)C(N)N1,1.5092899999999998,7.050349666815598
[Li]<-n1cc(-c2cc[n+]([O-])cc2)cc(C(F)(F)F)c1,2.4008000000000003,7.604689973726825
[Li]<-S=C1NC(C)NC(c2cc(C)cc(C)c2)=C1C,2.90064,1.963566617927102
[Li]<-P1(Cl)C(C)OC(c2ccccc2)C12C(C)C2C,4.764200000000004,8.122734413513578
[Li]<-p1c(C)cc(C(=O)OC)cc1-c1ccccc1,4.0287200000000025,3.6775567378726213
[Be]=C1NC(N)=CN1Cc1ccnc2ccccc12,1.39389,6.800773168834016
[Li]<-n1cnn2c1C=C(Cc1ccccc1)N(C)C2,1.7645999999999995,6.800773168834016
[Li]<-n1cnc(-c2ccnc(OC)n2)c2[nH]ccc21,1.4234999999999995,8.979115815721336
[Li]<-O=C1CC(c2ccccc2)=Cc2ccccc21,3.8136000000000014,5.641123355799723
[Be]=C1N(CCO)C=CN1CC(=O)c1ccccc1,0.9466900000000004,6.675984919843224
[Li]<-n1ccc(-c2cc(C(C)C)cc(C(C)C)c2)o1,4.588400000000004,6.845383784514992
[Li]<-n1ccn(-c2cc(C(C)C)cc(C(C)C)c2)c1,4.119100000000003,7.265125695775816
[Be]=C1NCCC1N(Cc1ccccc1)C(C)(C)C,2.687790000000001,8.764339786761118
[Li]<-n1cccc(C(C)N(N)Cc2ccccc2)c1,2.5185000000000004,7.604689973726825
[Li]<-S=c1[nH]c2ccccc2c(=O)n1CC(C)(C)C,3.105190000000001,1.8387783689363106
[Be]=C1NC23C=CC=CC2(CC(C)(C)NC3)N1CC,1.2832899999999998,6.800773168834016
[Li]<-S=c1[nH]c2ccccc2n1-c1ccc(C)cc1,3.9965100000000016,1.8387783689363106
[Li]<-n1ccc(CNc2cccc(C#N)c2)c(C)c1,2.873800000000001,9.443468342663136
[Li]<-n1cn(-c2cccc(-c3ccccc3)c2)cn1,2.9343000000000004,6.800773168834016
[Li]<-S=C(C=C(O)c1ccccc1)c1ccccc1,4.003700000000002,3.0430387976515787
[Li]<-N1=CN(C2c3ccccc3OC2C=C)CCC1,2.4087000000000005,7.389913944766607
[Li]<-n1cn(Cc2ccoc2)c(-c2ccncc2)n1,1.9814,6.800773168834016
[Li]<-NC1C2CCC1C(C)(NC1CCCCC1)C2P,2.2782,2.3379313648994757
[Li]<-n1c(C)n(-c2cncc(F)c2)c2ccccc21,2.8680200000000005,8.854327566730545
[Li]<-P(C(n1cccn1)n1cccn1)N1CCCC1,1.7733,3.5875689579031946
[Li]<-P(c1ccccc1)(c1ccccc1)C(C)C#N,3.0313800000000013,5.641123355799723
[Li]<-n1cccc(N=Nc2cccc(C(C)C)c2)c1,4.620400000000004,7.604689973726825
[Li]<-n1ccc(C)c(N=C(C)c2ccccc2O)c1,3.2363200000000023,7.604689973726825
[Li]<-N1=CC(c2ccc(OC)cc2)C(NC(C)=O)C1,1.3679,7.729478222717616
[Li]<-n1ccn(C(C)=Nc2ccc(C(C)C)cc2)c1,3.604700000000002,7.265125695775816
[Li]<-N1=CN(c2ccccc2)CC1c1ccccc1,3.276200000000002,9.103904064712127
[Be]=C(C)NC1(c2ccccc2)OCC(C)(C)CO1,2.5181900000000006,3.9619337048755683
[Li]<-p1(C(C)(C)C)p(-c2ccccc2)p1C(C)(C)C,7.145600000000006,12.10167460662058
[Li]<-n1cccc(-c2cncn2-c2ccccc2)c1,2.9343000000000004,7.604689973726825
[Li]<-N1CN=C2CC(c3ccccc3)C(OCC)=C21,2.4237,7.389913944766607
[Be]=C(NN=Cc1ccc2ccccc2c1)N(C)C,2.32119,8.299987259819318
[Li]<-P(C#CC)(c1ccccc1)c1cccc(C)c1,3.408520000000002,5.516335106808932
[Li]<-S1C2C=CC=CC2=C(C)CN1c1ccccc1,3.965900000000003,3.4627807089124034
[Be]=C1CN(c2ccc(C(C)C)c(C(C)C)c2)CO1,3.7662900000000032,6.630607755554774
[Li]<-S=C(NCc1ccccc1)Nc1cncnc1,1.9632,1.963566617927102
[Li]<-S=C(NN=C(C(=O)OC)c1ccco1)N(C)C,0.5927999999999995,1.8387783689363106
[Li]<-p1cc(C)c(-c2ccccc2)c(C(C)=O)c1C,4.753140000000004,3.8023449868634125
[Li]<-n1cccc(CNS(=O)c2ccccc2C)c1,2.20242,7.604689973726825
[Li]<-O=C(Nc1ccccc1OC)c1ccccc1,2.9475000000000007,5.301559077848714
[Li]<-N1=CCC(N=C(C)c2ccc(C(C)C)cc2)C1,3.462100000000002,7.729478222717616
[Li]<-n1cc(-n2ccnc2)ccc1-c1ccccc1,2.9343000000000004,9.318680093672345
[Li]<-S=C(NC1CCCCC1)NN(C(C)C)C(C)C,2.817000000000001,1.8387783689363106
[Be]=C1N(C)C(c2ccccc2F)=C2C=CC=CN12,2.8214900000000016,6.675984919843224
[Li]<-p1(-c2ccccc2)c(C#N)c(C)c(C)c1C#N,4.022600000000002,5.516335106808932
[Be]=C1N(C)C(c2cccc(Br)c2)=C2C=CC=CN12,3.4448900000000027,6.675984919843224
[Li]<-n1cccc(C(=O)Nc2cccc(C#N)c2)c1,2.2055799999999994,7.604689973726825
[Li]<-n1ccn(-c2cccc(C(N)=O)c2C(C)=O)c1,1.1738000000000002,7.265125695775816
[Li]<-N1CCNCCN(CCc2ccccc2)CC1,0.7239000000000007,4.301497982826578
[Li]<-O1CCOCCOCCOCCOCC1(C)C,0.8616000000000001,3.9271332358542037
[Li]<-O=C(NN=CC(=O)OC)Nc1ccccc1C,1.2753199999999998,4.961994799897705
[Li]<-P1(c2ccccc2)C(=C(C)C)C12CC(=O)CN2,2.3599999999999994,5.516335106808932
[Li]<-P(C)(N=C(C)N1CCOCC1)c1ccccc1,2.0892,5.551135575830297
[Li]<-N1=CN(CC(=O)NC(C)(C)C)C2C=CC=CC21,1.1082,9.103904064712127
[Li]<-n1cccc2c(N)c3cc(C)c(C)nc3cc21,2.9820400000000014,9.318680093672345
[Li]<-[O-]c1ccc(-c2[nH]c3ccccc3[s+]2)c(C)c1,3.559520000000002,1.8387783689363106
[Li]<-n1ccn(-c2ccc(C(C)C)c(C(C)=O)c2)c1,3.198300000000001,7.265125695775816
[Li]<-P1(Cl)C(C(=O)OC)C1(C)C(=O)c1ccccc1,2.818900000000001,8.122734413513578
[Be]=C1N(CC)c2cc(C(C)C)ccc2N1C(C)C,3.860990000000003,6.675984919843224
[Be]=C1N(CCO)CCCN1c1cc(C)cc(C)c1,1.80413,10.353541657715846
[Li]<-n1cccc2c(-c3cccc(Br)c3)cncc21,4.059300000000002,9.318680093672345
[Be]=C1N(C)C(c2ccc(F)cc2)=C2C=CC=CN12,2.8214900000000007,6.675984919843224
[Li]<-n1c(-c2ccccc2)[nH]c2c1NC(C)NC2=O,1.5779999999999998,7.0155491977942335
[Li]<-P(OC(=C)C)(OC(C)C(C)C)c1ccccc1,4.235100000000003,4.247299226366847
[Li]<-n1ccccc1C1NC(=O)Cc2ccccc21,1.8433,9.318680093672345
[Li]<-n1ccccc1C1CN(c2ccccc2)CO1,2.617000000000001,9.318680093672345
[Li]<-N(=Cc1ccccc1OC)Cc1ccc(C)s1,3.6842200000000025,7.729478222717616
[Li]<-n1cccc(Cc2cccc(C(F)(F)F)c2)c1,3.691200000000002,7.604689973726825
[Li]<-N(=Cc1ccccn1)c1ccc([N+](=O)[O-])cc1,2.740400000000001,9.318680093672345
[Li]<-S=CC(C)Nc1ccc(C(C)C)c(C(C)C)c1,4.733500000000004,1.963566617927102
[Li]<-n1cccc(-c2ccccc2OC(F)(F)F)c1,3.6472000000000016,7.604689973726825
[Li]<-P(NC(=C)C)(c1ccccc1)c1ccccc1,3.157500000000001,5.301559077848714
[Li]<-n1cn(-c2ccccc2)c2c1C(C)NC(=O)N2,2.0684,7.140337446785025
[Be]=C1OC(c2ccccc2)=CN1c1ccccc1,3.5180900000000017,6.3810312575731905
[Be]=C1NC=C(N)N1C(C)c1cc(C)c(C)c(C)c1,2.33195,6.800773168834016
[Li]<-n1cc(C)c(C)c(N2CC(C)(C)C(C)(C)C2)c1,3.5708400000000022,7.604689973726825
[Li]<-p1cc(-c2ccccc2)cc(C(C)(C)N)c1O,3.833100000000002,3.8023449868634125
[Li]<-n1c(-c2ccco2)n(CCO)c2ccccc21,2.2886,10.693105935666855
[Li]<-N1=C(c2cncc3ccccc23)OCC1(C)C,2.7902000000000013,10.522940522387612
[Li]<-n1cn(Cc2cccc(C=C)c2)c(C=C)c1C,3.525820000000002,8.979115815721336
[Li]<-S=C(CN(CC)CC)NN=Cc1ccccc1,2.2793,1.963566617927102
[Li]<-n1nc2ccccc2n1-c1cc(C)cc(C)c1,3.0373400000000013,8.514763288779536
[Li]<-P(=Cc1c(C)cc(C)cc1C)c1ccccc1,4.033860000000002,3.8023449868634125
[Li]<-n1cn(-c2cc(C(C)=O)cc(C(C)C)c2)cn1,2.5933,6.800773168834016
[Be]=C(C=C(C1=CCCC1)n1ccc(I)n1)OCC,3.514190000000003,5.1313936645694715
[Li]<-S=C(N)C(=C)c1cccc(-c2ccccc2)c1,3.6529000000000016,1.963566617927102
[Li]<-NC(C)(C(=O)c1ccccc1)c1ccsc1C,3.1133200000000008,2.0883548669178933
[Li]<-n1csc(-n2cnc3c(F)c(F)c(F)cc32)c1,2.8993,10.61495986560636
[Li]<-Nc1cccc(OS(=O)(=O)c2ccccc2)c1,2.0365,2.0883548669178933
[Li]<-n1ccc(C=C(N)c2ccc(OC)cc2)cc1,2.5470000000000006,7.604689973726825
[Li]<-P(O)(c1cccc(C(F)(F)OC)c1)C(C)(C)C,3.1953000000000014,5.00660541557868
[Li]<-P1(c2ccccc2)CN2CNCN(C1)C2(C)N,0.4770000000000014,5.516335106808932
[Li]<-n1cn(Cc2cccc(F)n2)c2ccccc21,2.6187000000000005,8.979115815721336
[Li]<-P(=Cc1cccc(OC)c1)c1cccc(Cl)c1,3.7706000000000026,3.8023449868634125
[Li]<-n1ccccc1C(O)(OC)c1ccc(C)cc1,2.22982,9.318680093672345
[Be]=C(Nc1cc(C)c(C)cc1C)c1ccccc1,4.110850000000003,8.979115815721336
[Li]<-NCc1ccncc1C(=O)Nc1ccccc1,1.7926000000000002,2.3379313648994757
[Be]=C1Cc2cc(C(C)C)c(C(C)C)cc2NC1N,3.2674900000000004,9.0139162847427
[Li]<-P1(N(C)C)Oc2ccccc2C(=O)N1C(C)=O,1.8562,4.202688610685871
[Be]=C(c1cccc(OC)c1)c1cccc(OC)c1,3.181490000000001,11.032670213617864
[Be]=C1N(CC(C)=O)c2ccccc2N1CC(C)=O,1.48729,6.800773168834016
[Be]=C1N(Cc2ccccc2)C=NN1CC(C)(C)N,1.4810899999999998,6.336420641892215
[Li]<-[Se](Cc1ccc(C)c(C)c1C)c1ccccc1,3.141560000000002,3.9271332358542037
[Be]=C1N(CC=C)C=CN1c1ccc(C(C)C)cc1,3.5854900000000027,6.675984919843224
[Li]<-NCc1ccc(S(=O)(=O)c2ccccc2)cc1,1.9781,2.3379313648994757
[Li]<-n1cc(C(Cl)OC)n(-c2cccc(OC)c2)c1,2.7647000000000004,7.265125695775816
[Li]<-n1cccc(-c2nnc(-c3cccnc3)s2)c1,2.662100000000001,7.604689973726825
[Li]<-S=C(Nc1ccccc1)N(C(C)C)C(C)(C)C,3.892300000000003,1.963566617927102
[Be]=C1NC2(CC3C=CC2O3)C(C)(C)CN1CCO,0.37249,6.800773168834016
[Li]<-S=c1[nH]c2c(C(C)=O)cccc2n1CC(C)=O,2.4904900000000003,1.8387783689363106
[Li]<-n1cccc2ccc(-c3ccc(C)cc3)nc21,3.605220000000002,8.979115815721336
[Li]<-P(Nc1ccc(C(C)C)c(C(C)C)c1)C(C)C,5.347200000000004,3.712357206893986
[Li]<-S=C(Nc1ccc(OC)cc1)c1ccccc1,3.482800000000001,1.963566617927102
[Be]=C1C=C(C)N(CC)N1c1cccc([N+](=O)[O-])c1,2.594290000000001,6.800773168834016
[Li]<-P12CCC(N1)C1CCCCC12N1CCCCC1,3.131200000000001,7.265125695775816
[Li]<-n1nc(C)n(CC(=O)Nc2ccc(Cl)cc2)n1,1.2736199999999995,6.336420641892215
[Li]<-N1=CN(C(C)c2ccccc2)CC(C(C)C)C1,3.3637000000000024,7.389913944766607
[Be]=C1N(CC=C)C=CN1Cc1ccccc1C#N,2.32937,6.800773168834016
[Li]<-P1(OC)OCC(C(=O)C2OCOC2C)C(C)O1,1.2417,3.737569535136596
[Be]=C1C([AsH2])N(c2c(C)cccc2C)CNC1(C)C,1.48963,10.478329906706637
[Be]=C1N(C)c2ccccc2N1c1ccccc1C,3.5792100000000024,6.675984919843224
[Li]<-P1(F)C2C(C)=C(C)C1C(c1ccncc1)=C2C,4.322300000000003,4.453291362267627
[Li]<-n1c(C)c(C)cn1Cc1ccncc1C(=O)O,1.6414399999999998,8.854327566730545
[Be]=C1N(CCC)C=CN1c1cc(C)c(C)c(C)c1,3.6113500000000025,6.675984919843224
[Li]<-n1ccc(N2C(=O)c3ccccc3C2=O)cc1,1.8822,7.604689973726825
[Be]=C1N(CC=C)C=CN1c1cc(C)cc(C)c1C,3.3873500000000023,6.800773168834016
[Li]<-N#CC1CSCCSC=CSCC(C#N)SC1,3.4359600000000023,1.8387783689363106
[Li]<-P1(c2ccc(C)c(C)c2C)NC(N)C(N)N1S,0.8686600000000007,6.925561417824807
[Li]<-Nc1c(-c2ccc(N)cc2)cccc1C(C)C,3.641400000000001,2.0883548669178933
[Li]<-N1=CC=C(C)N(Cc2ccccc2)C1(N)CC,2.4993000000000007,10.603118155697429
[Li]<-N1=CN(C(C)C)C(c2ccnc(C(=O)O)c2)C1,1.5732,7.389913944766607
[Be]=C(C=C(c1ccccc1)n1cccn1)N(C)C,2.3726900000000004,7.140337446785025
[Li]<-n1ccccc1-c1nnc(-c2ccccn2)o1,2.193599999999999,9.318680093672345
[Li]<-n1cccc(N=Cc2ccccc2C(C)C)c1,3.955600000000003,7.604689973726825
[Be]=C1N(CC)c2ccccc2N1c1ccccc1,3.660890000000002,6.675984919843224
[Li]<-n1c(C)cc(-c2ccccc2)c2ccccc21,4.210220000000002,11.032670213617864
[Be]=C1CN(c2c(C)cccc2C)CNCC1(C)N,1.46923,10.852694653679011
[Li]<-N=C(OC)C(C)(c1ccccc1)c1ccco1,3.209270000000002,5.00660541557868
